date,GMM_Regime_0,GMM_Regime_1,GMM_Regime_2,GMM_Regime_3,GMM_Regime_4,GMM_Regime_5
1959-12-01,0.0,1.506535521661129e-113,4.693929802131191e-41,1.0,0.0,4.063112645953415e-80
1960-01-01,0.0,1.3168487854013186e-111,5.566692990617269e-41,1.0,0.0,5.624492932636476e-76
1960-02-01,0.0,2.8525152962335534e-55,4.1204248295722127e-23,1.0,0.0,1.2350618782214086e-48
1960-03-01,0.0,3.0307456527939995e-275,3.436321381453306e-90,1.1499390335363193e-53,1.0,0.0
1960-04-01,0.0,1.436862812926327e-221,0.9999999904224097,9.577589497788926e-09,0.0,3.754500399546368e-171
1960-05-01,0.0,2.998142002125357e-99,5.993284691126982e-41,4.3765721726476045e-16,0.0,1.0
1960-06-01,0.0,1.5945180546214622e-69,1.3776180340625948e-20,2.8410087811477123e-17,1.0,2.4001137449203816e-27
1960-07-01,0.0,2.1334904606301202e-69,2.006640708724939e-12,0.9999999999979963,0.0,3.637024896403662e-32
1960-08-01,0.0,5.505508813028369e-57,1.4778577272280153e-22,1.0,0.0,1.7471725121600121e-16
1960-09-01,0.0,3.7420554295693417e-62,4.3669472253343586e-29,6.947316839188229e-22,1.0,2.516466799063139e-37
1960-10-01,0.0,4.401506850334215e-83,8.850927319332985e-44,3.266151346860269e-25,1.0,1.6769542381069212e-59
1960-11-01,0.0,9.452412165628259e-145,2.248756782383275e-33,1.1261254098150753e-28,1.0,2.2962533490026488e-51
1960-12-01,0.0,7.959609242115974e-149,1.0104988594175701e-56,2.440418854434293e-53,1.0,4.028092654049792e-73
1961-01-01,0.0,5.824318456150425e-107,7.423395429151603e-58,3.3513568080852285e-33,1.0,4.4236736841644264e-61
1961-02-01,0.0,9.075536987361802e-39,3.089059204021899e-28,2.1397008047897652e-23,1.0,5.292335374150884e-46
1961-03-01,0.0,3.9293085727404165e-61,5.677843807379834e-16,1.0,0.0,4.7632244575185393e-39
1961-04-01,0.0,6.533350266167811e-69,3.1002911930006573e-26,1.0,0.0,4.4531346956727875e-59
1961-05-01,0.0,8.751426864681015e-65,2.168059313611954e-23,1.0,0.0,7.681331894936274e-23
1961-06-01,0.0,1.3178256427298283e-62,1.2231171570265361e-18,1.0,0.0,2.0432520487135418e-20
1961-07-01,0.0,5.476066548352642e-57,3.010065529911489e-22,1.0,0.0,4.2131028137148145e-43
1961-08-01,0.0,2.0218801565924693e-53,8.06602952392079e-19,1.0,0.0,4.078656793787169e-33
1961-09-01,0.0,7.283534030412187e-58,6.087789484884083e-24,1.0,0.0,1.764721439091764e-52
1961-10-01,0.0,1.7166660612884774e-132,7.679976818806651e-20,1.0,0.0,6.520716740916741e-40
1961-11-01,0.0,2.751152647091621e-45,5.944641588930435e-19,1.0,0.0,1.2042715615234641e-21
1961-12-01,0.0,2.022409441199844e-57,2.2460806055506023e-15,1.0,0.0,2.663261852290894e-19
1962-01-01,0.0,5.299202647826625e-35,4.5044597944821357e-10,0.9999999995495514,0.0,8.529643235679455e-16
1962-02-01,0.0,2.984654035577915e-134,3.183444357256334e-27,1.0,0.0,1.3271334608083547e-82
1962-03-01,0.0,1.1160385097293444e-63,2.6169939708084196e-25,1.0,0.0,2.90623586609806e-104
1962-04-01,0.0,1.872786409899805e-79,3.9274971629473726e-20,1.0,0.0,1.6380103293071572e-28
1962-05-01,0.0,1.0305611105824347e-36,6.507991789259873e-09,0.9999999934920041,0.0,1.2161324346731178e-15
1962-06-01,0.0,2.820557516779917e-55,1.6624813588212072e-23,1.0,0.0,2.647263348439212e-40
1962-07-01,0.0,3.672696302426317e-74,2.873013056329344e-20,1.0,0.0,4.457750245260192e-44
1962-08-01,0.0,7.961621831037622e-48,1.7088758491993238e-14,0.9999999999999858,0.0,7.701703551431555e-20
1962-09-01,0.0,2.4963896366455595e-16,5.358435531723773e-06,0.9999946415644665,0.0,1.5766118268493448e-16
1962-10-01,0.0,1.793986062642548e-27,2.0559694006891365e-07,8.734198088102853e-05,0.0,0.9999124524221815
1962-11-01,0.0,8.5114385738941e-36,6.298942783945879e-12,0.9999999999937046,0.0,4.770996560984238e-23
1962-12-01,0.0,8.386802589309975e-41,2.5084746350584685e-10,0.003283756717059649,0.0,0.9967162430320909
1963-01-01,0.0,6.3028488177941805e-37,1.1699095303735802e-20,1.0,0.0,1.6563361539667043e-42
1963-02-01,0.0,1.3473958714831715e-63,5.684863252103927e-16,1.0,0.0,1.8334149149059933e-21
1963-03-01,0.0,5.1024670566932776e-23,1.470325365015539e-07,0.9999998529674664,0.0,4.0945787375465294e-16
1963-04-01,0.0,1.3699178221171677e-69,2.540886630358458e-20,1.0,0.0,1.4884611388937894e-37
1963-05-01,0.0,8.088066737068797e-46,3.1857136081886303e-18,1.0,0.0,2.9944632621931326e-22
1963-06-01,0.0,4.549256109704988e-44,5.671564042920962e-13,0.9999999999994316,0.0,1.830994427678889e-19
1963-07-01,0.0,2.569410856807155e-36,9.514006874505318e-09,0.9999999904859891,0.0,1.3902379319228716e-15
1963-08-01,0.0,9.94817312471503e-43,3.082473766579144e-17,1.0,0.0,1.907481394690931e-22
1963-09-01,0.0,1.4728294802592887e-49,8.479242182044308e-17,1.0,0.0,1.0098398161081739e-22
1963-10-01,0.0,3.533790488789254e-20,5.698602945163293e-11,0.9999999999430145,0.0,2.8031375276688243e-25
1963-11-01,0.0,5.06097282186181e-60,5.14547725464191e-06,0.9999948545227474,0.0,4.1055808465827015e-22
1963-12-01,0.0,1.1291683373690665e-38,3.382125107220685e-15,1.0,0.0,1.0010110019859033e-43
1964-01-01,0.0,9.231667119930736e-75,6.9228943770290614e-15,1.0,0.0,1.409278662500628e-22
1964-02-01,0.0,1.3661488526919668e-103,2.5772062882959207e-22,1.0,0.0,1.907903611587492e-57
1964-03-01,0.0,1.5766925082576005e-26,1.1127783362023859e-09,0.999999998887219,0.0,1.1178478377112384e-27
1964-04-01,0.0,3.210590518259142e-48,2.1117691791973468e-15,1.0,0.0,3.4319728669855384e-26
1964-05-01,0.0,6.716077190459447e-24,7.973446977500109e-10,0.9999999992026574,0.0,7.934063975477022e-20
1964-06-01,0.0,3.5303053956218436e-55,1.388727737937933e-15,1.0,0.0,1.3562202640236525e-38
1964-07-01,0.0,7.37755294492082e-26,1.774304339570005e-08,0.9999999822569593,0.0,3.9019812418153473e-16
1964-08-01,0.0,2.886646859288247e-56,1.5644720058861536e-16,1.0,0.0,2.1540628135420924e-29
1964-09-01,0.0,1.1267044196990056e-50,1.5456548581311846e-13,0.9999999999899885,0.0,9.854208179996788e-12
1964-10-01,0.0,2.42214425160552e-222,3.636451456982432e-74,1.2172051548984578e-31,1.0,1.8751377138044989e-103
1964-11-01,0.0,8.394699991921055e-259,2.894605146949515e-51,1.0,0.0,8.952978479308985e-111
1964-12-01,0.0,1.8541058596853433e-48,6.253681075016036e-13,0.9999999999993747,0.0,1.8117207296411854e-33
1965-01-01,0.0,4.0449422995430975e-15,9.088875054391364e-19,0.9999999999999929,0.0,7.61246400371129e-29
1965-02-01,0.0,3.7111264432779174e-56,1.8674041991299305e-19,1.0,0.0,2.228922716018422e-88
1965-03-01,0.0,3.789196867205847e-31,7.92924561684577e-10,0.9999999992070769,0.0,1.69253763932413e-29
1965-04-01,0.0,4.064600871659511e-40,3.45459670570992e-11,0.9999999999654534,0.0,3.038276227320956e-40
1965-05-01,0.0,1.8327584259557813e-55,1.8946490678640755e-11,0.9999999999810569,0.0,5.59976316832394e-65
1965-06-01,0.0,4.013042501603586e-31,1.0131794942569527e-09,0.9999999989868229,0.0,2.915937230489382e-18
1965-07-01,0.0,3.7422262149314e-61,1.9134937164279105e-23,1.0,0.0,1.177920147081782e-35
1965-08-01,0.0,2.670909279558729e-63,1.923285040047362e-25,1.0,0.0,9.563089083965038e-44
1965-09-01,0.0,8.652880361669596e-63,6.256725934587994e-14,0.999999999999936,0.0,1.0208857239092154e-31
1965-10-01,0.0,5.66484363180806e-53,2.149240058103429e-16,1.0,0.0,5.1244691254670534e-36
1965-11-01,0.0,3.433558782553078e-21,9.092147556796926e-11,0.999999999909079,0.0,1.3378958246224226e-24
1965-12-01,0.0,1.9739406097356437e-42,9.093975696029207e-13,0.9999999999990905,0.0,1.317452417136884e-21
1966-01-01,0.0,3.3616184325249686e-20,1.0747293673757161e-17,1.0,0.0,6.41037285894679e-34
1966-02-01,0.0,3.113763214761105e-21,1.2356190938158882e-16,1.0,0.0,1.4658808810611174e-56
1966-03-01,0.0,3.12585417424047e-39,5.306486511634143e-29,1.0,0.0,7.538331659469067e-53
1966-04-01,0.0,5.027036048751924e-36,4.90911271180074e-34,1.0,0.0,4.52076110222052e-31
1966-05-01,0.0,6.385131836637129e-38,1.6621674438291894e-42,1.4663918360698749e-08,0.0,0.9999999853360819
1966-06-01,0.0,4.69251097665191e-45,2.6476348403310927e-17,1.0,0.0,1.3197313727790473e-36
1966-07-01,0.0,1.1328638054911036e-38,1.323141637596352e-14,0.9999999999999858,0.0,2.920740316641767e-29
1966-08-01,0.0,0.9999756940668263,8.494328654615514e-18,2.4305933170421963e-05,0.0,4.04169911105739e-23
1966-09-01,0.0,1.284175732111761e-44,2.0862621438289516e-17,1.0,0.0,3.0868648612313666e-35
1966-10-01,0.0,0.9999723253920101,2.3828293319614545e-10,2.767436970413559e-05,0.0,1.8094943189172197e-19
1966-11-01,0.0,1.0378661437222163e-40,3.43699100836034e-11,0.999999999965631,0.0,6.739712243918696e-25
1966-12-01,0.0,1.7026893532044583e-27,6.6168641664683636e-12,0.9999999999933848,0.0,3.8504727307713723e-20
1967-01-01,0.0,0.9999991526035823,1.6659622215681452e-22,8.473964247637777e-07,0.0,8.63870355354094e-42
1967-02-01,0.0,6.72594848814609e-55,1.7458460381422866e-25,6.649265023113518e-18,1.0,1.3801888903006117e-29
1967-03-01,0.0,4.269734695988428e-43,4.597314234346967e-14,0.9999999999999574,0.0,3.4416136180703485e-28
1967-04-01,0.0,3.740081934406604e-18,6.864766928214143e-11,0.9999999999313545,0.0,5.407127483948048e-28
1967-05-01,0.0,1.3965479406328121e-33,0.9997139159667752,0.00028608403270876417,0.0,5.175940116360979e-13
1967-06-01,0.0,6.2868848205861845e-37,2.716327923881683e-10,0.9999999997283666,0.0,5.621445518696339e-38
1967-07-01,0.0,4.264455573308977e-72,1.5420675290004832e-12,0.9999999999984581,0.0,7.863728062409913e-21
1967-08-01,0.0,1.3950972110435504e-54,2.2463448511394978e-17,1.0,0.0,9.442791924046347e-28
1967-09-01,0.0,3.968624256646131e-53,2.5999354944659914e-11,0.9999999999740012,0.0,2.462437450078405e-27
1967-10-01,0.0,4.9210088950151397e-20,1.046920430232748e-09,0.9999999989480273,0.0,5.054212219488867e-12
1967-11-01,0.0,7.150032233047571e-59,5.7256172694823746e-15,0.9999999999999929,0.0,2.1585814499077594e-27
1967-12-01,0.0,5.722930273631064e-59,5.1570235290955324e-09,0.9999999948429732,0.0,2.484425058657302e-37
1968-01-01,0.0,4.95694449820942e-94,1.1335010272737792e-29,1.0,0.0,1.8164395388540985e-121
1968-02-01,0.0,2.77739216201686e-109,3.3368376078605345e-27,1.0,0.0,1.1003814641212078e-185
1968-03-01,0.0,5.342894785848331e-29,3.6215744576666223e-06,0.9999963784255423,0.0,7.238675921325925e-45
1968-04-01,0.0,1.1884104295638417e-55,1.1071715005733745e-10,0.9999999998892832,0.0,4.517446439861976e-22
1968-05-01,0.0,1.6612939222618038e-37,2.3571638275588632e-12,0.999999999997641,0.0,5.114058224577452e-28
1968-06-01,0.0,2.6985135990187635e-42,4.3912760557482333e-07,0.9999995608723933,0.0,9.174273219452776e-20
1968-07-01,0.0,2.196057583993922e-43,1.787864743424938e-09,0.9999999982121324,0.0,1.108960327880836e-50
1968-08-01,0.0,4.336082736181413e-40,6.688511960436703e-06,0.9999933114880409,0.0,2.3367315034722315e-22
1968-09-01,0.0,3.97458847568594e-31,4.6912103614346396e-06,0.9999953087896404,0.0,8.917324412617218e-20
1968-10-01,0.0,3.0194531823259206e-44,1.8427744602006454e-43,1.0,0.0,2.5003663695799904e-25
1968-11-01,0.0,9.61021089968653e-41,4.76028979481265e-56,1.0,0.0,3.2461323880605556e-32
1968-12-01,0.0,4.948929618302107e-32,1.0926761468682605e-16,1.0,0.0,2.5460076992688134e-26
1969-01-01,0.0,3.234581959744358e-28,5.829701426240678e-14,0.9999999999999432,0.0,1.908415891782686e-35
1969-02-01,0.0,5.4949456646970416e-64,8.31338117709172e-21,1.0,0.0,1.0035428882379425e-38
1969-03-01,0.0,2.2867297879176165e-26,1.0298463451613635e-06,0.9999989701536522,0.0,9.104452617697813e-23
1969-04-01,0.0,1.1900380319356467e-28,9.386201983022658e-10,9.51358240679129e-05,0.0,0.9999048632373129
1969-05-01,0.0,1.4560290378868075e-21,1.2174086345576672e-06,0.9999987825913571,0.0,9.393968579389452e-15
1969-06-01,0.0,4.0069973464859157e-41,2.7214641672008914e-14,1.160047926474583e-11,0.0,0.9999999999883755
1969-07-01,0.0,3.0638124778614916e-24,0.9999660089458495,3.39910169452817e-05,0.0,3.720600996172495e-11
1969-08-01,0.0,2.8797371315067214e-37,8.063431209976452e-07,0.999998187771184,0.0,1.005885697462268e-06
1969-09-01,0.0,1.015186635106077e-37,0.9990558762072775,0.0009441237927200238,0.0,3.9327692136294575e-17
1969-10-01,0.0,8.251888980029076e-38,1.0894910623062595e-21,1.0,0.0,1.0792354474527335e-59
1969-11-01,0.0,6.2737328733774e-52,2.4296501650454707e-13,0.9999999999997584,0.0,1.742163963437196e-39
1969-12-01,0.0,4.850995827688717e-12,0.991118984509344,0.008881015485772624,0.0,3.017032049240309e-14
1970-01-01,0.0,2.6833747701301165e-111,4.181727910245412e-32,1.0180848807274136e-27,1.0,1.449671323283723e-42
1970-02-01,0.0,4.596378994000359e-44,0.9999999999956941,4.30810223077323e-12,0.0,1.7248440974803338e-39
1970-03-01,0.0,7.625752075734226e-45,0.9999999929003991,7.09960067515653e-09,0.0,1.3579899728217741e-36
1970-04-01,0.0,1.19797493770226e-61,0.9997325436429225,0.0002674563570713316,0.0,6.006283747847331e-66
1970-05-01,0.0,1.3864655754241809e-115,3.039668566517259e-13,4.887063775782673e-22,0.0,0.9999999999997016
1970-06-01,0.0,1.0274005442017908e-14,0.013089867019210322,0.9869091184831282,0.0,1.014497654420645e-06
1970-07-01,0.0,4.447723282977538e-28,0.0009701029354117016,0.9990298953274135,0.0,1.7371720005656457e-09
1970-08-01,0.0,2.357901138787437e-23,1.0547023306178646e-05,5.765849790122792e-07,0.0,0.9999888763917122
1970-09-01,0.0,3.5321927410591893e-41,5.937617540603307e-07,0.9999994062382442,0.0,2.9761779259725727e-28
1970-10-01,0.0,1.1349558313480622e-303,1.8084630453995268e-73,8.975804710870442e-36,1.0,8.522077868954359e-119
1970-11-01,0.0,3.1391708039871655e-30,0.9999305279348872,6.947206511177673e-05,0.0,1.5577573833954288e-23
1970-12-01,0.0,6.077593628407406e-225,9.423984917752587e-60,1.0,0.0,9.539793794440676e-120
1971-01-01,0.0,2.473468900786247e-62,0.00014094428074500523,0.9998590557192549,0.0,7.912439513956244e-22
1971-02-01,0.0,3.1884246995841174e-47,0.9995371843248015,0.0004626369610136206,0.0,1.7871418212216734e-07
1971-03-01,0.0,8.508355298327529e-39,0.012194549652910707,0.9878054503445982,0.0,2.4891709995810227e-12
1971-04-01,0.0,3.6921304578902943e-63,8.749824527902898e-08,0.9999999125017534,0.0,5.127431065773955e-17
1971-05-01,0.0,2.3950663499628504e-65,2.6787203314206103e-11,0.9999999999732125,0.0,9.801620523173255e-41
1971-06-01,0.0,1.6244765129396185e-94,2.4527720977362708e-18,1.0,0.0,6.488682934637505e-47
1971-07-01,0.0,3.4468945248778856e-112,9.555469221828295e-19,3.969458735106827e-06,0.0,0.9999960305412599
1971-08-01,0.0,5.691129117106445e-81,6.009782116540505e-20,1.0,0.0,2.7878999394272964e-23
1971-09-01,0.0,8.558569474637754e-63,1.9682709152765292e-10,0.9999999998031726,0.0,1.9083338818853835e-17
1971-10-01,0.0,5.978296397452769e-103,2.3481893442740574e-101,1.0,0.0,2.3592967509872936e-40
1971-11-01,0.0,1.5835197425175447e-46,1.3464139346109242e-13,0.999999999999865,0.0,6.342479538064278e-17
1971-12-01,0.0,2.7842140773901e-81,3.0178888215717693e-93,1.0,0.0,1.0729004509880745e-101
1972-01-01,0.0,7.533644218048373e-72,8.194464412511738e-13,0.9999999999991758,0.0,8.270829804172078e-42
1972-02-01,0.0,4.3577306436917994e-45,8.521146749742754e-05,0.9999147885321952,0.0,3.0428242923237924e-13
1972-03-01,0.0,2.2367839878200435e-70,6.128125876286326e-10,0.9999999993871782,0.0,7.835319377609688e-15
1972-04-01,0.0,1.2077894373406062e-47,0.004622122296216288,0.9953778777037835,0.0,4.533524710694506e-16
1972-05-01,0.0,9.869593465242014e-36,2.310701378264649e-06,0.9999976225719233,0.0,6.672669573854251e-08
1972-06-01,0.0,4.758059299294908e-31,0.004053775409116501,0.9959462245908854,0.0,5.239745027761248e-18
1972-07-01,0.0,2.1268798011631747e-34,0.9881984957102358,0.01180144105691116,0.0,6.323285300666075e-08
1972-08-01,0.0,1.091087331454751e-84,2.596758016740131e-18,0.9999999999999716,0.0,2.5774006055806944e-14
1972-09-01,0.0,7.630284839786072e-39,0.9999735624561101,2.643754230789754e-05,0.0,1.5784358050854223e-12
1972-10-01,0.0,9.357256648280618e-80,1.2605558691331574e-16,1.0,0.0,5.582918502348018e-28
1972-11-01,0.0,2.4651731971482955e-56,3.192816621256248e-11,0.9999999999680753,0.0,5.119805312096977e-50
1972-12-01,0.0,1.8846896120255677e-87,4.5494806301133485e-11,0.999999999954504,0.0,8.665835756467572e-35
1973-01-01,0.0,3.856897219486976e-99,8.216458910735889e-13,0.9999999999991758,0.0,6.10680362690268e-40
1973-02-01,0.0,8.110989301571407e-79,3.622364975719392e-10,0.9999999996377653,0.0,3.3509254295767012e-77
1973-03-01,0.0,6.415486084241926e-31,0.00014954481659118342,0.9998504551834062,0.0,2.3128609017485454e-16
1973-04-01,0.0,3.496698967454076e-27,0.002336682913181157,1.453837588879177e-09,0.0,0.9976633156329819
1973-05-01,0.0,1.747937226950314e-59,0.00045456820803795,0.9995454317911148,0.0,8.486647285605425e-13
1973-06-01,0.0,5.355302409442888e-37,8.717275650428251e-05,0.999912827243495,0.0,1.0300203620736941e-15
1973-07-01,0.0,3.013937041686024e-39,3.614783857533673e-08,4.0387444859039855e-22,0.0,0.9999999638521622
1973-08-01,1.0,0.0,0.0,0.0,0.0,0.0
1973-09-01,0.0,7.563452353449896e-168,7.280901360569683e-36,7.975938565662015e-82,0.0,1.0
1973-10-01,0.0,1.6934463758294797e-96,2.49203774641135e-13,0.9999999999997442,0.0,5.517355105275494e-48
1973-11-01,0.0,2.0945171525308487e-57,5.22225833299397e-21,1.0,0.0,3.967545166652807e-53
1973-12-01,0.0,4.658174209880708e-41,0.99999999999946,5.350714208305559e-13,0.0,4.985455845931342e-22
1974-01-01,0.0,9.781844705442084e-122,1.0,5.628782801244735e-218,0.0,1.383063081444013e-124
1974-02-01,0.0,6.227433373964564e-98,1.0,7.135813407880566e-205,0.0,1.0805485819604352e-82
1974-03-01,0.0,7.481757397315834e-65,0.9999999999975273,2.466788374022847e-12,0.0,2.3207662709864975e-17
1974-04-01,0.0,1.2613064897751761e-55,9.355074360471437e-18,5.679107465731645e-19,0.0,1.0
1974-05-01,0.0,9.805199572467927e-58,0.9999998624056398,1.3759436221118283e-07,0.0,7.733251595191562e-72
1974-06-01,0.0,7.797967251356529e-99,3.0405384196688174e-08,6.277571448763498e-12,0.0,0.9999999695883379
1974-07-01,0.0,3.144566217572396e-84,1.0,3.957503799431812e-19,0.0,4.4088380068089103e-16
1974-08-01,0.0,4.9735783221103095e-40,1.0,8.24958928256166e-21,0.0,1.2427478193146503e-53
1974-09-01,0.0,4.3993652747882546e-80,1.7347618689889727e-21,1.3520897922140806e-39,0.0,1.0
1974-10-01,0.0,1.554251936456476e-82,3.777323647437588e-33,8.997603646931998e-44,1.0,2.7842483677588386e-62
1974-11-01,0.0,4.253673367575683e-256,1.554179569194115e-46,2.672617636491303e-44,1.0,1.888189967369042e-71
1974-12-01,1.0,0.0,0.0,0.0,0.0,0.0
1975-01-01,0.0,8.553248776684271e-207,1.4603165672930825e-74,1.9067781579097315e-49,1.0,2.048722714519626e-59
1975-02-01,0.0,2.467181072612073e-240,3.484252116418984e-60,1.1470328288276753e-54,1.0,5.406428870074724e-75
1975-03-01,0.0,8.414121107331078e-125,1.0421981123015416e-40,3.4989029142903616e-38,1.0,4.215640598040937e-34
1975-04-01,0.0,1.1701356134917178e-63,9.625198188276007e-30,3.9381987100945953e-28,1.0,1.2648874954472874e-83
1975-05-01,0.0,3.037853595053613e-79,1.6767754178464335e-36,1.966044153710256e-30,1.0,1.018153389995489e-60
1975-06-01,0.0,1.0454829350947427e-88,0.9999999999929656,7.037068363482837e-12,0.0,5.027211273279095e-48
1975-07-01,0.0,1.2977382026768827e-68,8.407834694533552e-20,1.0,0.0,1.1732189845075745e-30
1975-08-01,0.0,3.1590395857822783e-100,4.464528325028051e-19,1.773656853287679e-09,0.0,0.9999999982263432
1975-09-01,0.0,1.721502716345501e-37,1.4501812654497675e-10,0.9999999998549853,0.0,2.6769423852187873e-19
1975-10-01,0.0,1.2079409552713158e-36,1.263787324925944e-10,0.9999999998736229,0.0,1.0852242383676565e-18
1975-11-01,0.0,8.488666047829585e-31,6.467038073508141e-12,0.9999999999935341,0.0,7.095469820020017e-33
1975-12-01,0.0,1.0196638211788352e-60,4.033381527353208e-25,1.0,0.0,7.460918801830442e-36
1976-01-01,0.0,4.462757909188199e-121,8.428646266608433e-19,1.0,0.0,4.706397511875479e-24
1976-02-01,0.0,1.5354492755522084e-54,1.255992672085397e-07,0.9999998742650867,0.0,1.3564672501804537e-10
1976-03-01,0.0,7.741066157129808e-24,8.927071382965274e-10,0.9999998522426206,0.0,1.4686466921099255e-07
1976-04-01,0.0,3.005104048097364e-57,3.0789043585289816e-12,0.9999999999969233,0.0,4.828088970344682e-47
1976-05-01,0.0,2.4609296905955764e-42,0.9999980245276462,1.9754723529351664e-06,0.0,4.735908073753824e-25
1976-06-01,0.0,1.2530555226125137e-45,2.2520481308986945e-07,0.9999997747951892,0.0,2.6054635920605698e-18
1976-07-01,0.0,1.0281191278912066e-19,1.8032651935142754e-06,0.9999981967348065,0.0,1.5065356204090968e-18
1976-08-01,0.0,2.737341507921371e-32,1.2070885479280468e-10,0.9999999998792788,0.0,1.3280588587181513e-14
1976-09-01,0.0,8.81915753549655e-37,2.4036956551944405e-23,1.0,0.0,6.048645688885286e-35
1976-10-01,0.0,1.211745080663816e-52,0.9999984785443693,1.5211908076524237e-06,0.0,2.648245858461762e-10
1976-11-01,0.0,6.062153709436137e-82,1.6173136478745377e-31,1.0,0.0,1.5773128375687547e-31
1976-12-01,0.0,9.358883673704207e-32,1.0114318221448023e-10,0.9999999998988542,0.0,1.5716838015804414e-35
1977-01-01,0.0,2.2292548407399664e-158,1.0,1.994462867872908e-59,0.0,1.700671418449151e-197
1977-02-01,0.0,2.5713956484210093e-153,2.153503382790337e-31,1.0,0.0,5.2228580843689646e-180
1977-03-01,0.0,3.658426336271434e-80,6.969302094582373e-21,1.0,0.0,6.294830078391074e-29
1977-04-01,0.0,2.4585732713266915e-56,0.00020911432325516574,0.9997908856764384,0.0,3.049150514337452e-13
1977-05-01,0.0,9.602462797662178e-39,8.928325559858982e-07,0.9997594703319019,0.0,0.00023963683554415027
1977-06-01,0.0,4.234204057389764e-30,1.7782572556971316e-08,0.9999999822174247,0.0,8.874310947295836e-29
1977-07-01,0.0,9.28707523123746e-36,8.716926736807644e-11,0.9999999999127951,0.0,3.244334191616501e-14
1977-08-01,0.0,2.3171360530555196e-31,5.8959993794359694e-05,0.9989570407727206,0.0,0.0009839992334872041
1977-09-01,0.0,3.463049845715123e-30,4.709801828407123e-14,0.9999999999999503,0.0,1.0832919864262646e-26
1977-10-01,0.0,1.1098861180005844e-23,0.00039779929434380774,0.9996022007056535,0.0,5.634408125684244e-18
1977-11-01,0.0,5.059599037238629e-32,6.2668090222416905e-06,0.9999937331909805,0.0,1.1629816932333705e-17
1977-12-01,0.0,2.1292452520483514e-152,6.499270265814068e-290,1.0,0.0,3.991958225935617e-79
1978-01-01,0.0,4.592577775272196e-74,1.0,1.3080537307572148e-23,0.0,2.1277750328518067e-45
1978-02-01,0.0,3.6608303834030024e-60,3.3099559891554015e-13,0.9999999999996732,0.0,1.7524419865512622e-36
1978-03-01,0.0,1.0044492317868667e-63,1.0467145743322612e-10,0.9999999998953228,0.0,9.405327201701657e-27
1978-04-01,0.0,4.228844492546146e-126,6.318363682132697e-258,1.0,0.0,3.3469846970063452e-158
1978-05-01,0.0,2.14493311010894e-68,0.0002530462405253695,0.9997469537594756,0.0,1.3114541032769564e-16
1978-06-01,0.0,2.64007624681954e-52,9.539415992493791e-08,0.9999999045948061,0.0,1.1033974901868362e-11
1978-07-01,0.0,2.713053501371214e-15,0.0016754478912933014,0.9983245521087051,0.0,2.3937495575463974e-17
1978-08-01,0.0,6.75933992683926e-45,0.9999997106385542,2.893614447390861e-07,0.0,1.2116007086006448e-15
1978-09-01,0.0,2.881290007729864e-35,9.458823710104382e-06,0.9999905411762874,0.0,3.773866593929054e-20
1978-10-01,0.0,1.9039069459739942e-35,0.018200285212979134,0.981799714756039,0.0,3.098051760145167e-11
1978-11-01,0.0,3.672589506857161e-59,8.040502256176784e-06,0.9999919594938997,0.0,3.846977959056411e-12
1978-12-01,0.0,1.614063614435096e-39,6.762548457026745e-05,0.9990912317444617,0.0,0.0008411427709712039
1979-01-01,0.0,5.5899729094136486e-49,0.9999999993090825,6.909130102126555e-10,0.0,5.91765636384951e-28
1979-02-01,0.0,5.956009786058477e-36,0.9999999999997016,2.9674273496462596e-13,0.0,5.610389507306935e-28
1979-03-01,0.0,6.310217618445974e-64,1.7706009305992284e-13,0.9999999999998295,0.0,1.560390521966639e-35
1979-04-01,0.0,4.7091184289713125e-76,0.9999999999993605,6.366631887663744e-13,0.0,6.616481183109374e-71
1979-05-01,0.0,4.6470600178693314e-98,1.0338455630906005e-08,0.9999999896615464,0.0,4.688721096278472e-72
1979-06-01,0.0,3.548159185132013e-45,0.9999991634280736,8.365719269548714e-07,0.0,4.805835168813396e-23
1979-07-01,0.0,5.9179463817129516e-24,0.0036921263618921443,0.9963078678360323,0.0,5.802075591356389e-09
1979-08-01,0.0,2.142639384288829e-40,0.9999999307437146,6.925628787115601e-08,0.0,1.6535250979483224e-30
1979-09-01,0.0,2.102479355433387e-37,2.7836343551674843e-05,0.9964505863029559,0.0,0.0035215773534915443
1979-10-01,0.0,4.638636049330112e-25,0.9999999496388637,5.0361137514691336e-08,0.0,9.566188457778142e-17
1979-11-01,0.0,8.064605324616727e-28,0.9999995522477797,4.4775221771336524e-07,0.0,1.9136993271774388e-19
1979-12-01,0.0,5.087576146420915e-12,0.9951779027382553,0.004821888476206207,0.0,2.08780454061922e-07
1980-01-01,0.0,1.4171438350912814e-32,0.999999999478419,5.215836853220729e-10,0.0,4.013353387694262e-37
1980-02-01,0.0,2.597291512501634e-54,1.0,2.460837995231765e-21,0.0,2.341090553470323e-69
1980-03-01,0.0,1.7661726278114118e-44,1.0,1.7536044454624456e-26,0.0,5.1533241807116296e-58
1980-04-01,0.0,1.871672298803998e-155,1.248412633583683e-44,8.975609388715629e-53,1.0,1.936101482879842e-104
1980-05-01,0.0,1.5251665520963374e-89,9.54141072541453e-41,1.1163343044006163e-45,1.0,4.3181048299493397e-94
1980-06-01,0.0,1.4626596257975377e-71,1.8997123763373786e-38,2.5043802617204752e-39,1.0,7.968214612652634e-66
1980-07-01,0.0,1.6330591003682122e-300,1.825326681943198e-103,3.6784251926825184e-75,1.0,2.567668879928337e-209
1980-08-01,0.0,8.975090273753891e-113,4.724276581229192e-21,1.0,0.0,2.111472427770703e-40
1980-09-01,0.0,5.971131074450398e-47,1.3846772664450153e-12,0.9999999999986144,0.0,1.5314562607790933e-44
1980-10-01,0.0,1.3187863973345229e-53,4.140816767529668e-09,0.9999999958591843,0.0,1.899460509632348e-26
1980-11-01,0.0,4.877945037444049e-46,4.224587406439298e-10,0.9999999995775397,0.0,4.972358147970243e-16
1980-12-01,0.0,5.838000163313872e-77,4.124402285578503e-09,0.9999999958755978,0.0,5.9332815636795e-40
1981-01-01,0.0,2.4200380732111984e-34,0.9999999999614033,3.859333222543103e-11,0.0,1.3936831801434096e-25
1981-02-01,0.0,3.1639664671678346e-15,0.9983530344331365,0.0016469655668601224,0.0,5.991167627529092e-18
1981-03-01,0.0,6.283133282306526e-42,3.368142874241809e-09,2.799062476702225e-06,0.0,0.9999971975693829
1981-04-01,0.0,1.1515855547213222e-73,2.440802288566735e-133,4.440527261177123e-05,0.0,0.9999555947273904
1981-05-01,0.0,0.9999999999987779,7.740637174648669e-17,1.219577452968643e-12,0.0,5.757935014938343e-31
1981-06-01,0.0,0.999999999939476,1.3828554152502998e-156,6.052778323525668e-11,0.0,1.4616272943906208e-68
1981-07-01,0.0,0.9999999762219932,9.544684914605762e-09,1.4233318778330066e-08,0.0,1.136244671757355e-33
1981-08-01,0.0,0.9999999930965444,4.462002987983368e-09,2.441454428587783e-09,0.0,2.361568047337341e-28
1981-09-01,0.0,0.9999999999999858,4.865326419378227e-15,1.0486275092778783e-14,0.0,1.6191579122003776e-24
1981-10-01,0.0,1.4658640362247521e-126,4.572424663784863e-40,1.661992810694217e-30,1.0,1.937571802714653e-48
1981-11-01,0.0,1.0253628866065576e-54,3.216106833117709e-30,3.303015128984332e-32,1.0,8.745865341398475e-48
1981-12-01,0.0,2.6965599508771616e-54,2.066683767562496e-28,4.494625049304938e-30,1.0,4.170826866036068e-39
1982-01-01,1.0,0.0,0.0,0.0,0.0,0.0
1982-02-01,0.0,1.0,3.7194286603633492e-65,9.078317504121011e-45,0.0,4.490126294554172e-263
1982-03-01,0.0,3.6326710913630824e-54,8.152071614942827e-34,5.711022523089042e-31,1.0,2.7730092514902655e-71
1982-04-01,0.0,3.3688426105680666e-68,2.65380767427108e-38,2.4339779067812824e-53,1.0,2.6079426136311175e-56
1982-05-01,0.0,7.322875377900848e-20,0.9999999999998437,1.5058435655825624e-13,0.0,1.2042327630594485e-20
1982-06-01,0.0,2.980596764565402e-39,1.6710009943204575e-26,2.1586638230782644e-34,1.0,1.1830308498119937e-58
1982-07-01,0.0,5.461151306288489e-70,6.183733073964744e-44,3.73894260720645e-39,1.0,1.5842055913184995e-48
1982-08-01,0.0,2.163010004663379e-53,9.889915434780173e-30,8.975269595795255e-27,1.0,1.3104248622396835e-46
1982-09-01,0.0,8.117000991620693e-67,3.679467249033216e-34,3.296318278102881e-28,1.0,3.7597146621330334e-50
1982-10-01,0.0,7.540176789341332e-117,1.0076609915736094e-36,7.748877354367248e-32,1.0,6.172283802666892e-59
1982-11-01,0.0,2.8518497495445255e-70,5.5107325233449574e-37,1.2820992137279278e-30,1.0,7.378395611158064e-64
1982-12-01,0.0,6.337644618848666e-56,1.803107851732948e-20,1.2897295104566738e-11,0.0,0.9999999999871036
1983-01-01,0.0,7.084005805459136e-206,1.6496734394845036e-58,1.0,0.0,7.8961930191065e-119
1983-02-01,0.0,4.985849705507739e-75,4.015584260007957e-22,1.404060695111731e-14,0.0,0.9999999999999858
1983-03-01,0.0,3.946493084136481e-34,1.4443882436025815e-11,0.9999999999855618,0.0,6.691106487136628e-24
1983-04-01,0.0,2.610999992174706e-60,4.329188662783152e-10,0.9999999995670805,0.0,1.8722509254673289e-44
1983-05-01,0.0,5.187990049501304e-54,1.9734179390121168e-08,0.9999999688002821,0.0,1.1465536722659645e-08
1983-06-01,0.0,6.027389902573693e-55,1.2426137604079496e-10,0.9999999998757403,0.0,5.598396149025082e-25
1983-07-01,0.0,5.5319510593911404e-70,1.0943410291973377e-10,0.9999999998905693,0.0,1.4263887448739133e-30
1983-08-01,0.0,2.4106426317687066e-36,0.008186503241269034,0.9918134946852588,0.0,2.0734719728076133e-09
1983-09-01,0.0,2.852878155720294e-93,4.2495454653617745e-09,0.9999999957504571,0.0,7.891408954349847e-20
1983-10-01,0.0,8.278426065003576e-49,9.842526353442883e-08,0.999999901574737,0.0,2.2945011834372385e-17
1983-11-01,0.0,2.8536358923089955e-40,5.587074530570723e-08,0.9999999259955202,0.0,1.8133734062755394e-08
1983-12-01,0.0,1.0249930944775386e-41,1.2369267755580763e-08,0.9999999876279659,0.0,2.7676343011665747e-12
1984-01-01,0.0,1.1477029247875864e-63,4.72241416156812e-08,0.999999952775853,0.0,8.831001410051276e-33
1984-02-01,0.0,1.8523841766530118e-63,1.7268681702342593e-10,0.9999999998273097,0.0,1.0500718612246079e-65
1984-03-01,0.0,3.1166363980275893e-47,2.73479990100885e-06,0.9999972652000956,0.0,1.8246035590444209e-25
1984-04-01,0.0,1.8225763102892258e-37,0.0006393899753371336,0.999360609980302,0.0,4.4364274797769e-11
1984-05-01,0.0,1.6882426035023435e-36,0.0042625934825229,0.9927190811603318,0.0,0.003018325357147256
1984-06-01,0.0,1.0246113090455233e-26,0.00794109726191479,0.9920514325810114,0.0,7.470157072869422e-06
1984-07-01,0.0,2.454639332277583e-13,0.009488879408667147,0.9905111205910909,0.0,5.478966762883355e-19
1984-08-01,0.0,1.74801115421712e-30,0.9999813703144074,1.8627210473380545e-05,0.0,2.475118019532925e-09
1984-09-01,0.0,1.5322712448996716e-23,0.9999414178732415,5.858180219323778e-05,0.0,3.2456662611467195e-10
1984-10-01,0.0,2.3787859948022806e-20,0.001799076818328236,0.9982009231816695,0.0,1.5090693905390996e-18
1984-11-01,0.0,1.4282243056084895e-22,0.9993953609617201,0.0006039796925761955,0.0,6.593457055983391e-07
1984-12-01,0.0,1.0517005465494014e-24,0.9994497911971215,0.0005502087992036075,0.0,3.676305969991487e-12
1985-01-01,0.0,1.5434417787908513e-35,0.9999953689419612,4.631057784547291e-06,0.0,2.518930648465046e-13
1985-02-01,0.0,1.8274928864069436e-37,0.9999999999792024,2.0797336118097816e-11,0.0,3.7469408934355716e-22
1985-03-01,0.0,2.8523746823742e-20,0.024904367596956627,0.9750756617883946,0.0,1.9970614651281732e-05
1985-04-01,0.0,4.312848835238124e-12,0.9999811424795757,1.8841442692557066e-05,0.0,1.607342110136651e-08
1985-05-01,0.0,1.703840842747716e-20,0.0001298832651234464,0.9998701167348739,0.0,1.2144769603232474e-30
1985-06-01,0.0,3.610257977114143e-27,0.999945510091187,1.7138455872686186e-05,0.0,3.735145293739566e-05
1985-07-01,0.0,4.5996357671983256e-17,0.02436478949936082,0.9756352105004135,0.0,2.2272454090500993e-13
1985-08-01,0.0,4.818758415962074e-11,0.9857096426411205,0.014290357298169735,0.0,1.2523072765819575e-11
1985-09-01,0.0,5.08661513668741e-38,0.9999387247201916,6.127527980973244e-05,0.0,1.2569971228093845e-18
1985-10-01,0.0,1.1940199407487926e-27,1.0,2.471541079078317e-18,0.0,5.175064483270799e-37
1985-11-01,0.0,4.4638387578861035e-26,0.0005197467297129272,0.9994802532702844,0.0,3.696193065881898e-21
1985-12-01,0.0,6.858072761647662e-17,0.9999999999539,2.415126890318826e-14,0.0,4.6069508561035906e-11
1986-01-01,0.0,1.7999268682288017e-32,3.781495155473894e-07,0.9999996218504781,0.0,2.830888073808767e-38
1986-02-01,0.0,4.3939964479268255e-61,1.3209367690091361e-08,3.827999159153179e-29,0.0,0.999999986790634
1986-03-01,0.0,3.7757487905569287e-48,3.197713966824967e-10,5.160945950489324e-32,0.0,0.9999999996802273
1986-04-01,0.0,5.977138789731406e-50,0.9999999996868212,1.5226707930498908e-16,0.0,3.1317430646495146e-10
1986-05-01,0.0,4.3864941962346734e-29,0.9999969227076333,1.7781782364247133e-16,0.0,3.0772923675620293e-06
1986-06-01,0.0,4.994486884446215e-41,1.0,8.836517579105699e-27,0.0,1.476695685884928e-27
1986-07-01,0.0,2.382463243358052e-34,0.0028564545125058364,8.275502781657795e-09,0.0,0.9971435372119938
1986-08-01,0.0,4.027262618550577e-35,1.0,7.550370700108385e-57,0.0,1.2438612033094321e-26
1986-09-01,0.0,4.182404090794362e-62,1.0,3.740485273607378e-30,0.0,1.3745612264102973e-26
1986-10-01,0.0,2.0085275128814889e-60,1.8933599487383173e-05,6.972840340266803e-08,0.0,0.9999809966721098
1986-11-01,0.0,1.8416176848773973e-10,0.9999990990766116,1.4904068878334366e-08,0.0,8.858351543508873e-07
1986-12-01,0.0,6.168314712193165e-57,1.0,1.9256821013571352e-19,0.0,1.5685822955209344e-21
1987-01-01,0.0,1.0697681800193777e-39,1.0,4.1132064114321213e-16,0.0,7.44846473840687e-43
1987-02-01,0.0,5.531158202349903e-53,1.0,1.7615062928987284e-22,0.0,1.1061185591097372e-19
1987-03-01,0.0,8.762523962455627e-13,0.9999999999985576,5.130800197025876e-13,0.0,5.2201491536265205e-14
1987-04-01,0.0,3.9543676884383584e-28,0.9999253866751354,7.46133248564832e-05,0.0,9.870853798965138e-15
1987-05-01,0.0,1.1764917351708006e-29,0.9999222568275158,7.774317248230001e-05,0.0,5.136760617449618e-24
1987-06-01,0.0,1.4849547812661416e-16,0.9985745075069395,0.0008343191320640425,0.0,0.0005911733609947805
1987-07-01,0.0,1.4958161859113634e-18,0.9999865608309371,1.3439169059944115e-05,0.0,3.38591957851287e-16
1987-08-01,0.0,3.556968379287946e-35,0.9999887948257558,1.1205174241137052e-05,0.0,1.5870175378295665e-15
1987-09-01,0.0,1.0150131115893856e-20,0.00022604573983933167,0.9997739367439585,0.0,1.7516200143818363e-08
1987-10-01,0.0,1.3595693521824547e-18,4.342986877842513e-06,0.9999956570131251,0.0,2.6058863259896414e-16
1987-11-01,0.0,1.1809266103252493e-41,1.0,7.022206923328279e-19,0.0,2.0794240596779387e-36
1987-12-01,0.0,3.9154822990791986e-38,0.9999999999991402,8.608101297291157e-13,0.0,4.4982631531326186e-35
1988-01-01,0.0,3.2593908957711725e-44,1.0,2.5184399048353147e-27,0.0,8.608461010841788e-34
1988-02-01,0.0,3.189428326482778e-68,0.0001475791026325827,0.9998524208973643,0.0,4.2998439865507627e-42
1988-03-01,0.0,1.1512010614475638e-35,0.9999999999997442,3.7243407819469816e-18,0.0,2.5364026814267275e-13
1988-04-01,0.0,8.732647632114794e-35,0.9999994894468027,5.10528724770927e-07,0.0,2.4472687420262504e-11
1988-05-01,0.0,9.922021063830512e-34,1.6243480693571428e-06,3.9737557469694075e-12,0.0,0.9999983756479599
1988-06-01,0.0,3.400856478348493e-36,0.9928823329268976,0.007062143213748916,0.0,5.5523859351668625e-05
1988-07-01,0.0,7.342407749492843e-09,0.9990549332582991,0.000860724548467991,0.0,8.43348508278434e-05
1988-08-01,0.0,1.4331581871636039e-21,0.0002107546115191654,7.583409285001686e-13,0.0,0.9997892453877198
1988-09-01,0.0,8.474888717983125e-16,0.9999999998480433,1.810956424446508e-18,0.0,1.519577002356769e-10
1988-10-01,0.0,9.027434999140825e-14,0.999993774068398,6.201313643864114e-06,0.0,2.461786470324238e-08
1988-11-01,0.0,6.075924414838935e-13,0.0030244776560175483,1.22199695351643e-07,0.0,0.9969754001436814
1988-12-01,0.0,4.705102102267184e-16,0.9999999919264937,7.1386515255722845e-09,0.0,9.348522366355659e-10
1989-01-01,0.0,6.424080386535482e-39,1.0,3.0548060388338003e-31,0.0,5.505475178607671e-33
1989-02-01,0.0,2.6617239631990775e-76,1.3004861774790512e-06,6.195585034625789e-21,0.0,0.9999986995138174
1989-03-01,0.0,2.386972125251105e-16,1.0,1.8581439614575587e-18,0.0,3.5866329997772615e-18
1989-04-01,0.0,3.563314553234461e-23,0.999999223781198,5.6284125296248635e-08,0.0,7.199346797067211e-07
1989-05-01,0.0,2.9855709828714006e-28,4.5071804885322206e-05,4.920821400881485e-13,0.0,0.9999549281946196
1989-06-01,0.0,2.5419127787107274e-14,0.001739326901033351,9.139223585525888e-10,0.0,0.9982606721850199
1989-07-01,0.0,1.8993796077713916e-27,8.878561436875401e-09,0.0014503794185276118,0.0,0.9985496117029143
1989-08-01,0.0,6.3772074095036254e-27,1.9224583675640648e-14,0.9999999999999147,0.0,6.75969481389818e-14
1989-09-01,0.0,5.280408673399754e-14,0.9999999999730562,3.0279763397260066e-19,0.0,2.6893416681849523e-11
1989-10-01,0.0,8.747230755399577e-15,0.9994336104859528,2.047719350125174e-05,0.0,0.0005459123205403845
1989-11-01,0.0,1.0017351208001711e-08,0.9995505276242879,8.41268176728952e-05,0.0,0.00036533554068826396
1989-12-01,0.0,7.202598826598815e-18,1.0,2.6240545433131863e-15,0.0,6.546061042352941e-20
1990-01-01,0.0,9.328356197762895e-60,1.0,1.3225699732300004e-31,0.0,6.889546112490617e-64
1990-02-01,0.0,8.878139267889849e-34,7.55941613317852e-11,6.710013483725291e-26,0.0,0.9999999999244054
1990-03-01,0.0,5.259610844290048e-20,1.0,1.6432287663638177e-15,0.0,1.3714885795358303e-19
1990-04-01,0.0,1.9850369666844772e-25,4.523762550658144e-05,3.1068728412381396e-08,0.0,0.9999547313057621
1990-05-01,0.0,1.2066270062349457e-07,0.9999964286637032,3.45067359356068e-06,0.0,4.644938548836339e-34
1990-06-01,0.0,0.9999957578775943,4.240686451614188e-06,1.4359553048899748e-09,0.0,3.9640695445810937e-19
1990-07-01,0.0,1.298497048769866e-16,0.999998559315515,4.227868757581417e-12,0.0,1.440680258370839e-06
1990-08-01,0.0,6.483198143415014e-10,0.9999999993516866,1.1907539947298705e-50,0.0,2.2686998445260894e-20
1990-09-01,0.0,0.999895073070705,0.00010486824768963207,3.548075648189932e-16,0.0,5.8681602896408405e-08
1990-10-01,0.0,3.623830135502059e-51,3.842053349292667e-20,2.0401491578598572e-39,1.0,8.445559916585384e-26
1990-11-01,0.0,4.941550469192758e-90,6.498539629994305e-34,7.74817010856472e-55,1.0,2.4042282825500743e-38
1990-12-01,0.0,7.126112720992622e-50,5.913134509225196e-25,5.804521166748798e-31,1.0,5.57687481679054e-22
1991-01-01,0.0,1.9050660167355424e-64,6.500877924710202e-28,3.0128862666496567e-41,1.0,6.972205377144503e-52
1991-02-01,0.0,1.0781547108073216e-69,3.6176223545792025e-34,3.780725373381833e-42,1.0,4.6423999216115686e-42
1991-03-01,0.0,7.012876192072185e-50,3.0478474436691755e-26,9.356496221532588e-50,1.0,3.521331268971577e-47
1991-04-01,0.0,0.9999999991336139,8.663850410985501e-10,5.302894520191204e-25,0.0,1.6314739811184445e-20
1991-05-01,0.0,0.9999999977718304,2.228171511603934e-09,7.531450108206447e-17,0.0,1.8112639099199823e-22
1991-06-01,0.0,0.9999960916969064,3.9080948192122324e-06,2.082771859082179e-10,0.0,1.288966011287095e-19
1991-07-01,0.0,0.9999999999999858,1.1730436672949462e-14,1.7737949562396893e-20,0.0,3.758914562803819e-22
1991-08-01,0.0,0.9999999707939655,2.920562908136764e-08,4.0209372211735936e-13,0.0,3.945784134965853e-15
1991-09-01,0.0,0.9996976867128556,3.4709721320048044e-06,2.0703312044513406e-10,0.0,0.0002988421079806941
1991-10-01,0.0,0.9999862012848102,1.3798686520514828e-05,2.734309711825578e-11,0.0,1.3280248096242109e-12
1991-11-01,0.0,3.887339480975612e-24,0.9999999995453592,1.6725175569531905e-16,0.0,4.546422753427136e-10
1991-12-01,0.0,2.132210718671921e-27,9.417337906846708e-18,2.1047364164727494e-24,1.0,9.67616159705785e-22
1992-01-01,0.0,5.415136906162281e-38,6.622523361552805e-25,1.4363515756669798e-32,1.0,3.703340436675611e-42
1992-02-01,0.0,3.36992470426679e-05,0.9999658895546907,8.805653838827739e-08,0.0,3.2314172680316276e-07
1992-03-01,0.0,6.483983675108346e-06,0.9999934771456866,3.887063733653232e-08,0.0,8.798294621962898e-17
1992-04-01,0.0,0.9991582191587535,0.0008417798706449931,9.703779469033072e-10,0.0,2.2437708277139881e-13
1992-05-01,0.0,0.9988802019939163,0.0011197980021630666,3.551503224119412e-12,0.0,3.661786946580324e-13
1992-06-01,0.0,8.406548584985482e-07,0.9999991513880365,7.957104503128668e-09,0.0,8.448030439331407e-21
1992-07-01,0.0,0.999901910429043,9.808954079838606e-05,2.658664793981386e-11,0.0,3.570349636389642e-12
1992-08-01,0.0,2.623593063203619e-16,0.9999912676958038,8.732304188233515e-06,0.0,1.0384189677470272e-14
1992-09-01,0.0,5.004592941785421e-10,0.9999999829714029,1.6031304044591236e-08,0.0,4.968357674180166e-10
1992-10-01,0.0,5.17964830345636e-11,0.999972628332236,2.7371615968585663e-05,0.0,2.7097191346493694e-19
1992-11-01,0.0,8.004844119648358e-12,1.700644053748814e-06,2.365654787513067e-15,0.0,0.99999829934794
1992-12-01,0.0,1.0,1.5941628052387049e-16,5.989653529363591e-51,0.0,5.327548744007656e-47
1993-01-01,0.0,1.557853227316877e-14,0.9999999999999858,4.035802734390615e-48,0.0,6.234932528900674e-47
1993-02-01,0.0,1.232632272576225e-08,0.9999999876076444,6.589825760776526e-11,0.0,1.3337526002359921e-13
1993-03-01,0.0,1.4166987635745935e-11,0.9999999999856115,2.214830427240281e-13,0.0,2.5488734250875966e-23
1993-04-01,0.0,1.2270827775426765e-14,0.011893691468938051,0.9881063083493953,0.0,1.8165310783452655e-10
1993-05-01,0.0,1.482303427339556e-24,0.9999999999006519,9.935058289367696e-11,0.0,9.083627077312212e-20
1993-06-01,0.0,0.0002208048933397873,2.0608796759086774e-05,3.7566311783225886e-08,0.0,0.9997585487435886
1993-07-01,0.0,3.992975196857092e-08,0.9999898248064528,1.0134700226025502e-05,0.0,5.635693846388353e-10
1993-08-01,0.0,2.298989005678225e-06,0.9999959981689055,5.773029218983032e-11,0.0,1.7027843594432965e-06
1993-09-01,0.0,2.596137115043903e-13,0.9999999987256345,1.2741050904868067e-09,0.0,5.510610929676768e-26
1993-10-01,0.0,5.18598878606024e-15,0.9999999939911177,6.0088780774578645e-09,0.0,1.0686674464416086e-24
1993-11-01,0.0,1.9261801290867964e-07,0.06385946092900587,8.470080269205727e-09,0.0,0.9361403379829012
1993-12-01,0.0,1.0,3.0717667058431828e-18,1.9598265056531446e-49,0.0,4.239416872527016e-25
1994-01-01,0.0,4.2170695129622056e-32,1.0,3.8765011025743845e-59,0.0,1.8730545345757641e-66
1994-02-01,0.0,2.6640794152849443e-14,0.9999862738061949,1.37261937775257e-05,0.0,7.534017060880332e-31
1994-03-01,0.0,3.996196196149096e-13,0.9999700377590401,2.9831403906859052e-05,0.0,1.308366558629823e-07
1994-04-01,0.0,1.3176476028739183e-14,0.9999999999990408,9.460680040505929e-13,0.0,1.1927239858696353e-39
1994-05-01,0.0,1.1991712581865383e-21,0.9999949253619828,5.065845989736636e-06,0.0,8.7920281801848e-09
1994-06-01,0.0,0.9994103793594629,0.0005896184425421641,2.659584055740143e-14,0.0,2.1979656320905735e-09
1994-07-01,0.0,6.34611859717929e-08,0.9999999362820609,2.567175759326928e-10,0.0,3.239529478756038e-14
1994-08-01,0.0,4.1134501003899996e-47,6.840545192909596e-06,4.482304936400248e-15,0.0,0.9999931594548015
1994-09-01,0.0,2.966070029158815e-11,0.9999999997676952,2.0264759585939377e-10,0.0,1.0931153929519024e-20
1994-10-01,0.0,1.2545149573895927e-25,0.999999999996902,4.544363894028629e-14,0.0,3.0502859079463966e-12
1994-11-01,0.0,6.285602377169784e-26,0.9999999999910116,7.211474723393316e-12,0.0,1.7753439045265904e-12
1994-12-01,0.0,3.723322298487064e-11,0.9999999999181455,2.3558524977914073e-11,0.0,2.1063946670576345e-11
1995-01-01,0.0,4.4256099987395146e-17,0.9999999999845883,7.154456951179638e-13,0.0,1.4696003741074004e-11
1995-02-01,0.0,1.4811645774301556e-38,0.9999999999643094,3.5691048213058234e-11,0.0,6.750606130324426e-22
1995-03-01,0.0,0.9970200170160444,0.0028061149167672218,0.00017386806662227707,0.0,5.660253031240153e-13
1995-04-01,0.0,8.486491203557805e-45,0.9999999999926672,7.335814945231433e-12,0.0,2.5789917199418654e-29
1995-05-01,0.0,3.7718657076136063e-45,1.7125047395389133e-06,2.4336297645089772e-12,0.0,0.9999982874928248
1995-06-01,0.0,2.0565994979448153e-12,0.9999842900408168,1.5709830732423994e-05,0.0,1.2639362333203453e-10
1995-07-01,0.0,1.2161264927394424e-09,0.01140773919633216,4.878767607949061e-09,0.0,0.9885922547087741
1995-08-01,0.0,1.0859158186145343e-15,0.9999999999796856,2.031538790012947e-11,0.0,5.015430577209816e-17
1995-09-01,0.0,3.994575561460337e-19,0.9999999040970212,4.288171192451126e-14,0.0,9.5902939209414e-08
1995-10-01,0.0,3.6761599790299054e-08,0.999999653260733,2.901719418051646e-07,0.0,1.9805726629450225e-08
1995-11-01,0.0,7.280518119620725e-23,0.9999999999828546,1.352561867993576e-15,0.0,1.7146390363945324e-11
1995-12-01,0.0,7.750476754578532e-12,0.9999999993067661,6.854866213472841e-10,0.0,7.75846428533945e-35
1996-01-01,0.0,1.6137632618836547e-32,0.999999832362846,1.6763715680779935e-07,0.0,8.339550234278794e-17
1996-02-01,0.0,1.0317964339533615e-14,0.003916388055486299,0.9960836119445019,0.0,7.856655615448337e-34
1996-03-01,0.0,8.307512750528492e-13,0.9999999999991687,3.1856517485247936e-16,0.0,2.528613536201636e-32
1996-04-01,0.0,3.117630642124539e-53,0.0003130892043601131,0.9996869107956434,0.0,2.952289385567829e-26
1996-05-01,0.0,3.0099137850277455e-24,1.0,1.6274161791759453e-15,0.0,1.3345450130383536e-34
1996-06-01,0.0,1.1442712995737702e-12,0.999999999943789,5.5054060365291273e-11,0.0,9.261866969472036e-15
1996-07-01,0.0,7.80103456529448e-39,1.0,8.485543310646844e-20,0.0,1.2517317587430422e-22
1996-08-01,0.0,1.0989195446497824e-09,0.9999999989009467,3.295625094918931e-15,0.0,1.2967354493170462e-13
1996-09-01,0.0,2.8191704492124074e-06,0.9999971808141928,4.3726446896784736e-12,0.0,1.098733798050264e-11
1996-10-01,0.0,1.0543758496283496e-12,0.9999998011100912,1.034094669536208e-07,0.0,9.547938408338148e-08
1996-11-01,0.0,1.904929977385462e-15,1.0,9.020795737578002e-17,0.0,1.6388244991301585e-20
1996-12-01,0.0,2.7471765136051963e-07,0.9998419278573479,1.3359963390783715e-09,0.0,0.00015779608900626731
1997-01-01,0.0,2.1438879235689578e-18,0.02593704604433753,6.535373023214862e-05,0.0,0.9739976002254302
1997-02-01,0.0,2.1005421815107304e-12,0.9999378223683587,3.658554584828329e-21,0.0,6.217762954073231e-05
1997-03-01,0.0,6.237749183724802e-07,0.9996032563264016,2.7921636951230233e-09,0.0,0.00039611710651727333
1997-04-01,0.0,1.9188052805702653e-22,0.9999999999678266,8.931807903279736e-18,0.0,3.2172049438528785e-11
1997-05-01,0.0,1.423000693845497e-20,0.9999999999998295,1.7079680615636997e-13,0.0,2.6162701072117754e-18
1997-06-01,0.0,2.6672789109033974e-23,0.9999999999999645,2.850736591878868e-14,0.0,1.006639036694978e-14
1997-07-01,0.0,1.4384193882697185e-16,0.9999999999997584,2.3035832132859276e-13,0.0,1.2202819410552195e-14
1997-08-01,0.0,4.893576664504553e-19,0.9999999732451531,1.0728244035655053e-08,0.0,1.6026604505146225e-08
1997-09-01,0.0,5.470899727339457e-29,0.9999999989944115,9.442091753053392e-10,0.0,6.13828433820425e-11
1997-10-01,0.0,1.0961386566117449e-21,0.9999999991348218,8.651785513581202e-10,0.0,1.277598260504724e-17
1997-11-01,0.0,4.220189955931277e-22,0.9999999999998792,5.2500044780845165e-14,0.0,6.975517559449809e-14
1997-12-01,0.0,1.1693729346518793e-18,2.40214640934934e-08,2.186818808717298e-27,0.0,0.9999999759785329
1998-01-01,0.0,8.122460855691733e-17,2.4357711729184413e-07,3.405485493793331e-11,0.0,0.9999997563888255
1998-02-01,0.0,1.216062325068641e-10,0.9999999803315165,1.6811387512081866e-15,0.0,1.9546876142010486e-08
1998-03-01,0.0,1.0341759755469658e-13,0.9999983771915546,1.6228083415519964e-06,0.0,8.541558442459118e-19
1998-04-01,0.0,1.6829982888542298e-42,0.0015578900232265087,0.9984421099767777,0.0,1.0619423598821196e-17
1998-05-01,0.0,3.380674105328279e-17,0.9999999999938964,2.3391237976929743e-12,0.0,3.7618510916080346e-12
1998-06-01,0.0,7.15014654531312e-27,5.686157173114988e-09,4.2105989198535306e-13,0.0,0.9999999943134199
1998-07-01,0.0,4.989357522091089e-50,0.9999997977655175,2.0223448559526667e-07,0.0,1.702904961955612e-20
1998-08-01,0.0,1.6048116063223827e-69,5.613570589785829e-09,0.9999999943864282,0.0,2.960894556816837e-41
1998-09-01,0.0,6.994524954960771e-80,7.241803805547682e-08,1.2375279418282755e-28,0.0,0.9999999275819631
1998-10-01,0.0,4.8310501618978555e-51,0.9999999999999147,1.1792914782352013e-26,0.0,8.638609574832165e-14
1998-11-01,0.0,1.7205659825902046e-26,7.472392764738569e-05,2.792624974959007e-17,0.0,0.9999252760723543
1998-12-01,0.0,8.637279949528292e-17,0.9999999999988844,2.1503249396192827e-13,0.0,9.019917789716018e-13
1999-01-01,0.0,1.5617907195143005e-24,0.9999999998417692,9.151052236705978e-28,0.0,1.5823073376314069e-10
1999-02-01,0.0,6.904636772503489e-39,0.0004920274999528814,2.0237829458853634e-14,0.0,0.9995079725000265
1999-03-01,0.0,2.350344953582005e-19,1.0,2.8071396870522165e-32,0.0,2.509281128098648e-19
1999-04-01,0.0,9.109401180860329e-24,0.9999999999866986,4.551959873669815e-15,0.0,1.3298101504226754e-11
1999-05-01,0.0,4.123305730285632e-45,2.583212382676544e-05,4.6671030923336e-26,0.0,0.9999741678761735
1999-06-01,0.0,6.601749746292208e-39,0.9997277633282575,6.407797587762584e-17,0.0,0.0002722366717389347
1999-07-01,0.0,1.3964249718024822e-11,0.99999999986521,6.091999821519965e-12,0.0,1.1473589020107432e-10
1999-08-01,0.0,1.2179993508807152e-25,0.9995475058716118,1.8092875057081478e-10,0.0,0.00045249394745890294
1999-09-01,0.0,2.7730349938322913e-06,0.9999972202501278,5.2341852862072e-15,0.0,6.7148715921177675e-09
1999-10-01,0.0,2.8319016001629316e-25,0.00853058054078655,1.3264670394879498e-15,0.0,0.9914694194592131
1999-11-01,0.0,2.5313919090961397e-68,0.9999999999707541,1.5815671298269966e-16,0.0,2.924897158467881e-11
1999-12-01,0.0,1.025555458452504e-44,0.9999999977603906,1.4616788304151036e-26,0.0,2.2396110411340902e-09
2000-01-01,0.0,4.7350463904003e-73,1.0,2.9105203785764256e-20,0.0,1.1000899384355596e-23
2000-02-01,0.0,1.3042969687836142e-28,0.9999999997748716,2.2512709659737462e-10,0.0,3.7480523381204594e-15
2000-03-01,0.0,4.380151572239938e-22,1.0,2.8464261573517043e-21,0.0,2.3412898319823218e-25
2000-04-01,0.0,5.8806743167451084e-61,0.00016293426314499816,1.7891306279158332e-35,0.0,0.9998370657368582
2000-05-01,0.0,4.656242768177914e-48,1.0,1.765108308198224e-49,0.0,6.24237399665667e-81
2000-06-01,0.0,1.4768273580066572e-57,1.0,1.2097390960211886e-20,0.0,5.1313016561360266e-76
2000-07-01,0.0,1.8494176649937873e-15,1.434042523955438e-07,5.241781143804381e-23,0.0,0.9999998565957459
2000-08-01,0.0,1.6358276802023003e-16,0.003299561699827681,6.275580428534283e-17,0.0,0.9967004383001691
2000-09-01,0.0,4.802929302832568e-22,0.9999999999999645,3.6982184014944334e-14,0.0,2.911106583052547e-17
2000-10-01,0.0,1.72221991943007e-35,1.1832052108895838e-05,3.7800760126694015e-13,0.0,0.9999881679475104
2000-11-01,0.0,5.10809927174499e-30,0.9999621700657608,5.342415609001843e-20,0.0,3.782993423871917e-05
2000-12-01,0.0,6.386855296302544e-53,1.0,1.2791101504379574e-37,0.0,4.203356842759614e-28
2001-01-01,0.0,1.7048902379687754e-38,1.0,7.5340570831645675e-28,0.0,1.906573539889726e-28
2001-02-01,0.0,7.554534596563618e-105,9.027875057400404e-30,7.844640089703982e-83,0.0,1.0
2001-03-01,0.0,2.1574357924556027e-45,9.439475660946335e-07,5.642828740967301e-16,0.0,0.999999056052436
2001-04-01,0.0,7.4034780086492e-66,0.999999999681819,1.5993204308435603e-21,0.0,3.18176059854502e-10
2001-05-01,0.0,1.2098464599590563e-22,1.0,1.815353638655313e-21,0.0,1.5544473970419938e-21
2001-06-01,0.0,1.9285222560168072e-38,4.260504952292048e-09,2.773592280275968e-21,0.0,0.9999999957394934
2001-07-01,0.0,4.007124830380689e-46,4.188949121311779e-09,1.1059475459301138e-18,0.0,0.9999999958110521
2001-08-01,0.0,1.926138525039388e-52,1.0,3.616988702842917e-18,0.0,1.008371705533051e-34
2001-09-01,0.0,1.4535011350075393e-99,1.0,4.773499666258261e-72,0.0,7.347632293239739e-123
2001-10-01,1.0,0.0,0.0,0.0,0.0,0.0
2001-11-01,0.0,2.342615958047133e-127,1.0,4.7994018387335126e-48,0.0,2.755402768295424e-56
2001-12-01,0.0,3.3846937360775204e-73,1.0,2.0801001318477152e-32,0.0,6.788405161617751e-16
2002-01-01,0.0,6.621088023191243e-68,1.0,3.9441479000659076e-21,0.0,3.038976404254877e-25
2002-02-01,0.0,1.4249887695476928e-26,1.0,1.5220828501368846e-16,0.0,2.7696176860941843e-30
2002-03-01,0.0,8.139836587297569e-19,0.9999999999953957,4.2116520539280704e-12,0.0,3.900117837586955e-13
2002-04-01,0.0,4.2477738761135e-18,0.9999999999999503,4.562295888532117e-14,0.0,5.096335108784106e-15
2002-05-01,0.0,5.084356168826574e-36,3.0532894476302314e-07,2.9066044100660814e-17,0.0,0.9999996946710579
2002-06-01,0.0,1.0894907877258258e-12,0.9999999999643165,1.0765068258731027e-13,0.0,3.448560242389101e-11
2002-07-01,0.0,6.086151132423972e-38,1.0,4.577382507177124e-16,0.0,2.3184129079021835e-18
2002-08-01,0.0,3.001613819162781e-38,0.9999999999946994,5.629558244557992e-16,0.0,5.298330919094333e-12
2002-09-01,0.0,5.047396074223459e-36,0.9999999999518678,1.0825517226959622e-12,0.0,4.705242005836029e-11
2002-10-01,0.0,7.642924355158278e-34,0.9999999999997087,2.9661136426523354e-20,0.0,2.925440862857821e-13
2002-11-01,0.0,1.1671419566854878e-40,0.9999999999933493,1.2539904133626362e-15,0.0,6.648786054359928e-12
2002-12-01,0.0,6.319058391649517e-37,1.0,1.8198105133946151e-26,0.0,7.5245490596141e-46
2003-01-01,0.0,1.3874069785814648e-58,1.0,3.68195388262988e-16,0.0,1.0359032413549437e-20
2003-02-01,0.0,7.203072230631596e-34,0.9999999982993089,2.788159149609759e-14,0.0,1.7006629494276625e-09
2003-03-01,0.0,3.066548617216189e-74,2.121015874833866e-06,5.909601314731816e-22,0.0,0.999997878984122
2003-04-01,0.0,2.4101493515076437e-140,7.619364045931931e-23,2.4638756906399993e-97,0.0,1.0
2003-05-01,0.0,9.784047943062808e-69,0.9999999999981597,2.0235653759813186e-34,0.0,1.839295227197546e-12
2003-06-01,0.0,5.7224377744627015e-39,0.999968011732728,1.3511481034952224e-26,0.0,3.198826727461156e-05
2003-07-01,0.0,3.6449860100901743e-23,0.9999999996150848,4.579505251419684e-13,0.0,3.8445601265959184e-10
2003-08-01,0.0,1.886443434301657e-40,0.9999999999999929,7.115519690132489e-15,0.0,2.498728951484866e-17
2003-09-01,0.0,1.9000733097115727e-53,1.3683744866578955e-16,3.948225571629166e-35,0.0,1.0
2003-10-01,0.0,4.999100303791127e-55,9.900780743529965e-08,5.109486556493216e-43,0.0,0.9999999009921914
2003-11-01,0.0,3.436830794741448e-24,0.999999987287147,8.453409273115195e-10,0.0,1.186751230691203e-08
2003-12-01,0.0,3.420091859726199e-18,0.9999982861808951,1.376387829393411e-08,0.0,1.700055223831627e-06
2004-01-01,0.0,1.7345672500745483e-15,0.9999999999993392,6.620120714795804e-13,0.0,6.5864350236646775e-18
2004-02-01,0.0,4.368243018556818e-25,0.9999999903000827,1.556115670659306e-11,0.0,9.684356644844137e-09
2004-03-01,0.0,1.6490310632775548e-26,0.9999631121573317,1.3777586745914892e-09,0.0,3.688646491026652e-05
2004-04-01,0.0,1.3418578123060578e-34,0.9999999896037579,9.161617074705088e-09,0.0,1.2346215038276787e-09
2004-05-01,0.0,6.1336936814654794e-27,0.9999999999983871,1.015637157719792e-12,0.0,6.000793102579249e-13
2004-06-01,0.0,6.902390957736793e-33,3.316127268905568e-08,1.112183688949409e-23,0.0,0.9999999668387295
2004-07-01,0.0,9.508340431174518e-43,0.9999999935524997,2.819673370721713e-30,0.0,6.447502241098128e-09
2004-08-01,0.0,1.691841699101868e-21,0.9999691649675521,4.6664509653822874e-11,0.0,3.083498578482589e-05
2004-09-01,0.0,9.348648899079424e-23,0.9999999999398739,6.01232201376658e-11,0.0,9.700463245351067e-17
2004-10-01,0.0,2.501680591399794e-37,0.9999999402903459,7.58637214733705e-15,0.0,5.9709647452678e-08
2004-11-01,0.0,1.3729041707284187e-57,3.5663418903503766e-06,2.064244133391772e-28,0.0,0.9999964336581115
2004-12-01,0.0,1.0247150611634276e-24,5.988485720820021e-11,2.5104704938455007e-42,0.0,0.9999999999401155
2005-01-01,0.0,5.888184964149273e-50,1.0,2.0974026228753246e-66,0.0,8.033750707434497e-69
2005-02-01,0.0,4.0296873164780503e-47,0.9999999999999716,3.1785815962749375e-14,0.0,4.9991526704527e-19
2005-03-01,0.0,2.485638220104932e-19,1.0,1.7493875700687214e-17,0.0,5.588849071961911e-18
2005-04-01,0.0,1.7298127797609461e-35,0.9999970543760068,1.018272195622803e-12,0.0,2.9456229766031914e-06
2005-05-01,0.0,8.96832617300978e-33,2.4306865661993875e-10,2.1608196908219745e-15,0.0,0.9999999997569304
2005-06-01,0.0,3.82313859986379e-46,0.999999999999929,6.83651654599471e-14,0.0,3.798943563468758e-27
2005-07-01,0.0,7.282422817644281e-28,0.9999999990278212,9.721731484710281e-10,0.0,4.541859701080311e-15
2005-08-01,0.0,4.300915055596778e-21,0.9999999999987139,1.2726165170119375e-12,0.0,1.5179713990148925e-14
2005-09-01,0.0,1.4200032362173238e-104,1.0,2.4309057796049552e-49,0.0,3.7755000080214044e-43
2005-10-01,0.0,1.6594967947433606e-113,4.5334383554403805e-23,5.1578364553829955e-70,0.0,1.0
2005-11-01,0.0,9.527395495633869e-60,9.279712491787815e-16,1.9022627889210962e-42,0.0,1.0
2005-12-01,0.0,1.0123579237148753e-54,1.0,2.3586076664926443e-25,0.0,2.454530907853437e-15
2006-01-01,0.0,4.2078379402072747e-69,0.9999999999993747,4.85570970386867e-16,0.0,6.20944841692437e-13
2006-02-01,0.0,3.7942098153806366e-36,4.440877225822195e-12,3.45436771196023e-23,0.0,0.9999999999955591
2006-03-01,0.0,2.6541967489007747e-31,1.0,4.1789864808453557e-19,0.0,6.208429612390711e-23
2006-04-01,0.0,3.101977926817363e-13,0.9999999999996874,1.8004584736985202e-17,0.0,5.295335624041269e-19
2006-05-01,0.0,3.3567265368594445e-31,1.2929099000448428e-07,4.592967573981575e-20,0.0,0.9999998707090126
2006-06-01,0.0,5.50746892840022e-43,1.0,1.7986793092976148e-31,0.0,1.8229081606374073e-22
2006-07-01,0.0,1.145320181268721e-21,0.9999999999976694,1.1928596018829126e-17,0.0,2.3286452474053887e-12
2006-08-01,0.0,2.1900138838781604e-27,0.9999999734954915,7.892143879325226e-13,0.0,2.6503719497488506e-08
2006-09-01,0.0,2.2771665672388353e-55,4.62528414832205e-23,1.6753446186772998e-44,0.0,1.0
2006-10-01,0.0,1.0638401136261291e-76,1.0,2.9061657405371403e-64,0.0,2.178023743897766e-50
2006-11-01,0.0,7.80174245156068e-104,1.0,1.095610816357872e-83,0.0,6.824684242503586e-54
2006-12-01,0.0,3.862594668710109e-21,0.9999420256290992,4.995912200203627e-22,0.0,5.797437089798744e-05
2007-01-01,0.0,4.868669897255155e-25,1.2126740830792125e-10,1.551404555619406e-23,0.0,0.9999999998787317
2007-02-01,0.0,6.736627789058489e-23,0.9999999999989981,5.432816752645736e-40,0.0,1.0003946875928781e-12
2007-03-01,0.0,1.1693971395456573e-30,1.0,5.771108170976224e-45,0.0,1.1083726480882002e-15
2007-04-01,0.0,3.7272795905276265e-37,1.4560754507390992e-06,1.5028704609969192e-36,0.0,0.9999985439245491
2007-05-01,0.0,3.9606077229227316e-13,0.0006754811997121472,4.229020017841162e-14,0.0,0.9993245187998476
2007-06-01,0.0,5.383358422494483e-07,0.0008778208015966544,2.7199359222557387e-08,0.0,0.9991216136632001
2007-07-01,0.0,8.49505767321934e-08,0.9977720462239585,1.3178557455608738e-11,0.0,0.0022278688122838747
2007-08-01,0.0,9.138611905467495e-32,6.8069958222357995e-12,1.0487791019973806e-24,0.0,0.999999999993193
2007-09-01,0.0,4.756727664216108e-13,0.9999999999995239,4.0891985218935565e-22,0.0,7.505243852712541e-18
2007-10-01,0.0,6.813961315722383e-14,1.000178915688725e-05,1.0830111177989749e-11,0.0,0.9999899981999466
2007-11-01,0.0,8.750703830948373e-20,0.999999999924519,1.0921384678021965e-24,0.0,7.547767986327362e-11
2007-12-01,0.0,1.0448509407737043e-38,7.900862848526584e-21,2.4302129851247756e-53,0.0,1.0
2008-01-01,0.0,1.0,6.290212574767924e-53,1.7065258161043265e-109,0.0,1.144940207031626e-81
2008-02-01,1.0,0.0,0.0,0.0,0.0,0.0
2008-03-01,1.0,0.0,0.0,0.0,0.0,0.0
2008-04-01,0.0,7.241659360382496e-166,7.696883466679778e-239,0.0,1.0,0.0
2008-05-01,0.0,9.165895145126006e-290,1.0,2.5749774881994824e-108,0.0,1.8389434470781613e-177
2008-06-01,0.0,6.1657615083139434e-105,1.0,9.92333533559488e-21,0.0,1.1464592871216633e-26
2008-07-01,0.0,3.775398386645854e-64,1.2331387310364818e-34,2.2350293334388625e-51,1.0,1.1320704835050605e-36
2008-08-01,0.0,5.9515927734087826e-120,3.3162538665505754e-37,4.943133597476945e-55,0.0,1.0
2008-09-01,1.0,0.0,0.0,0.0,0.0,0.0
2008-10-01,1.0,0.0,0.0,0.0,0.0,0.0
2008-11-01,1.0,0.0,0.0,0.0,0.0,0.0
2008-12-01,1.0,0.0,0.0,0.0,0.0,0.0
2009-01-01,1.0,0.0,0.0,0.0,0.0,0.0
2009-02-01,0.0,3.3784100360764766e-260,1.5498473015880383e-235,0.0,1.0,0.0
2009-03-01,1.0,0.0,0.0,0.0,0.0,0.0
2009-04-01,0.0,1.9141825617320482e-190,1.5821018655021788e-121,8.114055179848807e-134,1.0,4.9694908144411467e-185
2009-05-01,0.0,3.191620866599558e-157,3.2660503009581875e-93,2.2916297267435634e-184,1.0,3.8012145812961025e-164
2009-06-01,0.0,3.3609161920564327e-84,2.266316646660328e-47,5.593579536669074e-86,1.0,1.3042001511024164e-79
2009-07-01,0.0,7.143482474822937e-70,7.556758792043362e-48,3.535082550966927e-69,0.0,1.0
2009-08-01,0.0,1.0,1.9807657625043264e-28,8.149274302842535e-49,0.0,2.4151377542136266e-41
2009-09-01,0.0,1.0,1.5120740998954228e-30,2.2102005069124517e-29,0.0,3.1242891644515425e-36
2009-10-01,0.0,1.1686030682118794e-79,1.2129220841796389e-53,4.917297838524308e-59,1.0,1.6767853110779152e-91
2009-11-01,0.0,1.0,1.6850222537746522e-25,1.2717742368029401e-46,0.0,6.117614319943029e-72
2009-12-01,0.0,1.0,1.6136488930769624e-20,3.882226879720164e-47,0.0,1.6610987462028526e-19
2010-01-01,0.0,1.0,1.765003467373202e-16,6.235866401622423e-37,0.0,1.88170333684755e-52
2010-02-01,0.0,1.0,8.751022758378152e-29,1.1776009210472763e-50,0.0,6.556701728556115e-30
2010-03-01,0.0,1.0,8.980471818496546e-42,7.182699663048396e-75,0.0,3.506384381368941e-85
2010-04-01,0.0,1.0,3.650579036285902e-21,2.7521655752982682e-42,0.0,3.123384623992489e-51
2010-05-01,0.0,1.0,9.970931766762515e-38,7.415665666493805e-56,0.0,4.770131630708826e-71
2010-06-01,0.0,1.0,1.1396985290908018e-26,1.2410725587093128e-34,0.0,5.606331228909104e-23
2010-07-01,0.0,1.0,5.998488595706152e-22,7.11048698113904e-23,0.0,8.216821299865044e-42
2010-08-01,0.0,1.0,9.567729744303194e-20,1.0638551484083813e-22,0.0,1.6377316122317892e-37
2010-09-01,0.0,1.0,2.9687541107550126e-23,3.60828284115509e-20,0.0,1.571672729901096e-33
2010-10-01,0.0,1.0,2.6134459751326405e-25,1.777488548719769e-24,0.0,5.976464994173013e-35
2010-11-01,0.0,1.0,4.77904268986359e-18,1.674715155338177e-17,0.0,3.9294348810319184e-16
2010-12-01,1.0,0.0,0.0,0.0,0.0,0.0
2011-01-01,0.0,1.0,2.126880936029621e-112,4.2754189984856497e-82,0.0,2.472459457961174e-121
2011-02-01,0.0,1.0,1.697386167577727e-32,1.9836471040585267e-32,0.0,1.9679104275409362e-33
2011-03-01,0.0,1.0,6.473644589117454e-29,4.8136741042720384e-31,0.0,2.096259241525479e-25
2011-04-01,0.0,1.0,1.8882947670922004e-20,1.1105360948872868e-23,0.0,1.3036463679990398e-27
2011-05-01,0.0,1.0,3.3180172809295894e-19,1.8869044389028362e-26,0.0,9.205374336817318e-29
2011-06-01,0.0,0.9999989212077544,3.7713537288061756e-24,1.3922011910579468e-25,0.0,1.078792242835981e-06
2011-07-01,0.0,1.0,2.4148617916199746e-29,3.54154424956831e-27,0.0,1.7000970140983218e-54
2011-08-01,0.0,1.0,5.5753929449505675e-28,3.875873365537123e-32,0.0,1.5737724904829646e-34
2011-09-01,0.0,1.0,2.2102431389705885e-42,8.592621454058483e-63,0.0,6.9287714366193e-32
2011-10-01,0.0,1.0,1.5800596621648542e-15,3.194955712953325e-18,0.0,9.607325292345476e-19
2011-11-01,0.0,0.9999999998625739,1.374245965983736e-10,3.3700815901246676e-18,0.0,1.1521557819390023e-49
2011-12-01,0.0,1.0,5.371234575405519e-16,1.6612110200607597e-23,0.0,1.8684964115507857e-16
2012-01-01,0.0,1.0,3.882685822081027e-16,6.579922030181434e-18,0.0,6.056243426944788e-35
2012-02-01,0.0,0.999999999999929,3.9363032275511295e-15,6.366064024949322e-14,0.0,6.790162484159205e-17
2012-03-01,0.0,0.9999999998453717,1.5446347144738073e-10,1.6251594720284924e-19,0.0,1.627197780231643e-13
2012-04-01,0.0,0.9999999994683719,1.5075313274084383e-11,2.9057755329347098e-18,0.0,5.165532582214718e-10
2012-05-01,0.0,8.083260993669035e-25,1.5613039716598486e-12,1.1203988058526844e-17,0.0,0.9999999999984368
2012-06-01,0.0,0.9999999999998366,1.5764967701399623e-13,6.543139491095063e-15,0.0,8.817773457466182e-16
2012-07-01,0.0,0.9999999999182876,8.010229258918221e-14,5.593371216510716e-30,0.0,8.16317730702718e-11
2012-08-01,0.0,0.9999999995919211,4.080765645546619e-10,4.824635917546955e-24,0.0,1.7258395576486256e-24
2012-09-01,0.0,0.9999999910900073,8.909992027005302e-09,6.689942132771334e-18,0.0,2.13364354106788e-25
2012-10-01,0.0,0.9999999686885634,2.909036368286023e-11,4.321251989504909e-18,0.0,3.1282346434580695e-08
2012-11-01,0.0,0.9999999999997442,5.946969416487689e-15,7.027130583313221e-28,0.0,2.477720930133339e-13
2012-12-01,0.0,1.0,3.3891081067118257e-18,4.1305994371434703e-48,0.0,1.1017924966323177e-47
2013-01-01,0.0,1.0,2.160036063822953e-62,5.820529609597073e-145,0.0,8.775026820160036e-132
2013-02-01,0.0,0.9999986645288708,1.3354711323588348e-06,2.8252384256054465e-18,0.0,5.3480342530472015e-20
2013-03-01,0.0,1.8895913065589474e-09,1.4318750730762866e-17,1.3272235017803202e-38,0.0,0.9999999981104111
2013-04-01,0.0,0.9999355074054956,1.1059686548731313e-05,1.9400453254739353e-13,0.0,5.3432907761168154e-05
2013-05-01,0.0,0.9999999919441578,8.055842771610295e-09,3.3515492394862306e-18,0.0,4.4562936967729137e-26
2013-06-01,0.0,0.9999999502308098,3.5608068725678525e-09,4.620838623417226e-08,0.0,7.000237765344669e-17
2013-07-01,0.0,0.9999999999996092,3.900201093625278e-13,1.043233027553685e-21,0.0,2.9208067935662804e-15
2013-08-01,0.0,0.9999993162705813,6.768767466027644e-07,3.526597425353671e-12,0.0,6.849142722199938e-09
2013-09-01,0.0,0.9999997939617983,1.589261869855149e-11,2.3811169565013964e-15,0.0,2.060223087172681e-07
2013-10-01,0.0,0.9999999999998437,1.4663739670911132e-13,7.091925951641047e-15,0.0,1.881033370392523e-23
2013-11-01,0.0,0.9999999999995239,4.746485936825405e-13,2.608871408666779e-21,0.0,9.525014332692076e-16
2013-12-01,0.0,0.9984211194714167,0.0015788805285829083,5.711778528215214e-20,0.0,2.3558047791673637e-16
2014-01-01,0.0,0.9999999997136015,2.863979014192679e-10,3.225508926940957e-19,0.0,3.568029146742677e-17
2014-02-01,0.0,0.9999999993587494,6.088032280222897e-10,3.244674235115448e-11,0.0,1.5696073622344106e-30
2014-03-01,0.0,0.9999999775680097,2.182935079658768e-08,6.026429660912315e-10,0.0,1.1432502874089613e-40
2014-04-01,0.0,0.9999932647246739,6.6946789674415075e-06,4.0596358302880635e-08,0.0,2.071810331979035e-18
2014-05-01,0.0,0.9998904156305335,3.7746819650928985e-05,7.714755936680529e-07,0.0,7.106607422268852e-05
2014-06-01,0.0,0.9998578084853249,0.00014218546872900423,2.672284492970157e-09,0.0,3.373661256746773e-09
2014-07-01,0.0,1.0,1.331240802368531e-26,1.043933046245083e-24,0.0,7.704334693835864e-23
2014-08-01,0.0,1.0,1.4290858704966731e-35,2.6243270984881175e-35,0.0,2.498172543207671e-31
2014-09-01,0.0,0.9999999999629097,2.2687118517119744e-13,6.467762874387624e-26,0.0,3.686292145627112e-11
2014-10-01,0.0,0.9999613356057355,1.0287519843268713e-08,4.4500302223148526e-15,0.0,3.865410674252748e-05
2014-11-01,0.0,0.999999918396792,8.160278089229572e-08,4.236416202279475e-13,0.0,6.725219513823515e-17
2014-12-01,0.0,0.9999993300740512,1.6699891442947495e-09,1.169205927509403e-26,0.0,6.682559603243778e-07
2015-01-01,0.0,1.917246566347995e-10,1.568650227578371e-12,5.304091730287834e-20,0.0,0.999999999806704
2015-02-01,0.0,6.036823243901353e-36,1.0,1.1579889992393465e-59,0.0,1.727139655539025e-16
2015-03-01,0.0,1.0,2.32596732480128e-20,1.62704268375921e-32,0.0,6.73843974805888e-97
2015-04-01,0.0,3.724164602043386e-14,2.0695329829746605e-14,8.364407923577926e-26,0.0,0.9999999999999432
2015-05-01,0.0,1.2528059113618151e-05,0.9999874719408881,4.2522429138768187e-16,0.0,1.2603978951606279e-16
2015-06-01,0.0,7.948862520834024e-19,1.4242989995960636e-12,5.413053085912345e-23,0.0,0.9999999999985789
2015-07-01,0.0,0.9999999972958733,2.703960545345574e-09,1.3772685066966193e-31,0.0,1.636331042044706e-13
2015-08-01,0.0,0.9999999999813909,1.860876973088254e-11,1.745532292871269e-23,0.0,1.8420344650425576e-17
2015-09-01,0.0,5.283537734897924e-23,1.4895394369422452e-16,2.2687859668058377e-41,0.0,1.0
2015-10-01,0.0,3.8497815090465355e-13,0.999999999999531,9.07864755605804e-14,0.0,1.5414947014347677e-23
2015-11-01,0.0,0.9999999999845315,1.546818533690159e-11,1.45249579174262e-20,0.0,2.2182854453278267e-27
2015-12-01,0.0,3.122384791705325e-59,1.0059796895083172e-57,1.7606176099980112e-35,0.0,1.0
2016-01-01,0.0,1.0,9.519294316330206e-84,1.3814447472019965e-53,0.0,8.591406314807798e-64
2016-02-01,0.0,0.9999999997919815,7.43856820709055e-17,5.187083497880063e-26,0.0,2.0801853391855866e-10
2016-03-01,0.0,6.627113713215441e-12,0.9999999999933777,1.4907887545174799e-30,0.0,5.95366693279217e-33
2016-04-01,0.0,0.9999999049559324,9.504397792789109e-08,3.756004045536162e-20,0.0,9.313093953020862e-14
2016-05-01,0.0,0.9999992222817053,7.777164222779703e-07,6.2230295151217904e-15,0.0,1.868122854355843e-12
2016-06-01,0.0,0.999999787929171,1.2943321558748596e-07,4.773081571018361e-15,0.0,8.263760979293621e-08
2016-07-01,0.0,5.515677802944047e-09,4.826076370311416e-07,1.3393790665653968e-16,0.0,0.9999995118766859
2016-08-01,0.0,3.8409173850827134e-08,0.9999048013318328,7.737944527040423e-13,0.0,9.51602582172251e-05
2016-09-01,0.0,0.9999999885763131,1.0083371333469755e-08,1.8674579880605777e-13,0.0,1.3401257155637145e-09
2016-10-01,0.0,1.8933918802611025e-06,3.115901390313213e-08,3.4935322454453475e-20,0.0,0.9999980754491037
2016-11-01,0.0,1.505043153580432e-19,3.563576359860649e-09,7.7080290364472e-34,0.0,0.9999999964364221
2016-12-01,0.0,3.686175435386919e-19,1.0,1.0202542202097204e-36,0.0,1.238830957936252e-33
2017-01-01,0.0,6.3033150286061316e-18,1.0,1.2914322809015357e-18,0.0,1.0465854386346399e-17
2017-02-01,0.0,7.802611138210053e-06,1.469792374936995e-08,1.2178882360967352e-15,0.0,0.9999921826909335
2017-03-01,0.0,2.361576811306761e-13,0.00015318087057382027,1.4165505298120543e-18,0.0,0.9998468191291929
2017-04-01,0.0,0.9999999995535802,4.464197917056101e-10,1.5239597221097362e-15,0.0,5.4832009885607974e-17
2017-05-01,0.0,0.9999999999954454,4.406492535892348e-12,4.112802385507992e-21,0.0,1.51281885461333e-13
2017-06-01,0.0,0.9999999861488931,1.384945198371832e-08,1.897213421377085e-18,0.0,1.6555990950356863e-12
2017-07-01,0.0,0.9999999491624023,5.083722251386527e-08,5.635797682352033e-21,0.0,3.7620210934462874e-13
2017-08-01,0.0,1.431499133080287e-11,0.9999999999795719,6.092811252765276e-12,0.0,2.036965594681221e-14
2017-09-01,0.0,7.012478274182353e-17,0.999942901397478,1.8825846251729376e-16,0.0,5.7098602517805235e-05
2017-10-01,0.0,2.067336084522133e-30,7.457380413758176e-14,5.461959639747928e-31,0.0,0.999999999999929
2017-11-01,0.0,0.0013238843460075314,0.9986761156539916,1.473522877629536e-18,0.0,1.5239489699400644e-22
2017-12-01,0.0,0.9953513920343103,0.00031102785288842006,2.812863135590871e-15,0.0,0.00433758011279727
2018-01-01,0.0,7.088177902328686e-17,0.9999999993392947,1.166157043487351e-17,0.0,6.607082012744445e-10
2018-02-01,0.0,6.687269105532511e-28,1.2551231305445216e-06,2.664655301873235e-19,0.0,0.9999987448768682
2018-03-01,0.0,5.162149945184583e-09,7.153664354362348e-07,2.6829729023954655e-18,0.0,0.9999992794714141
2018-04-01,0.0,0.9999939540736393,6.045926359443026e-06,1.4653261380640688e-23,0.0,4.413048125128425e-15
2018-05-01,0.0,6.2482116876267185e-09,0.9999999937516151,1.5373570616001566e-14,0.0,1.6296964346504394e-13
2018-06-01,0.0,0.999999938477652,6.152226597984035e-08,7.200684534911065e-17,0.0,7.97006677440263e-14
2018-07-01,0.0,0.9999999999032596,9.674005555714844e-11,5.807844975695e-18,0.0,2.284805051787838e-19
2018-08-01,0.0,0.9999997092075216,2.907924805581498e-07,8.344976602213555e-18,0.0,6.964078533219277e-16
2018-09-01,0.0,1.0072159761438911e-12,0.9999999999985079,6.018596917590023e-21,0.0,4.837475670981109e-13
2018-10-01,0.0,4.217213901938788e-18,3.53472112066299e-05,1.9449649426876922e-14,0.0,0.9999646527887731
2018-11-01,0.0,4.4719785742958355e-07,9.13637593371644e-08,6.983167267455976e-34,0.0,0.9999994614383809
2018-12-01,0.0,0.9999999999999716,2.9250312103334476e-14,4.095019986065635e-24,0.0,6.099282794319913e-29
2019-01-01,0.0,1.3710846724436485e-26,2.678135931273127e-10,3.7267758980119374e-31,0.0,0.9999999997321893
2019-02-01,0.0,1.2261653226228802e-05,0.999987738346774,1.1247681338175839e-19,0.0,8.905480066768574e-24
2019-03-01,0.0,0.9992218249030569,0.0007781745066827017,5.902618642035837e-10,0.0,2.55640877997713e-37
2019-04-01,0.0,0.9999999999746692,2.3634712841963784e-11,5.034232089253983e-13,0.0,1.1957616642546138e-12
2019-05-01,0.0,0.00023113054341622255,1.0330880317317728e-11,1.8371359964704912e-23,0.0,0.9997688694462529
2019-06-01,0.0,0.9999999999579359,4.206484007519271e-11,9.523320517569694e-21,0.0,4.999835203861166e-22
2019-07-01,0.0,1.218584580945392e-10,0.9999999998781277,2.2816907492569898e-19,0.0,8.54943079084963e-15
2019-08-01,0.0,1.242247554239033e-07,3.4619647120743016e-08,1.433254438648528e-11,0.0,0.999999841141266
2019-09-01,0.0,0.9999998400592659,1.5987109047427397e-07,1.683195561277419e-17,0.0,6.96465377366552e-11
2019-10-01,0.0,3.0696253439994216e-15,1.0,4.5426059585475485e-17,0.0,8.04313843865336e-17
2019-11-01,0.0,2.4050151085632052e-27,1.0,3.943915557154665e-16,0.0,2.7582109646332086e-22
2019-12-01,0.0,2.435383599257803e-06,0.9999975626045131,2.0118848882661198e-09,0.0,6.00334435236601e-26
2020-01-01,0.0,4.982428889378723e-28,5.150591951555616e-25,1.017458342585611e-18,0.0,1.0
2020-02-01,0.0,1.9955082669001833e-19,1.2020241054109824e-07,2.0959885500595543e-16,0.0,0.9999998797975921
2020-03-01,1.0,0.0,0.0,0.0,0.0,0.0
2020-04-01,1.0,0.0,0.0,0.0,0.0,0.0
2020-05-01,1.0,0.0,0.0,0.0,0.0,0.0
2020-06-01,1.0,0.0,0.0,0.0,0.0,0.0
2020-07-01,1.0,0.0,0.0,0.0,0.0,0.0
2020-08-01,0.0,0.0,1.311697477972768e-145,1.0,0.0,0.0
2020-09-01,0.0,7.842504182869085e-130,4.765462083409447e-27,1.2444888290367603e-17,0.0,1.0
2020-10-01,0.0,3.767345403175816e-307,2.66583213498295e-41,1.0,0.0,1.5464094163226786e-35
2020-11-01,0.0,2.765600239782838e-60,2.801294650246643e-07,0.9999997198688072,0.0,1.7315500848881024e-12
2020-12-01,0.0,1.0484960518542301e-31,1.0,3.2208048042995937e-24,0.0,3.237154136473352e-39
2021-01-01,0.0,0.0,6.690237997566635e-271,1.0,0.0,0.0
2021-02-01,1.0,0.0,0.0,0.0,0.0,0.0
2021-03-01,1.0,0.0,0.0,0.0,0.0,0.0
2021-04-01,1.0,0.0,0.0,0.0,0.0,0.0
2021-05-01,0.0,4.3576581592949795e-170,1.2198615093958947e-13,0.9999999999998721,0.0,1.0001329407964656e-55
2021-06-01,0.0,2.1928088499798994e-131,2.2424756623921832e-69,1.0,0.0,1.1247515921352135e-71
2021-07-01,1.0,0.0,0.0,0.0,0.0,0.0
2021-08-01,0.0,3.552673920683511e-20,1.1249776448335617e-08,1.244854899481346e-09,0.0,0.9999999875053689
2021-09-01,0.0,1.8332424290423725e-60,0.999999956025378,2.994149334313357e-08,0.0,1.4033128672322974e-08
2021-10-01,0.0,4.541268848452329e-80,6.267038776893474e-19,1.0,0.0,4.841223524782716e-43
2021-11-01,0.0,1.0054655549871054e-44,2.7686515362691264e-15,1.0,0.0,3.2565074155580725e-16
2021-12-01,0.0,1.7716307463991774e-41,1.3927796242459749e-08,3.1838039332596706e-20,0.0,0.9999999860722042
2022-01-01,0.0,7.3766056393209255e-56,1.0,5.503874940412826e-44,0.0,3.856364582250825e-23
2022-02-01,0.0,2.536499284038734e-70,6.996514571972018e-22,1.0,0.0,8.394361377346316e-35
2022-03-01,0.0,2.5761063434079928e-49,3.5315180809664e-10,0.999999999646846,0.0,1.8851008107140515e-31
2022-04-01,0.0,2.7196870859813725e-64,1.1933470353484499e-17,7.63739177423886e-67,0.0,1.0
2022-05-01,0.0,1.207525174786285e-33,1.0,4.599043929279258e-36,0.0,1.8681090669179392e-34
2022-06-01,0.0,1.1545926726162372e-52,1.0,5.406492096577259e-19,0.0,7.048352017473182e-18
2022-07-01,1.0,0.0,0.0,0.0,0.0,0.0
2022-08-01,0.0,2.4559019270716722e-61,1.0,2.257939748243556e-93,0.0,4.6628759106534464e-74
2022-09-01,0.0,1.052006842844199e-40,1.0,8.498381443239051e-37,0.0,4.345270958722889e-33
2022-10-01,0.0,2.657751234166687e-39,1.0,6.271933933470666e-19,0.0,2.6514855439814013e-38
2022-11-01,0.0,3.007829690961425e-34,0.006785066517767461,3.4462457687725634e-26,0.0,0.993214933482231
2022-12-01,0.0,1.0346958350929845e-61,1.8627456450356235e-11,2.340464623886628e-51,0.0,0.9999999999813696
2023-01-01,0.0,4.043603251946373e-95,1.0,3.903373308951635e-108,0.0,1.6548576681297166e-80
