date,naive_top2_lo,naive_top2_lns,naive_top2_los,naive_top2_mx,naive_top3_lo,naive_top3_lns,naive_top3_los,naive_top3_mx,naive_top4_lo,naive_top4_lns,naive_top4_los,naive_top4_mx,Equal_Weight_10_ETFs,SPY
2004-02-01,0.009628878687949573,-0.011431825070045436,0.001279092986551593,0.001279092986551593,0.014424610331329132,-0.005578862750136639,-0.008767860101848433,-0.008767860101848433,0.012035477673394687,-0.005003087205347829,-0.0023887322324537674,-0.0023887322324537674,0.01679075391536847,0.0246336988388391
2004-03-01,0.04276369678885551,0.025151094595396894,0.022364327843389098,0.022364327843389098,0.04938928645374459,0.03144984123175707,0.03241806113430624,0.03241806113430624,0.046436365747861565,0.0314099210154026,0.03853955899294542,0.03853955899294542,0.030229954143859577,0.0192157080259582
2004-04-01,-0.019194438268750412,-0.0012828984069733276,0.008061239733820925,0.008061239733820925,-0.022285362039419263,-0.00622150376598869,-0.003604588799104958,-0.003604588799104958,-0.020003093744908447,-0.006418941580442442,-0.00864238575626594,-0.00864238575626594,-0.01879066430615254,-0.0170548791806296
2004-05-01,-0.01066086149095559,0.008982779678226836,-0.005600874976107763,-0.005600874976107763,-0.019787950863972364,0.0004289140898131767,0.008181710928081322,0.008181710928081322,-0.018281284747120853,-0.0007924070370322028,-0.0013152965205022564,-0.0013152965205022564,-0.00854770248075103,-0.0143263721110068
2004-06-01,-0.0017629286306039818,-0.00993606263669931,-0.010216385545385457,-0.010216385545385457,-0.0038845706333506696,-0.010149907209078933,-0.010744628855451596,-0.010744628855451596,-0.003210194088160795,-0.009068724378291938,-0.010868298820780343,-0.010868298820780343,0.004259674429994529,0.0049933582228489
2004-07-01,0.021665500519329656,0.006310595694765094,-0.0070566243668083815,-0.0070566243668083815,0.024194308771981213,0.009794005878086282,0.00824192240664315,0.00824192240664315,0.019396529773165347,0.008239069927478106,0.01192601567003325,0.01192601567003325,0.012801554891915038,0.0056984761553064
2004-08-01,0.00845249878847587,0.01911144651666144,0.01567563074936354,0.01567563074936354,0.0068093623379715295,0.01654854906614788,0.01949142572813361,0.01949142572813361,0.0012493436588306593,0.011832056675268031,0.016547429738726145,0.016547429738726145,-0.010780099848512019,-0.0165575099289889
2004-09-01,0.01301049462578408,0.018834826647791604,0.031113107091325164,0.031113107091325164,0.013409430575426996,0.018281009299194233,0.022238784047852428,0.022238784047852428,0.011115721080483672,0.016377263785478078,0.021077141186945828,0.021077141186945828,0.005364097066246661,0.0022506111223443
2004-10-01,0.05053624710416632,0.010696531444742903,-0.018288900439083516,-0.018288900439083516,0.048500797062490136,0.015054630353347871,0.016172612376234338,0.016172612376234338,0.04427295210653839,0.015286141338781197,0.020217065679431066,0.020217065679431066,0.028193459627539164,0.0251804826271984
2004-11-01,-0.011298269701862066,-0.01421098233333742,-0.011298269701862066,-0.011298269701862066,-0.011863847915250924,-0.01413316915172058,-0.01605430182735923,-0.01605430182735923,-0.0035951636913674886,-0.008071574570930114,-0.015649155826844754,-0.015649155826844754,0.002264499147395009,-0.0012319448088725
2004-12-01,0.048090473094441796,0.005953276267761199,0.048090473094441796,0.048090473094441796,0.05771832836695328,0.018953992534808554,0.013344118048050024,0.013344118048050024,0.05235540792127223,0.019988023214029916,0.02642478917406993,0.02642478917406993,0.05494026986171461,0.0535053215177059
2005-01-01,-0.012319743500143266,-0.008557313638129489,-0.012319743500143266,-0.012319743500143266,-0.010659533981517371,-0.008049082253377818,-0.008213626444874332,-0.008213626444874332,-0.005055561200219076,-0.004020018469544057,-0.007749121175405111,-0.007749121175405111,0.007554728964377219,0.0137400207136182
2005-02-01,0.039888501825388334,0.039119210072522795,0.039888501825388334,0.039888501825388334,0.02613863709382042,0.028953162049908727,0.04060886443999275,0.04060886443999275,0.028753927990876817,0.03059335435310817,0.029700563684898984,0.029700563684898984,0.0007045854789558507,-0.0115540962017323
2005-03-01,0.062192811806606865,0.03965545519919324,0.062192811806606865,0.062192811806606865,0.050861375485139707,0.035463381858016244,0.04325251915406366,0.04325251915406366,0.05477310644373623,0.040848137821911996,0.03814343557814204,0.03814343557814204,0.028580152624878192,0.0195101858642698
2005-04-01,-0.011743981627700103,0.002275548053783105,-0.011743981627700103,-0.011743981627700103,-0.01666331966606656,-0.004348031267678528,-0.01666331966606656,-0.01666331966606656,-0.011086381488381255,-0.0017880590441172722,-0.005373433591025382,-0.005373433591025382,-0.02133632097217684,-0.0275405852688335
2005-05-01,-0.030263533246114815,-0.013006722330260744,-0.030263533246114815,-0.030263533246114815,-0.014360216806784643,-0.0045434651996395965,-0.014420498298571399,-0.014420498298571399,-0.023612294891960973,-0.013340528401997433,-0.005229312572105467,-0.005229312572105467,-0.01278765605325377,-0.0087708087403883
2005-06-01,0.031438274872049976,-0.003418945549468786,0.031438274872049976,0.031438274872049976,0.025129586359570934,-0.000649519215071958,0.025129586359570934,0.025129586359570934,0.020866896872253918,-0.0005166671321473575,0.0013306647203685587,0.0013306647203685587,0.03146158654084889,0.035223329724584
2005-07-01,0.04434363556749426,0.03683830705533771,0.04434363556749426,0.04434363556749426,0.047513890610377224,0.040962416422199326,0.047513890610377224,0.047513890610377224,0.03383484333830998,0.03077306280869465,0.04216745954051959,0.04216745954051959,0.0010618790726994196,-0.0040465811297705
2005-08-01,0.03410767524670645,0.010542575520932415,0.03410767524670645,0.03410767524670645,0.028516433757105233,0.011451312055863541,0.028516433757105233,0.028516433757105233,0.031629302032043775,0.0159017667683969,0.012961898452712348,0.012961898452712348,0.035370200287489224,0.0344687181808531
2005-09-01,0.06245278431047632,0.05077516961414038,0.06245278431047632,0.06245278431047632,0.04069680967172803,0.03562032403449644,0.04069680967172803,0.04069680967172803,0.02911548144609053,0.026492584764105633,0.03591445596730054,0.03591445596730054,-0.0045570240697603,-0.0093815685774185
2005-10-01,0.03500158336192827,0.026283405176488535,0.03500158336192827,0.03500158336192827,0.02683544943985465,0.021442904575844426,0.02683544943985465,0.02683544943985465,0.023334500131202127,0.019103180978779166,0.02187273143069087,0.02187273143069087,0.00865475349492028,0.0051589387931372
2005-11-01,-0.0866032380161148,-0.06319361699887663,-0.0866032380161148,-0.0866032380161148,-0.05728293336800476,-0.043744596522539855,-0.05728293336800476,-0.05728293336800476,-0.048616259531991626,-0.03787152680394677,-0.044520100921429925,-0.044520100921429925,-0.02488491357526579,-0.0172111909453505
2005-12-01,0.04735461047853169,0.016073176757279792,0.04735461047853169,0.04735461047853169,0.04073696298910955,0.0174160601685905,0.04073696298910955,0.04073696298910955,0.04848899018175238,0.026632265038367135,0.019082201361105503,0.019082201361105503,0.05186215628519878,0.0514568193191202
2006-01-01,0.0243283094777577,0.024744410026417113,0.0243283094777577,0.0243283094777577,0.02431483712106634,0.02464029988166394,0.02431483712106634,0.02431483712106634,0.025313243332076886,0.02546371617573398,0.025313243332076886,0.025313243332076886,0.01071772195317636,0.0053803443445004
2006-02-01,0.036223407326413055,0.02536377499288821,0.036223407326413055,0.036223407326413055,0.028568066833178887,0.021317752291443018,0.028568066833178887,0.028568066833178887,0.028718284212338047,0.022550230086438278,0.028718284212338047,0.028718284212338047,0.014947808893024616,0.0133385989035019
2006-03-01,-0.021953542425601682,-0.020877843330100697,-0.021953542425601682,-0.021953542425601682,-0.014207829619001853,-0.014478202093352117,-0.014207829619001853,-0.014207829619001853,-0.013293776306562073,-0.01363110294003438,-0.013293776306562073,-0.013293776306562073,0.0052898920413424295,0.0076332359308042
2006-04-01,0.01730950693054379,0.012580869414971833,0.01730950693054379,0.01730950693054379,0.0011600268320874317,-0.00020763591557906337,0.0011600268320874317,0.0011600268320874317,0.008675790360186734,0.006634840337466835,0.008675790360186734,0.008675790360186734,0.007428234279769743,0.0067706954698985
2006-05-01,0.046653246838987195,0.04315378668787416,0.046653246838987195,0.046653246838987195,0.03641544137766049,0.03509073036799165,0.03641544137766049,0.03641544137766049,0.03510302513667331,0.03415663833418674,0.03510302513667331,0.03510302513667331,0.00987592306052349,0.0051640772113439
2006-06-01,-0.02861770050929782,-0.016293530257918784,-0.02861770050929782,-0.02861770050929782,-0.030447499650743805,-0.020431348817304615,-0.030447499650743805,-0.030447499650743805,-0.01761859998663281,-0.01079968806950135,-0.01761859998663281,-0.01761859998663281,-0.0101807440307178,-0.0128066205377764
2006-07-01,0.017617243717954537,0.0170054567232302,0.017617243717954537,0.017617243717954537,0.019297767975591566,0.018570359117681737,0.019297767975591566,0.019297767975591566,0.016859212826344797,0.016555295878290917,0.016859212826344797,0.016859212826344797,0.00255779316800102,-0.0028363598385234
2006-08-01,0.01725198229019884,0.022982205464529358,0.01725198229019884,0.01725198229019884,0.025836800755949327,0.028979410449506117,0.025836800755949327,0.025836800755949327,0.010799876880486692,0.015326370167585134,0.010799876880486692,0.010799876880486692,-0.007905968016092777,-0.0045380307407661
2006-09-01,-0.01572980373191713,-0.030726048587239714,-0.01572980373191713,-0.01572980373191713,-0.006842801063087545,-0.019618624443801108,-0.006842801063087545,-0.006842801063087545,0.0022530981177882113,-0.009957925776698878,0.0022530981177882113,0.0022530981177882113,0.0313870326092374,0.0330136278666377
2006-10-01,-0.02003677184328617,-0.021546346359009736,-0.02003677184328617,-0.02003677184328617,-0.016581052779023005,-0.01817775124511912,-0.016581052779023005,-0.016581052779023005,-0.015340816079972302,-0.016833441398855297,-0.015340816079972302,-0.015340816079972302,0.008571543796532261,0.0170843976082195
2006-11-01,0.032716532158263756,0.019503580792463813,0.032716532158263756,0.032716532158263756,0.03823548922417569,0.027637566671818027,0.03823548922417569,0.03823548922417569,0.0402463648460505,0.031057742385672382,0.0402463648460505,0.0402463648460505,0.032829594849966115,0.0284042484443081
2006-12-01,0.058467608545958755,0.045324439213243736,0.058467608545958755,0.058467608545958755,0.046812376046726153,0.03852212316189691,0.046812376046726153,0.046812376046726153,0.046176710503252213,0.03929054255955267,0.046176710503252213,0.046176710503252213,0.026409156394062227,0.0245503121464332
2007-01-01,-0.015647071203978076,-0.014260495102282122,-0.015647071203978076,-0.015647071203978076,-0.0074912500278096,-0.007348512043811515,-0.0074912500278096,-0.0074912500278096,-0.004692499165163283,-0.00482411195013926,-0.004692499165163283,-0.004692499165163283,0.01140494050910979,0.0138188587356389
2007-02-01,0.021204017522845536,0.01623695546991465,0.021204017522845536,0.021204017522845536,0.01544167872817749,0.012431494746998999,0.01544167872817749,0.01544167872817749,0.023745698945984283,0.020512302929606728,0.023745698945984283,0.023745698945984283,0.024689812235341658,0.0229189266406855
2007-03-01,-0.03208452985779938,-0.024286233791279747,-0.03208452985779938,-0.03208452985779938,-0.008329324997406498,-0.005052764951736533,-0.008329324997406498,-0.008329324997406498,-0.004689521650791447,-0.002311275723964234,-0.004689521650791447,-0.004689521650791447,-0.01721260962830372,-0.0283526676617876
2007-04-01,0.06766870471753678,0.0552023574228865,0.06766870471753678,0.06766870471753678,0.042647704491393976,0.036331371554397474,0.042647704491393976,0.042647704491393976,0.03964761643262637,0.03475590751540143,0.03964761643262637,0.03964761643262637,0.02296263264234465,0.015755922971594
2007-05-01,0.039692717140471255,0.027876936432149772,0.039692717140471255,0.039692717140471255,0.042824560413043326,0.03379486294711584,0.042824560413043326,0.042824560413043326,0.03642852671344611,0.02959148650534943,0.03642852671344611,0.03642852671344611,0.039808768113558296,0.0457940746040124
2007-06-01,0.039504783783797036,0.029310125332902042,0.039504783783797036,0.039504783783797036,0.03529342885861645,0.028235305543602096,0.03529342885861645,0.03529342885861645,0.04371722309557853,0.03733958611696005,0.04371722309557853,0.04371722309557853,0.037982954734648994,0.0363890624101284
2007-07-01,-0.0010044044071695051,-0.0016784184315977186,-0.0010044044071695051,-0.0010044044071695051,-0.011165866188776238,-0.010870472291857157,-0.011165866188776238,-0.011165866188776238,-0.009526572602816249,-0.00939037502508503,-0.009526572602816249,-0.009526572602816249,-0.0108140141854413,-0.0106165523454583
2007-08-01,-0.025198866439393747,-0.02245683949163429,-0.025198866439393747,-0.025198866439393747,-0.04346625139646938,-0.040044397821575706,-0.04346625139646938,-0.04346625139646938,-0.041993755657346254,-0.0393370599552765,-0.041993755657346254,-0.041993755657346254,-0.03344876130965097,-0.0353116964515755
2007-09-01,0.024304699704486152,0.01896108860263637,0.024304699704486152,0.024304699704486152,0.018124832552447047,0.01460359724608356,0.018124832552447047,0.018124832552447047,0.018982611437567014,0.016089810824687068,0.018982611437567014,0.018982611437567014,0.016014013861225442,0.0180975810320116
2007-10-01,0.055695406523965936,0.04677855217727942,0.055695406523965936,0.055695406523965936,0.050395254591213724,0.04407899639845257,0.050395254591213724,0.050395254591213724,0.057719592196825036,0.05219309131999288,0.057719592196825036,0.057719592196825036,0.042849595333993525,0.0399244481461593
2007-11-01,0.0006633915808406006,-0.002079669622458884,0.0006633915808406006,0.0006633915808406006,-0.003098503664528655,-0.004891949199543573,-0.003098503664528655,-0.003098503664528655,-0.020266453080083194,-0.020801376868563946,-0.020266453080083194,-0.020266453080083194,-0.017672628478687162,-0.0211927906408385
2007-12-01,0.011370418358477432,0.016136828101756984,0.011370418358477432,0.011370418358477432,0.0025748275382409536,0.0066594310587515994,0.0025748275382409536,0.0025748275382409536,-0.005132389905904467,-0.0013866047853218523,-0.005132389905904467,-0.005132389905904467,-0.01168337972628418,-0.0221807462824551
2008-01-01,0.03633709261141955,0.032350052486614315,0.03633709261141955,0.03633709261141955,0.028446539070685145,0.025996157820755837,0.028446539070685145,0.028446539070685145,0.01965305125820281,0.018157539357883893,0.01965305125820281,0.01965305125820281,-0.01257354695898583,-0.0134129213942805
2008-02-01,-0.07704948340940519,-0.061141366790677006,-0.07704948340940519,-0.07704948340940519,-0.0594908234703217,-0.04864586100577116,-0.0594908234703217,-0.0594908234703217,-0.05469499773671457,-0.04593901834756672,-0.05469499773671457,-0.05469499773671457,-0.030024986079952815,-0.0369140523639006
2008-03-01,0.021430801888667486,0.02660744209022275,0.021430801888667486,0.021430801888667486,0.019785021712542955,0.023830592794786436,0.019785021712542955,0.019785021712542955,0.015906277839387997,0.019602437247549905,0.015906277839387997,0.015906277839387997,-0.031722818406101264,-0.0435592362672844
2008-04-01,0.0007561374898994288,-0.005010399604831761,0.0007561374898994288,0.0007561374898994288,0.0007427987877722392,-0.0035872368237296155,0.0007427987877722392,0.0007427987877722392,0.006594834862480599,0.0024395602325653553,0.006594834862480599,0.006594834862480599,0.02110553511651757,0.0283618840581332
2008-05-01,0.05004304065828933,0.03411456922309908,0.05004304065828933,0.05004304065828933,0.039954659324627766,0.02896439489747146,0.039954659324627766,0.039954659324627766,0.0322857514875622,0.023760396742874258,0.0322857514875622,0.0322857514875622,0.031188991756292205,0.0330137078514405
2008-06-01,0.054103384710769795,0.047671552578236465,0.054103384710769795,0.054103384710769795,0.053375649008304,0.04860674177287171,0.053375649008304,0.053375649008304,0.044454640593347944,0.04105951221637531,0.044454640593347944,0.044454640593347944,-0.00239081932053293,-0.015731693435343
2008-07-01,0.019411534757535143,0.02610253567569099,0.019411534757535143,0.019411534757535143,-0.004732641694428878,0.002035454211628436,-0.004732641694428878,-0.004732641694428878,-0.01249859338841346,-0.006346808340771481,-0.01249859338841346,-0.01249859338841346,-0.06629201374826861,-0.071114752979143
2008-08-01,-0.13503580009903465,-0.11605176895071662,-0.13503580009903465,-0.13503580009903465,-0.10886310154859936,-0.09660489669896749,-0.10886310154859936,-0.10886310154859936,-0.08829915408007183,-0.07936998389611152,-0.08829915408007183,-0.08829915408007183,-0.0199140974375967,-0.0172924036493807
2008-09-01,-0.027928913673034805,-0.0273127473979801,-0.027928913673034805,-0.027928913673034805,-0.02648352342747575,-0.02617206442890959,-0.02648352342747575,-0.02648352342747575,-0.014359714834518332,-0.015166151906225778,-0.014359714834518332,-0.014359714834518332,0.01697613671289444,0.0145053818726494
2008-10-01,-0.10952420257393072,-0.07704860368015494,-0.10952420257393072,-0.10952420257393072,-0.11987552977267969,-0.0943225115964549,-0.11987552977267969,-0.11987552977267969,-0.09914577413834917,-0.08002029170522995,-0.09914577413834917,-0.09914577413834917,-0.09432871814826083,-0.0879618273014831
2008-11-01,-0.1662832290908103,-0.10628434260512545,-0.1662832290908103,-0.1662832290908103,-0.15321222301908205,-0.10931624877241727,-0.15321222301908205,-0.15321222301908205,-0.16523028644619595,-0.1274864481154318,-0.16523028644619595,-0.16523028644619595,-0.1702998645944071,-0.163277843170429
2008-12-01,-0.07357503436319064,0.002838917041406132,-0.07357503436319064,-0.07357503436319064,-0.07305320091285003,-0.006789096994382739,-0.014283271163714736,-0.014283271163714736,-0.09008031918901466,-0.025736121085266635,-0.02536300392590979,-0.02536300392590979,-0.14377540240343983,-0.1544638573333173
2009-01-01,0.10064026589433304,-0.0042307725342371726,0.007322552084181179,0.007322552084181179,0.09493994488657378,-0.016135564654291057,0.0247334532929565,0.0247334532929565,0.09806445947287867,-0.021129765747876967,-0.0042307725342371726,-0.0042307725342371726,0.14160049581816622,0.1413305399655067
2009-02-01,-0.05433394957250793,-0.009600815421695868,-0.05433394957250793,-0.05433394957250793,-0.06347894592959757,-0.013372572484424104,-0.022725225210353858,-0.022725225210353858,-0.0709087184801494,-0.023650565237963616,-0.03585092508675846,-0.03585092508675846,-0.11127633778363681,-0.1116608158519668
2009-03-01,-0.16714669095286827,-0.060652136891260304,-0.16714669095286827,-0.16714669095286827,-0.1533147478578203,-0.03362221585647589,-0.09692768197908098,-0.09692768197908098,-0.15091542907681024,-0.03274010989469345,-0.060652136891260304,-0.060652136891260304,-0.14922353496113053,-0.1450716335672333
2009-04-01,0.11045729702375841,-0.034052518140225176,-0.012648162521789935,-0.012648162521789935,0.10630927510696084,-0.06937953191634653,-0.05380533920824146,-0.05380533920824146,0.11482177602650018,-0.07161514050083109,-0.10234361333877068,-0.10234361333877068,0.16447109550501388,0.1563767445506654
2009-05-01,0.0689368789012751,0.006002965102753478,0.018221947499039243,0.018221947499039243,0.08173828518100919,0.0034950911404354502,0.02250371374234671,0.02250371374234671,0.07330539429128319,0.0022503739495322514,0.006002965102753478,0.006002965102753478,0.09609356061007923,0.0842588547128975
2009-06-01,0.09898508871118425,0.048804071983746096,0.09898508871118425,0.09898508871118425,0.09649697357260897,0.04564956680808359,0.06437263034662695,0.06437263034662695,0.09180753577550678,0.048204406181912775,0.06875227713759925,0.06875227713759925,0.07999312846830128,0.0782793261666876
2009-07-01,-0.04879072631565512,-0.03680182756624244,-0.04879072631565512,-0.04879072631565512,-0.0542890772387714,-0.043349294476462664,-0.0542890772387714,-0.0542890772387714,-0.04465441050996577,-0.037129988734730085,-0.04465441050996577,-0.04465441050996577,-0.025213423076477497,-0.0202429764898729
2009-08-01,0.0610807244510035,0.018012780849057497,0.0610807244510035,0.0610807244510035,0.05853588905738359,0.022296592788544563,0.05853588905738359,0.05853588905738359,0.07793383790075727,0.04289339928636808,0.031105827934001372,0.031105827934001372,0.09125563480168694,0.0878373546604216
2009-09-01,-0.021814877322031707,-0.01392330125848531,-0.021814877322031707,-0.021814877322031707,-0.02664688093882919,-0.01967468605662293,-0.02664688093882919,-0.02664688093882919,-0.02114440494777647,-0.016093345795116697,-0.02114440494777647,-0.02114440494777647,-0.0047377579349993995,-0.0023897814205801
2009-10-01,0.02730440129663469,0.013456791578499782,0.02730440129663469,0.02730440129663469,0.028824417421992356,0.017589820721189323,0.028824417421992356,0.028824417421992356,0.029445927067865828,0.020053645657204095,0.029445927067865828,0.029445927067865828,0.03187873865408402,0.0325396353830538
2009-11-01,0.03111463982426379,0.020841245684402696,0.03111463982426379,0.03111463982426379,0.031793751601013526,0.02373184598348046,0.031793751601013526,0.031793751601013526,0.024491618996362867,0.01874289081570278,0.024491618996362867,0.024491618996362867,0.010719525229443569,0.013110671217025
2009-12-01,0.04877229608783419,0.028822654226946808,0.04877229608783419,0.04877229608783419,0.04663067371568018,0.031752629283892275,0.04663067371568018,0.04663067371568018,0.060797040947143846,0.04695995968538345,0.060797040947143846,0.060797040947143846,0.07078789198489865,0.0669097216250942
2010-01-01,0.03125092507275175,0.018709643232375867,0.03125092507275175,0.03125092507275175,0.020083072919991462,0.01189049396956505,0.020083072919991462,0.020083072919991462,0.022685179698693905,0.015831457591577856,0.022685179698693905,0.022685179698693905,0.02491947136279595,0.0237203069016016
2010-02-01,-0.0431318520912652,-0.02710588423440241,-0.0431318520912652,-0.0431318520912652,-0.034207045110628956,-0.022934546457743975,-0.034207045110628956,-0.034207045110628956,-0.043657702212516185,-0.03390456169924411,-0.043657702212516185,-0.043657702212516185,-0.036781199798150734,-0.0376771492264694
2010-03-01,0.0015771840095406505,-0.0042278692586583885,0.0015771840095406505,0.0015771840095406505,0.009728676892863889,0.0043994969847408714,0.009728676892863889,0.009728676892863889,0.011882602186556374,0.0073215428472241054,0.011882602186556374,0.011882602186556374,0.02533960983954527,0.0259484469835407
2010-04-01,0.03690943192911268,0.024138837519260638,0.03690943192911268,0.03690943192911268,0.03385987028073815,0.024697096602454352,0.03385987028073815,0.03385987028073815,0.04351882977107983,0.03522542652315924,0.04351882977107983,0.04351882977107983,0.055775039108931224,0.0571554071941606
2010-05-01,0.015597608592495659,0.0103060207642147,0.015597608592495659,0.015597608592495659,0.018375150077475973,0.014218902514434001,0.018375150077475973,0.018375150077475973,0.011173764804205958,0.008350663516688214,0.011173764804205958,0.011173764804205958,0.01984343617055188,0.0216469576909656
2010-06-01,-0.13420554272971344,-0.1086896044908612,-0.13420554272971344,-0.13420554272971344,-0.11120737666813812,-0.09428554431516709,-0.11120737666813812,-0.11120737666813812,-0.11382508747633747,-0.09998211064116924,-0.11382508747633747,-0.11382508747633747,-0.10742451157927069,-0.1065223327080394
2010-07-01,-0.01810113695531191,-0.007595246299524386,-0.01810113695531191,-0.01810113695531191,-0.00938900647195959,-0.002591567824823935,-0.00938900647195959,-0.00938900647195959,-0.01714864045550352,-0.01084340583265674,-0.01714864045550352,-0.01714864045550352,-0.034901309809582365,-0.0398132145414029
2010-08-01,0.11573506232237155,0.07806696936715488,0.11573506232237155,0.11573506232237155,0.10219075101606241,0.07560347163548979,0.10219075101606241,0.10219075101606241,0.11427914272137671,0.0909325123290213,0.11427914272137671,0.11427914272137671,0.10258616788478132,0.0973140497290228
2010-09-01,-0.01976314946083059,-0.010675675373753375,-0.01976314946083059,-0.01976314946083059,-0.0176575472336852,-0.011141493453881228,-0.0176575472336852,-0.0176575472336852,-0.019653215907324797,-0.014221308828574579,-0.019653215907324797,-0.019653215907324797,-0.03183970369490607,-0.0381342487608564
2010-10-01,0.04661218549961446,0.027146200330277218,0.04661218549961446,0.04661218549961446,0.04579679364508888,0.03137894869926845,0.04579679364508888,0.04579679364508888,0.04865340200787613,0.03664756168574582,0.04865340200787613,0.04865340200787613,0.05886777745946742,0.062360223791029
2010-11-01,0.022647258603610085,0.013565935064716518,0.022647258603610085,0.022647258603610085,0.02356961397709122,0.0168682539794516,0.02356961397709122,0.02356961397709122,0.028435996518838054,0.02269675897344605,0.028435996518838054,0.028435996518838054,0.03112552658112756,0.0342026839685964
2010-12-01,0.0524152172666023,0.04717749399762256,0.0524152172666023,0.0524152172666023,0.033850669807128884,0.031330499193366675,0.033850669807128884,0.033850669807128884,0.03501409914781607,0.03293214567099466,0.03501409914781607,0.03501409914781607,0.02394096427368734,0.0209233839737255
2011-01-01,0.05251967449120723,0.04383400567055676,0.05251967449120723,0.05251967449120723,0.044248482292452304,0.03845533776238929,0.044248482292452304,0.044248482292452304,0.05183413746678561,0.046820447351183486,0.05183413746678561,0.05183413746678561,0.053404690054232394,0.0554345842215111
2011-02-01,0.04343244904639964,0.03756729849112614,0.04343244904639964,0.04343244904639964,0.03596745871502026,0.032092482788198214,0.03596745871502026,0.03596745871502026,0.03232699655785739,0.029417876975749113,0.03232699655785739,0.03232699655785739,0.02576628860839198,0.0290435669246238
2011-03-01,0.01874524835600749,0.01848388201676294,0.01874524835600749,0.01874524835600749,0.01731201917466854,0.01718461416634636,0.01731201917466854,0.01731201917466854,0.008101489599462452,0.008316458675303054,0.008101489599462452,0.008101489599462452,0.0008167708459962196,0.0014531625101206
2011-04-01,0.03496766850060203,0.03266118346543882,0.03496766850060203,0.03496766850060203,0.030861565112351334,0.029361363549396707,0.030861565112351334,0.030861565112351334,0.03430217939895671,0.032982732972296536,0.03430217939895671,0.03430217939895671,0.026723386964095423,0.0213734479440335
2011-05-01,0.015879411591784395,0.013461370662452548,0.015879411591784395,0.015879411591784395,0.020587952377818786,0.01860938413712988,0.020587952377818786,0.020587952377818786,0.01836299283007966,0.016871546715816043,0.01836299283007966,0.01836299283007966,0.024162358078434927,0.023056917441659
2011-06-01,-0.02423300265113685,-0.021537610727324713,-0.02423300265113685,-0.02423300265113685,-0.01437862771957358,-0.012792036188771302,-0.01437862771957358,-0.01437862771957358,-0.022090520629951267,-0.020594787971480146,-0.022090520629951267,-0.022090520629951267,-0.02863783648834057,-0.0319337911652549
2011-07-01,0.003979527918230066,0.0030090101380252634,0.003979527918230066,0.003979527918230066,0.008903551937979103,0.00798628677380256,0.008903551937979103,0.008903551937979103,0.014687841152178012,0.01374709206256931,0.014687841152178012,0.014687841152178012,0.022400470152690602,0.0205803681486518
2011-08-01,-0.008271057373200313,-0.007079999519496779,-0.008271057373200313,-0.008271057373200313,-0.011136903684351294,-0.010165017980843823,-0.011136903684351294,-0.011136903684351294,-0.018483022892613832,-0.017465966358887388,-0.018483022892613832,-0.018483022892613832,-0.038885487061364556,-0.0383810094967609
2011-09-01,-0.06116706961845337,-0.0535700146797708,-0.06116706961845337,-0.06116706961845337,-0.03975429731419358,-0.03522691164865183,-0.03975429731419358,-0.03975429731419358,-0.0478461571350059,-0.04391530637022882,-0.0478461571350059,-0.0478461571350059,-0.0555310644748905,-0.0608788913359172
2011-10-01,-0.11207773442410043,-0.09956792203099141,-0.11207773442410043,-0.11207773442410043,-0.08253168239141245,-0.07533006237471565,-0.08253168239141245,-0.08253168239141245,-0.10075342229439453,-0.0940106027669749,-0.10075342229439453,-0.10075342229439453,-0.0923637203005013,-0.0863344503481139
2011-11-01,0.12080335257365926,0.09896157714590463,0.12080335257365926,0.12080335257365926,0.09670973241252068,0.08290787250704398,0.09670973241252068,0.09670973241252068,0.10999003071169557,0.09758234116831356,0.10999003071169557,0.10999003071169557,0.11390311643854974,0.1097973766637052
2011-12-01,0.03758027515566498,0.03385312187062852,0.03758027515566498,0.03758027515566498,0.0396368503619868,0.036906596389115205,0.0396368503619868,0.0396368503619868,0.03653609277525832,0.034413466620197446,0.03653609277525832,0.03653609277525832,0.026301147863016745,0.0243443642753475
2012-01-01,0.01969579130782463,0.018155212925680092,0.01969579130782463,0.01969579130782463,0.019108617769760868,0.018055728688077102,0.019108617769760868,0.019108617769760868,0.01758012967794752,0.01676588502414698,0.01758012967794752,0.01758012967794752,0.02463461683857111,0.02671516090745
2012-02-01,-0.003474303627628152,-0.006525003486862058,-0.003474303627628152,-0.003474303627628152,-0.007175057936829714,-0.0091616030873349,-0.007175057936829714,-0.007175057936829714,0.010610085759636297,0.008397240450483744,0.010610085759636297,0.010610085759636297,0.03790574410262275,0.0389804201382679
2012-03-01,0.04818841286722285,0.043559728147577303,0.04818841286722285,0.04818841286722285,0.03483805019910812,0.03198122903437813,0.03483805019910812,0.03483805019910812,0.027095935365212008,0.024964224679800903,0.027095935365212008,0.027095935365212008,0.032257596404350705,0.039707247417974
2012-04-01,-0.001431990972267344,-0.0024145423339066822,-0.001431990972267344,-0.001431990972267344,0.003910164464131807,0.003145853196537318,0.003910164464131807,0.003910164464131807,0.004456057578290361,0.0038301230911422287,0.004456057578290361,0.004456057578290361,0.02775116835971455,0.0343538591287388
2012-05-01,-0.002480376588359042,-0.0023605482890435223,-0.002480376588359042,-0.002480376588359042,0.003648283275628822,0.0037071781355319535,0.003648283275628822,0.003648283275628822,-9.3308356026384e-05,-3.346446375914868e-05,-9.3308356026384e-05,-9.3308356026384e-05,-0.0051447280300047984,-0.007754935992145
2012-06-01,-0.08876957805524041,-0.08678668661624209,-0.08876957805524041,-0.08876957805524041,-0.06237316030468769,-0.06120200567712989,-0.06237316030468769,-0.06237316030468769,-0.06993088797179688,-0.0689306516986456,-0.06993088797179688,-0.06993088797179688,-0.08347172662036283,-0.0893846491669652
2012-07-01,0.06866324295158963,0.0633956156446504,0.06866324295158963,0.06866324295158963,0.06322293194317054,0.05977277713889274,0.06322293194317054,0.06322293194317054,0.06380266216079007,0.060941470450185706,0.06380266216079007,0.06380266216079007,0.06790371780486627,0.0706719655961209
2012-08-01,0.033700939840588036,0.0329162164625098,0.033700939840588036,0.033700939840588036,0.02632907208737283,0.025887454078499808,0.02632907208737283,0.02632907208737283,0.020269197289218464,0.019967777685507594,0.020269197289218464,0.020269197289218464,0.007991271660383801,0.0079113585565973
2012-09-01,0.010170391669091181,0.009323899650780098,0.010170391669091181,0.010170391669091181,-0.0028603696254337523,-0.0033023639779975415,-0.0028603696254337523,-0.0028603696254337523,-0.0006471098943660646,-0.0010311322272770606,-0.0006471098943660646,-0.0006471098943660646,0.01822652473967626,0.0250020342908816
2012-10-01,0.031221016366747113,0.03112151254887523,0.031221016366747113,0.031221016366747113,0.02243482335592109,0.02237995918107774,0.02243482335592109,0.02243482335592109,0.02816067970756135,0.028108265137668044,0.02816067970756135,0.02816067970756135,0.03009241617530184,0.0290048011130112
2012-11-01,-0.019517637297131647,-0.019517637297131647,-0.019517637297131647,-0.019517637297131647,-0.01103970980075225,-0.01103970980075225,-0.01103970980075225,-0.01103970980075225,-0.009962157465741603,-0.009962157465741603,-0.009962157465741603,-0.009962157465741603,-0.00561986243577179,-0.0105301180027046
2012-12-01,-0.00414090108849558,-0.0039954010571854,-0.00414090108849558,-0.00414090108849558,-0.014963175593257449,-0.01477734870894664,-0.014963175593257449,-0.014963175593257449,-0.015764858490629943,-0.01560773731796344,-0.015764858490629943,-0.015764858490629943,-0.01106574830092346,-0.0096617440299632
2013-01-01,0.023191294681646227,0.022446809700962154,0.023191294681646227,0.023191294681646227,0.02360079930114746,0.023076183138326246,0.02360079930114746,0.02360079930114746,0.03349387362012976,0.03298603526770554,0.03349387362012976,0.03349387362012976,0.04144296647840965,0.0399144112742535
2013-02-01,0.053831796695722724,0.05356414017348359,0.053831796695722724,0.053831796695722724,0.04700011362652884,0.0468388787444548,0.04700011362652884,0.04700011362652884,0.04309764695411707,0.042978528112136594,0.04309764695411707,0.04309764695411707,0.03896699489146334,0.0354653754596085
2013-03-01,0.01237763174087838,0.012316316586048594,0.01237763174087838,0.01237763174087838,0.01541412640447519,0.015359265830435554,0.01541412640447519,0.01541412640447519,0.0077990039570121975,0.007779148155934217,0.0077990039570121975,0.0077990039570121975,0.00631024794458918,0.0057522668609835
2013-04-01,0.033829687060116645,0.0335184737357421,0.033829687060116645,0.033829687060116645,0.03856882237543111,0.038332473311194895,0.03856882237543111,0.03856882237543111,0.03386459102730996,0.03368740845853057,0.03386459102730996,0.03386459102730996,0.0310902743216905,0.0304653067621822
2013-05-01,0.0021799661691590897,0.0021532188752882812,0.0021799661691590897,0.0021799661691590897,0.017488428455416996,0.01745380307979183,0.017488428455416996,0.017488428455416996,0.017306672633909757,0.01727854287475499,0.017306672633909757,0.017306672633909757,0.01451409307941808,0.0142895368949518
2013-06-01,0.020554557371757053,0.020554557371757053,0.020554557371757053,0.020554557371757053,-0.011343982135479724,-0.011343982135479724,-0.011343982135479724,-0.011343982135479724,-0.0032338138351670825,-0.0032338138351670825,-0.0032338138351670825,-0.0032338138351670825,0.030237163225014723,0.0383505094988008
2013-07-01,-0.015543428863758733,-0.015543428863758733,-0.015543428863758733,-0.015543428863758733,-0.012635224602292227,-0.012635224602292227,-0.012635224602292227,-0.012635224602292227,-0.011849110811034302,-0.011849110811034302,-0.011849110811034302,-0.011849110811034302,-0.014147539618785478,-0.0129984519018621
2013-08-01,0.052847618031967254,0.052847618031967254,0.052847618031967254,0.052847618031967254,0.05659248567285077,0.05659248567285077,0.05659248567285077,0.05659248567285077,0.05757009808891717,0.05757009808891717,0.05757009808891717,0.05757009808891717,0.06002716327421472,0.0576358334189031
2013-09-01,-0.037234965538035264,-0.037234965538035264,-0.037234965538035264,-0.037234965538035264,-0.04677755676338606,-0.04677755676338606,-0.04677755676338606,-0.04677755676338606,-0.04445426615448056,-0.04445426615448056,-0.04445426615448056,-0.04445426615448056,-0.036620042575894504,-0.0367397592416857
2013-10-01,0.020386221690053496,0.020386221690053496,0.020386221690053496,0.020386221690053496,0.022124293234469152,0.022124293234469152,0.022124293234469152,0.022124293234469152,0.02536865035507958,0.02536865035507958,0.02536865035507958,0.02536865035507958,0.03572178054915002,0.0351322135325355
2013-11-01,0.047017757187460166,0.047017757187460166,0.047017757187460166,0.047017757187460166,0.04557395194602991,0.04557395194602991,0.04557395194602991,0.04557395194602991,0.043809454681528005,0.043809454681528005,0.043809454681528005,0.043809454681528005,0.04064444637672769,0.0405693739015176
2013-12-01,0.005645814998146667,0.005645814998146667,0.005645814998146667,0.005645814998146667,-0.005105195011617334,-0.005105195011617334,-0.005105195011617334,-0.005105195011617334,0.004206541333368609,0.004206541333368609,0.004206541333368609,0.004206541333368609,0.01794529427996178,0.024516068039557
2014-01-01,0.0063037877202183805,0.0063037877202183805,0.0063037877202183805,0.0063037877202183805,0.0038646142810478097,0.0038646142810478097,0.0038646142810478097,0.0038646142810478097,0.003342738410644462,0.003342738410644462,0.003342738410644462,0.003342738410644462,0.01750354078809305,0.0187398575699682
2014-02-01,-0.06096934144419518,-0.06096934144419518,-0.06096934144419518,-0.06096934144419518,-0.03253723396776851,-0.03253723396776851,-0.03253723396776851,-0.03253723396776851,-0.026701339423147723,-0.026701339423147723,-0.026701339423147723,-0.026701339423147723,-0.04281076669229332,-0.0478351569116752
2014-03-01,0.05974702242863361,0.05974702242863361,0.05974702242863361,0.05974702242863361,0.05135620216542759,0.05135620216542759,0.05135620216542759,0.05135620216542759,0.056537230049292266,0.056537230049292266,0.056537230049292266,0.056537230049292266,0.06308263304632253,0.0620656546912394
2014-04-01,0.02967682797546134,0.02967682797546134,0.02967682797546134,0.02967682797546134,0.0317684923894412,0.0317684923894412,0.0317684923894412,0.0317684923894412,0.025018589163035777,0.025018589163035777,0.025018589163035777,0.025018589163035777,0.02238906300444195,0.0221692563685542
2014-05-01,0.03578754655541994,0.03578754655541994,0.03578754655541994,0.03578754655541994,0.041366599189869624,0.041366599189869624,0.041366599189869624,0.041366599189869624,0.030196434414453344,0.030196434414453344,0.030196434414453344,0.030196434414453344,0.0068146008566777995,0.000425123264883
2014-06-01,0.017110045730184868,0.017110045730184868,0.017110045730184868,0.017110045730184868,0.007024491196273125,0.007024491196273125,0.007024491196273125,0.007024491196273125,0.011371580648944859,0.011371580648944859,0.011371580648944859,0.011371580648944859,0.02164934429396148,0.0242654247762694
2014-07-01,0.028562619426198758,0.028562619426198758,0.028562619426198758,0.028562619426198758,0.030314269800398343,0.030314269800398343,0.030314269800398343,0.030314269800398343,0.030834692023136868,0.030834692023136868,0.030834692023136868,0.030834692023136868,0.02588980470373059,0.0263045986896566
2014-08-01,-0.035298732954581136,-0.035298732954581136,-0.035298732954581136,-0.035298732954581136,-0.041394510064217085,-0.041394510064217085,-0.041394510064217085,-0.041394510064217085,-0.03474443546021037,-0.03474443546021037,-0.03474443546021037,-0.03474443546021037,-0.02830938779400894,-0.0229913496545473
2014-09-01,0.028131111228065324,0.028131111228065324,0.028131111228065324,0.028131111228065324,0.03044060987941111,0.03044060987941111,0.03044060987941111,0.03044060987941111,0.034079579846510534,0.034079579846510534,0.034079579846510534,0.034079579846510534,0.04060331115362422,0.0421298927186593
2014-10-01,-0.04129084696709984,-0.04129084696709984,-0.04129084696709984,-0.04129084696709984,-0.029949825808127967,-0.029949825808127967,-0.029949825808127967,-0.029949825808127967,-0.0245822128370685,-0.0245822128370685,-0.0245822128370685,-0.0245822128370685,-0.027266526439111836,-0.0266763163327558
2014-11-01,0.009904490367637372,0.009904490367637372,0.009904490367637372,0.009904490367637372,0.03201417254490344,0.03201417254490344,0.03201417254490344,0.03201417254490344,0.039390065408887294,0.039390065408887294,0.039390065408887294,0.039390065408887294,0.03663266103471412,0.0381786811888462
2014-12-01,0.02712132635982422,0.02712132635982422,0.02712132635982422,0.02712132635982422,-0.0027057522592541655,-0.0027057522592541655,-0.0027057522592541655,-0.0027057522592541655,0.004984243066892652,0.004984243066892652,0.004984243066892652,0.004984243066892652,0.01518170796351583,0.0197750970886179
2015-01-01,0.014458507164236474,0.014458507164236474,0.014458507164236474,0.014458507164236474,0.007708362542196057,0.007708362542196057,0.007708362542196057,0.007708362542196057,0.005735467024029193,0.005735467024029193,0.005735467024029193,0.005735467024029193,0.00715960009928597,0.0039063822491915
2015-02-01,0.01335339687180953,0.01335339687180953,0.01335339687180953,0.01335339687180953,0.013844510360035346,0.013844510360035346,0.013844510360035346,0.013844510360035346,0.00594075309962744,0.00594075309962744,0.00594075309962744,0.00594075309962744,-0.0117978107174263,-0.0170860767014143
2015-03-01,-0.023808943467703708,-0.023808943467703708,-0.023808943467703708,-0.023808943467703708,-0.0029549701197281383,-0.0029549701197281383,-0.0029549701197281383,-0.0029549701197281383,-0.0005516221057649557,-0.0005516221057649557,-0.0005516221057649557,-0.0005516221057649557,0.03892250604113819,0.0498717288202901
2015-04-01,-0.016695802499189918,-0.016695802499189918,-0.016695802499189918,-0.016695802499189918,-0.008417754374903857,-0.008417754374903857,-0.008417754374903857,-0.008417754374903857,-0.0076233929862943705,-0.0076233929862943705,-0.0076233929862943705,-0.0076233929862943705,-0.02242788880393298,-0.025340561159857
2015-05-01,0.00011284721104727892,0.00011284721104727892,0.00011284721104727892,0.00011284721104727892,0.003991558390367463,0.003991558390367463,0.003991558390367463,0.003991558390367463,0.018521546640236374,0.018521546640236374,0.018521546640236374,0.018521546640236374,0.02398409454964099,0.0244049361692564
2015-06-01,0.015633120434595308,0.015633120434595308,0.015633120434595308,0.015633120434595308,0.01141748096628197,0.01141748096628197,0.01141748096628197,0.01141748096628197,-0.004281847235639012,-0.004281847235639012,-0.004281847235639012,-0.004281847235639012,-0.0009714925562549898,0.004033786728826
2015-07-01,-0.0018621523071419054,-0.0018621523071419054,-0.0018621523071419054,-0.0018621523071419054,-0.018345818668430814,-0.018345818668430814,-0.018345818668430814,-0.018345818668430814,-0.024247072388542453,-0.024247072388542453,-0.024247072388542453,-0.024247072388542453,-0.01917606881164252,-0.0144667758009129
2015-08-01,0.03254303117666171,0.03254303117666171,0.03254303117666171,0.03254303117666171,0.04075186097797192,0.04075186097797192,0.04075186097797192,0.04075186097797192,0.012933185642579816,0.012933185642579816,0.012933185642579816,0.012933185642579816,0.00465716978509646,0.0110360298936829
2015-09-01,-0.09058117632371182,-0.09058117632371182,-0.09058117632371182,-0.09058117632371182,-0.08310753374086001,-0.08310753374086001,-0.08310753374086001,-0.08310753374086001,-0.08370150841380966,-0.08370150841380966,-0.08370150841380966,-0.08370150841380966,-0.08100631578887793,-0.0858952302026487
2015-10-01,0.0038776630929770045,0.0038776630929770045,0.0038776630929770045,0.0038776630929770045,0.016618632513273553,0.016618632513273553,0.016618632513273553,0.016618632513273553,0.005307416469232716,0.005307416469232716,0.005307416469232716,0.005307416469232716,0.00392723951519613,0.0070857877401155
2015-11-01,0.045566571587768785,0.045566571587768785,0.045566571587768785,0.045566571587768785,0.05871227233768499,0.05871227233768499,0.05871227233768499,0.05871227233768499,0.06482773272403916,0.06482773272403916,0.06482773272403916,0.06482773272403916,0.09165148195505589,0.0950399123150276
2015-12-01,-0.007119582275053802,-0.007119582275053802,-0.007119582275053802,-0.007119582275053802,-0.009420560277079819,-0.009420560277079819,-0.009420560277079819,-0.009420560277079819,-0.006668251649440425,-0.006668251649440425,-0.006668251649440425,-0.006668251649440425,-0.00026428203863415963,0.0013781394082184
2016-01-01,-0.0036729749459575734,-0.0036729749459575734,-0.0036729749459575734,-0.0036729749459575734,0.0008250366808989166,0.0008250366808989166,0.0008250366808989166,0.0008250366808989166,-0.011287225083288758,-0.011287225083288758,-0.011287225083288758,-0.011287225083288758,-0.04098401430915044,-0.040172824230975
2016-02-01,0.03935264176850253,0.03935264176850253,0.03935264176850253,0.03935264176850253,0.00949518497790227,0.00949518497790227,0.00949518497790227,0.00949518497790227,0.001282695591587008,0.001282695591587008,0.001282695591587008,0.001282695591587008,-0.03232706943679438,-0.0366632540345394
2016-03-01,0.00734259123383821,0.00734259123383821,0.00734259123383821,0.00734259123383821,0.00989268312641833,0.00989268312641833,0.00989268312641833,0.00989268312641833,0.012977010438701022,0.012977010438701022,0.012977010438701022,0.012977010438701022,0.02865819979294514,0.0230313630719769
2016-04-01,0.0667470478979219,0.0667470478979219,0.0667470478979219,0.0667470478979219,0.052368671531272046,0.052368671531272046,0.052368671531272046,0.052368671531272046,0.050585071473300915,0.050585071473300915,0.050585071473300915,0.050585071473300915,0.0531257702229711,0.0498572750538663
2016-05-01,-0.016454306036067297,-0.016454306036067297,-0.016454306036067297,-0.016454306036067297,-0.005050258657283674,-0.005050258657283674,-0.005050258657283674,-0.005050258657283674,-0.001710895328186576,-0.001710895328186576,-0.001710895328186576,-0.001710895328186576,0.015425229069444258,0.0050742841310944
2016-06-01,0.0074681746321055365,0.0074681746321055365,0.0074681746321055365,0.0074681746321055365,0.011154927796327,0.011154927796327,0.011154927796327,0.011154927796327,0.005911522063813174,0.005911522063813174,0.005911522063813174,0.005911522063813174,0.006096921482545779,0.0110595496608445
2016-07-01,0.054195801022717344,0.054195801022717344,0.054195801022717344,0.054195801022717344,0.041843012033815796,0.041843012033815796,0.041843012033815796,0.041843012033815796,0.03312118636629869,0.03312118636629869,0.03312118636629869,0.03312118636629869,0.01110106698815928,0.0035271229468072
2016-08-01,-0.0041706524707515935,-0.0041706524707515935,-0.0041706524707515935,-0.0041706524707515935,0.010948789335977512,0.010948789335977512,0.010948789335977512,0.010948789335977512,0.016097693587127256,0.016097693587127256,0.016097693587127256,0.016097693587127256,0.024405079272061717,0.0334414772233511
2016-09-01,-0.03146390671245744,-0.03146390671245744,-0.03146390671245744,-0.03146390671245744,-0.03428822926267805,-0.03428822926267805,-0.03428822926267805,-0.03428822926267805,-0.029866141928491064,-0.029866141928491064,-0.029866141928491064,-0.029866141928491064,-0.00022853406420322037,0.0020741652440274
2016-10-01,-0.014652007434092833,-0.014652007434092833,-0.014652007434092833,-0.014652007434092833,-0.01134865023786154,-0.01134865023786154,-0.01134865023786154,-0.01134865023786154,-0.010089236346254794,-0.010089236346254794,-0.010089236346254794,-0.010089236346254794,-0.0028223412500355503,-0.0023919744461545
2016-11-01,-0.0009612764169180639,-0.0009612764169180639,-0.0009612764169180639,-0.0009612764169180639,-0.02124532031594317,-0.02124532031594317,-0.02124532031594317,-0.02124532031594317,-0.022518964822800427,-0.022518964822800427,-0.022518964822800427,-0.022518964822800427,-0.019540251672389788,-0.0221060052482184
2016-12-01,-0.04420915874645221,-0.04420915874645221,-0.04420915874645221,-0.04420915874645221,-0.02654953760835201,-0.02654953760835201,-0.02654953760835201,-0.02654953760835201,-0.0028073597825764643,-0.0028073597825764643,-0.0028073597825764643,-0.0028073597825764643,0.04506823525770273,0.0405669516039155
2017-01-01,0.04699123137891949,0.04699123137891949,0.04699123137891949,0.04699123137891949,0.041391295635879344,0.041391295635879344,0.041391295635879344,0.041391295635879344,0.03806537788378367,0.03806537788378367,0.03806537788378367,0.03806537788378367,0.02814156088511386,0.0318695842547145
2017-02-01,0.001802498569647368,0.001802498569647368,0.001802498569647368,0.001802498569647368,0.006624113140042678,0.006624113140042678,0.006624113140042678,0.006624113140042678,-0.0057211364364556745,-0.0057211364364556745,-0.0057211364364556745,-0.0057211364364556745,0.00984804230909908,0.0105662409140276
2017-03-01,0.06126890484509005,0.06126890484509005,0.06126890484509005,0.06126890484509005,0.062302968409839156,0.062302968409839156,0.062302968409839156,0.062302968409839156,0.0556725294085723,0.0556725294085723,0.0556725294085723,0.0556725294085723,0.049070274739259644,0.0534227418567254
2017-04-01,-0.0023714430695539416,-0.0023714430695539416,-0.0023714430695539416,-0.0023714430695539416,-0.005739319800709155,-0.005739319800709155,-0.005739319800709155,-0.005739319800709155,-0.00325682579540121,-0.00325682579540121,-0.00325682579540121,-0.00325682579540121,-0.015559360597877539,-0.0142890026406764
2017-05-01,0.005574659129509758,0.005574659129509758,0.005574659129509758,0.005574659129509758,0.008842756143143768,0.008842756143143768,0.008842756143143768,0.008842756143143768,0.013237867721153212,0.013237867721153212,0.013237867721153212,0.013237867721153212,0.010508826633069639,0.014235248786536
2017-06-01,0.04620995171519861,0.04620995171519861,0.04620995171519861,0.04620995171519861,0.0375128009154944,0.0375128009154944,0.0375128009154944,0.0375128009154944,0.033569615092893884,0.033569615092893884,0.033569615092893884,0.033569615092893884,0.018981280656165327,0.0196079024065998
2017-07-01,-0.03454307136915561,-0.03454307136915561,-0.03454307136915561,-0.03454307136915561,-0.01411153782547063,-0.01411153782547063,-0.01411153782547063,-0.01411153782547063,-0.015965115956559542,-0.015965115956559542,-0.015965115956559542,-0.015965115956559542,0.00142362629950771,0.0001276950174431
2017-08-01,0.01960762335783003,0.01960762335783003,0.01960762335783003,0.01960762335783003,0.014973727489845877,0.014973727489845877,0.014973727489845877,0.014973727489845877,0.01649064855741512,0.01649064855741512,0.01649064855741512,0.01649064855741512,0.0163621861691018,0.0210976421877076
2017-09-01,0.008251542548201152,0.008251542548201152,0.008251542548201152,0.008251542548201152,0.011473258653263206,0.011473258653263206,0.011473258653263206,0.011473258653263206,0.005654509435338394,0.005654509435338394,0.005654509435338394,0.005654509435338394,0.00016083866848451943,0.0021025380065871
2017-10-01,-0.017988383144216635,-0.017988383144216635,-0.017988383144216635,-0.017988383144216635,-0.0065760775913541345,-0.0065760775913541345,-0.0065760775913541345,-0.0065760775913541345,-0.004029442993451554,-0.004029442993451554,-0.004029442993451554,-0.004029442993451554,0.02605950457995825,0.0231287812382048
2017-11-01,0.00851241109015936,0.00851241109015936,0.00851241109015936,0.00851241109015936,0.0012945398229633042,0.0012945398229633042,0.0012945398229633042,0.0012945398229633042,0.005169268479109411,0.005169268479109411,0.005169268479109411,0.005169268479109411,0.016582655782490022,0.0204899075622393
2017-12-01,0.04278772772809493,0.04278772772809493,0.04278772772809493,0.04278772772809493,0.0372594398345867,0.0372594398345867,0.0372594398345867,0.0372594398345867,0.03995377247239898,0.03995377247239898,0.03995377247239898,0.03995377247239898,0.026987333179005014,0.0270688885927861
2018-01-01,-0.023794932827280388,-0.023794932827280388,-0.023794932827280388,-0.023794932827280388,-0.014346690296491571,-0.014346690296491571,-0.014346690296491571,-0.014346690296491571,-0.0025813087317676647,-0.0025813087317676647,-0.0025813087317676647,-0.0025813087317676647,0.02030253980870279,0.0214917161654197
2018-02-01,-0.007054432537866357,-0.007054432537866357,-0.007054432537866357,-0.007054432537866357,0.011558952850126265,0.011558952850126265,0.011558952850126265,0.011558952850126265,0.023104276880265163,0.023104276880265163,0.023104276880265163,0.023104276880265163,0.036663482463946934,0.0476617511860193
2018-03-01,-0.06809672569714703,-0.06809672569714703,-0.06809672569714703,-0.06809672569714703,-0.05440026695408469,-0.05440026695408469,-0.05440026695408469,-0.05440026695408469,-0.04989546018470487,-0.04989546018470487,-0.04989546018470487,-0.04989546018470487,-0.05421365689192905,-0.0492929273526099
2018-04-01,-0.003368683809035846,-0.003368683809035846,-0.003368683809035846,-0.003368683809035846,-0.013522093498726576,-0.013522093498726576,-0.013522093498726576,-0.013522093498726576,-0.01982475047659662,-0.01982475047659662,-0.01982475047659662,-0.01982475047659662,-0.028565456369366676,-0.0343625840836271
2018-05-01,-0.0020375254452655728,-0.0020375254452655728,-0.0020375254452655728,-0.0020375254452655728,0.008912992907974851,0.008912992907974851,0.008912992907974851,0.008912992907974851,0.019333634366385008,0.019333634366385008,0.019333634366385008,0.019333634366385008,0.02945306740550415,0.0291685866688951
2018-06-01,-0.014704316352338898,-0.014704316352338898,-0.014704316352338898,-0.014704316352338898,-0.005761036089536316,-0.005761036089536316,-0.005761036089536316,-0.005761036089536316,0.0015632917335664,0.0015632917335664,0.0015632917335664,0.0015632917335664,0.024063378598066235,0.0325306888988226
2018-07-01,0.045266606270037514,0.045266606270037514,0.045266606270037514,0.045266606270037514,0.03345127865427751,0.03345127865427751,0.03345127865427751,0.03345127865427751,0.03264688260267187,0.03264688260267187,0.03264688260267187,0.03264688260267187,0.0019568113526564324,-0.0018978673227154
2018-08-01,0.0204425668014525,0.0204425668014525,0.0204425668014525,0.0204425668014525,0.033563356835960664,0.033563356835960664,0.033563356835960664,0.033563356835960664,0.028451514897680653,0.028451514897680653,0.028451514897680653,0.028451514897680653,0.031032829660055467,0.0331052978416424
2018-09-01,0.017172422329357322,0.017172422329357322,0.017172422329357322,0.017172422329357322,0.02274535124245658,0.02274535124245658,0.02274535124245658,0.02274535124245658,0.0309164223629195,0.0309164223629195,0.0309164223629195,0.0309164223629195,0.02186126735097442,0.0318662288090596
2018-10-01,-0.0012271992530803431,-0.0012271992530803431,-0.0012271992530803431,-0.0012271992530803431,0.012881124423965131,0.012881124423965131,0.012881124423965131,0.012881124423965131,0.009962688421437157,0.009962688421437157,0.009962688421437157,0.009962688421437157,0.01072244718277858,0.0111820802007391
2018-11-01,-0.01407782940756027,-0.01407782940756027,-0.01407782940756027,-0.01407782940756027,-0.003748036570165942,-0.003748036570165942,-0.003748036570165942,-0.003748036570165942,-0.02134742010142361,-0.02134742010142361,-0.02134742010142361,-0.02134742010142361,-0.057098607637407886,-0.0624548549263019
2018-12-01,0.03229633356128062,0.03229633356128062,0.03229633356128062,0.03229633356128062,0.04164771054263937,0.04164771054263937,0.04164771054263937,0.04164771054263937,0.03749270928952872,0.03749270928952872,0.03749270928952872,0.03749270928952872,0.02489511865950258,0.0211689860645922
2019-01-01,-0.081475460539912,-0.081475460539912,-0.081475460539912,-0.081475460539912,-0.08825741349763208,-0.08825741349763208,-0.08825741349763208,-0.08825741349763208,-0.08855887938429358,-0.08855887938429358,-0.08855887938429358,-0.08855887938429358,-0.09843283314166842,-0.0990300184818194
2019-02-01,0.051669768773303607,0.051669768773303607,0.051669768773303607,0.051669768773303607,0.05589220112342068,0.05589220112342068,0.05589220112342068,0.05589220112342068,0.06005956198302415,0.06005956198302415,0.06005956198302415,0.06005956198302415,0.07553460608753476,0.0794628705135049
2019-03-01,0.03261514322253038,0.03261514322253038,0.03261514322253038,0.03261514322253038,0.029980183811558193,0.029980183811558193,0.029980183811558193,0.029980183811558193,0.031441095805911805,0.031441095805911805,0.031441095805911805,0.031441095805911805,0.03746911387754389,0.0383616389532233
2019-04-01,0.02798990824568238,0.02798990824568238,0.02798990824568238,0.02798990824568238,0.016791258635849127,0.016791258635849127,0.016791258635849127,0.016791258635849127,0.021907703139241452,0.021907703139241452,0.021907703139241452,0.021907703139241452,0.02107033648037212,0.0237824981679146
2019-05-01,0.012885346491550192,0.012885346491550192,0.012885346491550192,0.012885346491550192,-0.0004679044065346496,-0.0004679044065346496,-0.0004679044065346496,-0.0004679044065346496,0.006546619177401941,0.006546619177401941,0.006546619177401941,0.006546619177401941,0.012855511006107212,0.0209211725565909
2019-06-01,-0.0004346343654382844,-0.0004346343654382844,-0.0004346343654382844,-0.0004346343654382844,-0.005772239051241,-0.005772239051241,-0.005772239051241,-0.005772239051241,-0.021074043009725943,-0.021074043009725943,-0.021074043009725943,-0.021074043009725943,-0.048846805327137914,-0.0590790391427346
2019-07-01,0.03276258433664682,0.03276258433664682,0.03276258433664682,0.03276258433664682,0.04354407735404871,0.04354407735404871,0.04354407735404871,0.04354407735404871,0.05542051296703322,0.05542051296703322,0.05542051296703322,0.05542051296703322,0.07547625322597326,0.0820480788657498
2019-08-01,0.012616539753303643,0.012616539753303643,0.012616539753303643,0.012616539753303643,0.0027614975397422257,0.0027614975397422257,0.0027614975397422257,0.0027614975397422257,-6.239816326655389e-05,-6.239816326655389e-05,-6.239816326655389e-05,-6.239816326655389e-05,-0.0075194546196348105,-0.0027735762245999
2019-09-01,0.0442975007407885,0.0442975007407885,0.0442975007407885,0.0442975007407885,0.027096454514718676,0.027096454514718676,0.027096454514718676,0.027096454514718676,0.021020952640271453,0.021020952640271453,0.021020952640271453,0.021020952640271453,-0.011227420695490188,-0.0139056513226508
2019-10-01,0.01523699020674931,0.01523699020674931,0.01523699020674931,0.01523699020674931,0.009308758531797958,0.009308758531797958,0.009308758531797958,0.009308758531797958,0.009100514880765501,0.009100514880765501,0.009100514880765501,0.009100514880765501,0.01556251896559942,0.013256194828181
2019-11-01,-0.004652526977774117,-0.004652526977774117,-0.004652526977774117,-0.004652526977774117,0.015000014532691537,0.015000014532691537,0.015000014532691537,0.015000014532691537,0.01530564652200821,0.01530564652200821,0.01530564652200821,0.01530564652200821,0.03596428830661496,0.0439913351458163
2019-12-01,-0.002427966532402367,-0.002427966532402367,-0.002427966532402367,-0.002427966532402367,0.011450317201606526,0.011450317201606526,0.011450317201606526,0.011450317201606526,0.008523459017243634,0.008523459017243634,0.008523459017243634,0.008523459017243634,0.01156152917945379,0.0179658473841839
2020-01-01,0.019831242201081217,0.019831242201081217,0.019831242201081217,0.019831242201081217,0.02660273587955308,0.02660273587955308,0.02660273587955308,0.02660273587955308,0.03143622166211048,0.03143622166211048,0.03143622166211048,0.03143622166211048,0.042985777424257646,0.04757771820565
2020-02-01,0.04602489137553018,0.04602489137553018,0.04602489137553018,0.04602489137553018,0.025645833492271175,0.025645833492271175,0.025645833492271175,0.025645833492271175,0.01872243451516954,0.01872243451516954,0.01872243451516954,0.01872243451516954,-0.01109376498601117,-0.0023083889178416
2020-03-01,-0.040560445008836515,-0.040560445008836515,-0.040560445008836515,-0.040560445008836515,-0.03766720955617421,-0.03766720955617421,-0.03766720955617421,-0.03766720955617421,-0.04053196000401884,-0.04053196000401884,-0.04053196000401884,-0.04053196000401884,-0.055489660357113293,-0.0463718578240429
2020-04-01,-0.15822429502670418,-0.15822429502670418,-0.15822429502670418,-0.15822429502670418,-0.14578161507136816,-0.14578161507136816,-0.14578161507136816,-0.14578161507136816,-0.1607641109343066,-0.1607641109343066,-0.1607641109343066,-0.1607641109343066,-0.21832245500798791,-0.1989472324052286
2020-05-01,0.07458704526236135,0.07458704526236135,0.07458704526236135,0.07458704526236135,0.09739106523018401,0.09739106523018401,0.09739106523018401,0.09739106523018401,0.11899229753328584,0.11899229753328584,0.11899229753328584,0.11899229753328584,0.15175831043141766,0.1488524005572626
2020-06-01,0.056394402204108726,0.056394402204108726,0.056394402204108726,0.056394402204108726,0.05200633908273197,0.05200633908273197,0.05200633908273197,0.05200633908273197,0.06633598781177302,0.06633598781177302,0.06633598781177302,0.06633598781177302,0.0819555375097721,0.0804838863997492
2020-07-01,-0.02126386739252098,-0.02126386739252098,-0.02126386739252098,-0.02126386739252098,-0.016801889140148924,-0.016801889140148924,-0.016801889140148924,-0.016801889140148924,-0.006000157091842358,-0.006000157091842358,-0.006000157091842358,-0.006000157091842358,0.0025606212571236504,0.0207379956247963
2020-08-01,0.054456738034206385,0.054456738034206385,0.054456738034206385,0.054456738034206385,0.05536328152093729,0.05536328152093729,0.05536328152093729,0.05536328152093729,0.05637052434851181,0.05637052434851181,0.05637052434851181,0.05637052434851181,0.05101825574359227,0.0588367598582668
2020-09-01,0.029679468163178846,0.029679468163178846,0.029679468163178846,0.029679468163178846,0.011866007717256905,0.011866007717256905,0.011866007717256905,0.011866007717256905,0.03410252223447237,0.03410252223447237,0.03410252223447237,0.03410252223447237,0.05163145398536291,0.0724170596293647
2020-10-01,-0.014133608706528175,-0.014133608706528175,-0.014133608706528175,-0.014133608706528175,0.00042317395342727007,0.00042317395342727007,0.00042317395342727007,0.00042317395342727007,-0.00345468247577007,-0.00345468247577007,-0.00345468247577007,-0.00345468247577007,-0.03618132700222543,-0.0403028745503578
2020-11-01,0.01870026878668757,0.01870026878668757,0.01870026878668757,0.01870026878668757,0.007989444326691244,0.007989444326691244,0.007989444326691244,0.007989444326691244,-0.0015691493802933998,-0.0015691493802933998,-0.0015691493802933998,-0.0015691493802933998,0.00048348806576613973,-0.0202944719885709
2020-12-01,0.032152218365888434,0.032152218365888434,0.032152218365888434,0.032152218365888434,0.043641483436644014,0.043641483436644014,0.043641483436644014,0.043641483436644014,0.05667524573543112,0.05667524573543112,0.05667524573543112,0.05667524573543112,0.10974330730529765,0.1084797573665659
2021-01-01,-0.013729552637338067,-0.013729552637338067,-0.013729552637338067,-0.013729552637338067,-0.001626059763477316,-0.001626059763477316,-0.001626059763477316,-0.001626059763477316,0.000644414798066862,0.000644414798066862,0.000644414798066862,0.000644414798066862,0.010720982516475559,0.0118629345895315
2021-02-01,-0.010420706797153382,-0.010420706797153382,-0.010420706797153382,-0.010420706797153382,-0.00038426504384162733,-0.00038426504384162733,-0.00038426504384162733,-0.00038426504384162733,0.009686039854654703,0.009686039854654703,0.009686039854654703,0.009686039854654703,0.01414850224222372,0.0201738986974353
2021-03-01,-0.007402884806267996,-0.007402884806267996,-0.007402884806267996,-0.007402884806267996,-0.019238712955862106,-0.019238712955862106,-0.019238712955862106,-0.019238712955862106,-0.016513519570381954,-0.016513519570381954,-0.016513519570381954,-0.016513519570381954,0.051194585426370044,0.0354838184074584
2021-04-01,0.047715014275123195,0.047715014275123195,0.047715014275123195,0.047715014275123195,0.0418108547143739,0.0418108547143739,0.0418108547143739,0.0418108547143739,0.05099736032087695,0.05099736032087695,0.05099736032087695,0.05099736032087695,0.043338090007198696,0.0316801158928681
2021-05-01,0.04231822686174397,0.04231822686174397,0.04231822686174397,0.04231822686174397,0.04242863821280045,0.04242863821280045,0.04242863821280045,0.04242863821280045,0.044463841923916364,0.044463841923916364,0.044463841923916364,0.044463841923916364,0.04208002055934603,0.0439083246387932
2021-06-01,-0.00114361478620101,-0.00114361478620101,-0.00114361478620101,-0.00114361478620101,-0.009975595105158691,-0.009975595105158691,-0.009975595105158691,-0.009975595105158691,-0.014982118947609424,-0.014982118947609424,-0.014982118947609424,-0.014982118947609424,0.012016292419628127,0.003515065229388
2021-07-01,0.020211387212961843,0.020211387212961843,0.020211387212961843,0.020211387212961843,0.012276561627385973,0.012276561627385973,0.012276561627385973,0.012276561627385973,0.019333988826454707,0.019333988826454707,0.019333988826454707,0.019333988826454707,0.009868531085442608,0.0289947023870789
2021-08-01,0.03049605408568295,0.03049605408568295,0.03049605408568295,0.03049605408568295,0.023465710537740853,0.023465710537740853,0.023465710537740853,0.023465710537740853,0.027371944094595358,0.027371944094595358,0.027371944094595358,0.027371944094595358,0.004044361838439509,0.0166344551876571
2021-09-01,0.021020544859459703,0.021020544859459703,0.021020544859459703,0.021020544859459703,0.028293891958560115,0.028293891958560115,0.028293891958560115,0.028293891958560115,0.025154966898795015,0.025154966898795015,0.025154966898795015,0.025154966898795015,0.02346468761214224,0.0324731439045518
2021-10-01,-0.049272136920770766,-0.049272136920770766,-0.049272136920770766,-0.049272136920770766,-0.05670288362232459,-0.05670288362232459,-0.05670288362232459,-0.05670288362232459,-0.0467808336478768,-0.0467808336478768,-0.0467808336478768,-0.0467808336478768,-0.02192261562083308,-0.0357874445222885
2021-11-01,0.04137319639318046,0.04137319639318046,0.04137319639318046,0.04137319639318046,0.06980449896821901,0.06980449896821901,0.06980449896821901,0.06980449896821901,0.06542358045107766,0.06542358045107766,0.06542358045107766,0.06542358045107766,0.06510096070824889,0.0594140117941062
2021-12-01,-0.025142349916502472,-0.025142349916502472,-0.025142349916502472,-0.025142349916502472,-0.023510020704824955,-0.023510020704824955,-0.023510020704824955,-0.023510020704824955,-0.022395061134908863,-0.022395061134908863,-0.022395061134908863,-0.022395061134908863,-0.029231494912689438,-0.0207372593851055
2022-01-01,0.09612540071361894,0.09612540071361894,0.09612540071361894,0.09612540071361894,0.08126073818046933,0.08126073818046933,0.08126073818046933,0.08126073818046933,0.08191335452648135,0.08191335452648135,0.08191335452648135,0.08191335452648135,0.07087194285444673,0.064124939476595
2022-02-01,-0.034748838611027455,-0.034748838611027455,-0.034748838611027455,-0.034748838611027455,-0.05987959410138566,-0.05987959410138566,-0.05987959410138566,-0.05987959410138566,-0.05420282374333028,-0.05420282374333028,-0.05420282374333028,-0.05420282374333028,-0.02227104013344051,-0.0518304814692717
2022-03-01,-0.01842007768304991,-0.01842007768304991,-0.01842007768304991,-0.01842007768304991,-0.017201647205803326,-0.017201647205803326,-0.017201647205803326,-0.017201647205803326,-0.02735749352863212,-0.02735749352863212,-0.02735749352863212,-0.02735749352863212,-0.033849577677786166,-0.0507121813253723
2022-04-01,0.051560366259858534,0.051560366259858534,0.051560366259858534,0.051560366259858534,0.07549599603247123,0.07549599603247123,0.07549599603247123,0.07549599603247123,0.07232235445368099,0.07232235445368099,0.07232235445368099,0.07232235445368099,0.06691264916356712,0.05662391016206
2022-05-01,-0.0293616952887941,-0.0293616952887941,-0.0293616952887941,-0.0293616952887941,-0.04089098516180159,-0.04089098516180159,-0.04089098516180159,-0.04089098516180159,-0.056138870957886805,-0.056138870957886805,-0.056138870957886805,-0.056138870957886805,-0.06364295515282382,-0.0848715497250517
2022-06-01,-0.01896105619746223,-0.01896105619746223,-0.01896105619746223,-0.01896105619746223,0.0032074024807870645,0.0032074024807870645,0.0032074024807870645,0.0032074024807870645,-0.014147520947469724,-0.014147520947469724,-0.014147520947469724,-0.014147520947469724,0.007059383807722601,-0.0117978634900685
2022-07-01,-0.009308648924645451,-0.009308648924645451,-0.009308648924645451,-0.009308648924645451,-0.006598951622180877,-0.006598951622180877,-0.006598951622180877,-0.006598951622180877,-0.023055319263392687,-0.023055319263392687,-0.023055319263392687,-0.023055319263392687,-0.06935340129653222,-0.0651949920797533
2022-08-01,0.02228840585540024,0.02228840585540024,0.02228840585540024,0.02228840585540024,0.024836166948827527,0.024836166948827527,0.024836166948827527,0.024836166948827527,0.055224484489991954,0.055224484489991954,0.055224484489991954,0.055224484489991954,0.06886224726646138,0.0774577965193445
2022-09-01,-0.029782993132738154,-0.029782993132738154,-0.029782993132738154,-0.029782993132738154,-0.01442870803391645,-0.01442870803391645,-0.01442870803391645,-0.01442870803391645,-0.020244707118461314,-0.020244707118461314,-0.020244707118461314,-0.020244707118461314,-0.023597550077704737,-0.0349343404443834
2022-10-01,-0.0843707022773425,-0.0843707022773425,-0.0843707022773425,-0.0843707022773425,-0.06461217444511334,-0.06461217444511334,-0.06461217444511334,-0.06461217444511334,-0.070012805395829,-0.070012805395829,-0.070012805395829,-0.070012805395829,-0.06452516284459735,-0.0713991554537066
2022-11-01,0.07126300051553772,0.07126300051553772,0.07126300051553772,0.07126300051553772,0.04689315870457886,0.04689315870457886,0.04689315870457886,0.04689315870457886,0.03670108384917133,0.03670108384917133,0.03670108384917133,0.03670108384917133,0.06703854128539792,0.0488530670961047
2022-12-01,0.05494317094508527,0.05494317094508527,0.05494317094508527,0.05494317094508527,0.05792146095816332,0.05792146095816332,0.05792146095816332,0.05792146095816332,0.05092791661317206,0.05092791661317206,0.05092791661317206,0.05092791661317206,0.05865633836710323,0.0594506880413476
