date,naive_lo_2,naive_lns_2,naive_los_2,naive_mx_2,naive_lo_3,naive_lns_3,naive_los_3,naive_mx_3,naive_lo_4,naive_lns_4,naive_los_4,naive_mx_4
2005-02-01,-0.012442886234879161,0.0023151911085923546,0.010892845331284066,-0.012442886234879161,0.010756167278144178,0.03034488378580067,0.0017621181341039432,0.010756167278144178,0.007714672806125014,0.022949447261163283,0.026401661368572152,0.007714672806125014
2005-03-01,0.07782625981671043,0.10710449472533153,0.12929881550719935,0.07782625981671043,0.06806206807539121,0.08542749470073209,0.07671614339671425,0.06806206807539121,0.06600186483582444,0.08064695687455266,0.08095182702592978,0.06600186483582444
2005-04-01,-0.004655535311020916,0.005205780500235655,-0.006096099358495519,-0.004655535311020916,-0.008025685080972095,-0.002593635573737847,0.005249477637211044,-0.008025685080972095,-0.00992450997891451,-0.006887252492946808,-8.516919614809383e-05,-0.00992450997891451
2005-05-01,-0.04661114224249853,-0.05228926248582733,-0.06203218330311068,-0.04661114224249853,-0.03214703748017717,-0.03589916943095356,-0.05001092312057627,-0.03214703748017717,-0.03494426411324935,-0.03846789375978048,-0.03356632867257328,-0.03494426411324935
2005-06-01,0.008443895526415123,-0.030524568233710733,-0.036575105184711236,0.008443895526415123,0.010268999982519606,-0.031563415712275535,-0.028284105696063166,0.010268999982519606,0.013173347884423602,-0.029258281186068765,-0.03010988805960967,0.013173347884423602
2005-07-01,0.0085454558325399,0.015994297536827563,-0.00459856861634669,0.0085454558325399,0.00770923101779295,0.015429366288678413,0.015313132317973016,0.00770923101779295,0.008015939626923306,0.018152695218952485,0.01514828908841878,0.008015939626923306
2005-08-01,0.03632074403687105,0.011376170645698295,-0.00226582955404147,0.03632074403687105,0.04004075151943924,0.012776414466603431,0.012729690943969005,0.04004075151943924,0.04142898315735221,0.017858203904399027,0.014982155511648615,0.04142898315735221
2005-09-01,0.015445142355605325,0.020814502950451393,0.035740067127192014,0.015445142355605325,0.014951620092986524,0.0195510456822876,0.020623309096450743,0.014951620092986524,0.012211031773135532,0.01883049983464828,0.019837597719848592,0.012211031773135532
2005-10-01,0.012702432955624909,0.011743192172694553,0.011852263109715754,0.012702432955624909,0.012881085925716025,0.011536589146796472,0.012303964413148741,0.012881085925716025,0.01657036951655572,0.01377491613099576,0.012038385454079164,0.01657036951655572
2005-11-01,-0.031574062387153747,-0.023688427749577134,-0.026154318833713896,-0.031574062387153747,-0.03848195935065201,-0.02935668266867274,-0.024294771480900975,-0.03848195935065201,-0.047772381685447556,-0.03975718533909014,-0.029822511142868928,-0.047772381685447556
2005-12-01,0.0388747898998326,0.014810001397837435,-0.00978444747064918,0.0388747898998326,0.04312703216335757,0.018649372110212076,0.015592255800137731,0.04312703216335757,0.04083015184907501,0.021662219939378502,0.01898941307384004,0.04083015184907501
2006-01-01,0.02072789869680046,0.03290677757392375,0.022527002801960738,0.02072789869680046,0.02253611402955412,0.033054657393235244,0.0323864699749746,0.02253611402955412,0.024756598568373853,0.032994437070699364,0.03400833393689465,0.024756598568373853
2006-02-01,0.03240829897645148,0.03106069185089416,0.03373897915171136,0.03240829897645148,0.0341846965434998,0.03194596824081016,0.03163432905726252,0.0341846965434998,0.02974367510658255,0.02856378353399275,0.03293445795482526,0.02974367510658255
2006-03-01,-0.023178372437264668,-0.030336916311427438,-0.02293858182017546,-0.023178372437264668,-0.021809100069043515,-0.028100989775743004,-0.03081544257748931,-0.021809100069043515,-0.015852277328952218,-0.020048881201876236,-0.029465312126327223,-0.015852277328952218
2006-04-01,0.025968211749910187,0.030405179943850176,0.028807492062539054,0.025968211749910187,0.02395308794498441,0.028916928116164482,0.03155527651190779,0.02395308794498441,0.01482946787326103,0.017221174878146502,0.02858488200301393,0.01482946787326103
2006-05-01,0.03228170188384871,0.04575767643362332,0.03428417678484245,0.03228170188384871,0.034748555096030184,0.049604266625604826,0.045317985382673544,0.034748555096030184,0.03454170640352624,0.045951791282734834,0.049574528527613265,0.03454170640352624
2006-06-01,-0.03435376601871611,-0.02515788682994894,-0.03278356281547786,-0.03435376601871611,-0.03214295334213275,-0.025074732760370474,-0.025265714014694966,-0.03214295334213275,-0.03006992574143946,-0.02454739468799497,-0.025383561681904337,-0.03006992574143946
2006-07-01,0.01652886499581518,0.02218787052074517,0.01828589765069829,0.01652886499581518,0.011789372485267418,0.014685366026178903,0.016702024535180757,0.011789372485267418,0.0095869370438679,0.013842181072590151,0.01883131077077698,0.0095869370438679
2006-08-01,-0.01225512090741057,-0.017041810642882536,-0.013581647821735928,-0.01225512090741057,-0.02474460723687738,-0.030309312990025403,-0.035062518418338975,-0.02474460723687738,-0.01018331799685338,-0.011162013714132495,-0.015261676957845029,-0.01018331799685338
2006-09-01,-0.011838503498908302,-0.011368166342032025,-0.012675061830678134,-0.011838503498908302,0.0008938628389290135,0.008061337701162376,0.0011598073355278155,0.0008938628389290135,0.003873512931443211,0.016383512230688627,0.005412086417712818,0.003873512931443211
2006-10-01,-0.03046920631150571,-0.030761872221931167,-0.03472905551974669,-0.03046920631150571,-0.02842778409219414,-0.02100253649284748,-0.03720171763956812,-0.02842778409219414,-0.018263816450801756,-0.009222204605629917,-0.025703387194788263,-0.018263816450801756
2006-11-01,0.03391743217534792,0.05405166990289061,0.03878433076493445,0.03391743217534792,0.03210242347812024,0.0460620911717309,0.040790183084675295,0.03210242347812024,0.03420725534561212,0.04927232500732808,0.04670676058830807,0.03420725534561212
2006-12-01,0.04185701595606073,0.046805673269612595,0.044988186375129496,0.04185701595606073,0.03666347256210095,0.043206990943053906,0.04269356386577282,0.03666347256210095,0.041202902096640834,0.051424463479128206,0.04871332681116561,0.041202902096640834
2007-01-01,-0.020410548887414587,-0.01737087966805121,-0.020410548887414587,-0.020410548887414587,-0.014060843908469093,-0.006764727246451967,-0.014763928328015227,-0.014060843908469093,-0.002087398917350983,0.007207104494725513,-0.002188235189686735,-0.002087398917350983
2007-02-01,0.012001861406682057,0.019392841815026877,0.012001861406682057,0.012001861406682057,0.0165400495138433,0.02493423115464643,0.01745512700824688,0.0165400495138433,0.01923783360483248,0.03072168039593827,0.020086955744512816,0.01923783360483248
2007-03-01,0.005289967270300677,-0.005888203716156363,0.005289967270300677,0.005289967270300677,-0.003935007727344469,-0.015080932131338822,-0.0040191317734186785,-0.003935007727344469,-0.014846523711096108,-0.030996302844667575,-0.01508362142805719,-0.014846523711096108
2007-04-01,0.030700542512551596,0.03158018205470789,0.030700542512551596,0.030700542512551596,0.04887881375196486,0.046054034644059966,0.05081710791555295,0.04887881375196486,0.05498125313502246,0.0509734588268883,0.0579227822110576,0.05498125313502246
2007-05-01,0.032229765299409276,0.04728294291195871,0.032229765299409276,0.032229765299409276,0.03825428613220972,0.052165565621054025,0.03966279756664423,0.03825428613220972,0.038905167092722834,0.051761945704492794,0.04110523692061793,0.038905167092722834
2007-06-01,0.029542834625770537,0.0334583463213739,0.029542834625770537,0.029542834625770537,0.03305184060724879,0.040621778762238325,0.034440831312520175,0.03305184060724879,0.038349489134290676,0.0449669535871425,0.040529159302874894,0.038349489134290676
2007-07-01,-0.004304594529080299,-0.009313248553295208,-0.004304594529080299,-0.004304594529080299,-0.006637254472686594,-0.013159673764522355,-0.006637254472686594,-0.006637254472686594,-0.007630600649221979,-0.015725021500156092,-0.007641531708785055,-0.007630600649221979
2007-08-01,-0.024302690438329593,-0.029699397907942456,-0.024302690438329593,-0.024302690438329593,-0.029057934501528465,-0.03545554282750621,-0.029057934501528465,-0.029057934501528465,-0.03877449123229456,-0.0495043700482729,-0.03877449123229456,-0.03877449123229456
2007-09-01,0.018842903623896002,0.01885879391134036,0.018842903623896002,0.018842903623896002,0.01997038828720686,0.022631281691341203,0.01997038828720686,0.01997038828720686,0.023274916950195092,0.021449631953508474,0.023274916950195092,0.023274916950195092
2007-10-01,0.04457814332842208,0.04075520711067594,0.04457814332842208,0.04457814332842208,0.04547038954022337,0.04850823688130646,0.04547038954022337,0.04547038954022337,0.04989493137671348,0.049745527797032466,0.04989493137671348,0.04989493137671348
2007-11-01,0.007800923096682292,0.0008139974524331055,0.007800923096682292,0.007800923096682292,-0.00028797700786293423,-0.010772219361103208,-0.00028797700786293423,-0.00028797700786293423,-0.018336491149279592,-0.02232331749738714,-0.018336491149279592,-0.018336491149279592
2007-12-01,0.018583349890329993,0.006550152014914352,0.018583349890329993,0.018583349890329993,0.008907433420391863,-0.0034387353060802476,0.008907433420391863,0.008907433420391863,0.011319912338161691,-0.001959294007160398,0.011319912338161691,0.011319912338161691
2008-01-01,0.025861831957207308,0.01449593904709647,0.025861831957207308,0.025861831957207308,0.01583315737983482,0.00040171173629838057,0.01583315737983482,0.01583315737983482,0.010331699436819617,-0.002967475036605156,0.010331699436819617,0.010331699436819617
2008-02-01,-0.09821659137800337,-0.08036151118632243,-0.09821659137800337,-0.09821659137800337,-0.07714138152524135,-0.06006745110345603,-0.07714138152524135,-0.07714138152524135,-0.06926700722075557,-0.0530579513982439,-0.06926700722075557,-0.06926700722075557
2008-03-01,0.005216902429273345,-0.00808964394184174,0.005216902429273345,0.005216902429273345,0.007385981356723185,-0.0063273337257795945,0.007385981356723185,0.007385981356723185,0.005618043829545584,-0.007192099224545287,0.005618043829545584,0.005618043829545584
2008-04-01,0.00776484963314909,0.013942349675192735,0.00776484963314909,0.00776484963314909,0.01137724130593876,0.017691748663638113,0.01137724130593876,0.01137724130593876,0.006081861465691143,0.014579357573149607,0.006081861465691143,0.006081861465691143
2008-05-01,0.040945725996051424,0.04543379763723499,0.040945725996051424,0.040945725996051424,0.0402492639971943,0.04453389508994729,0.0402492639971943,0.0402492639971943,0.03693731154318839,0.039441408507135574,0.03693731154318839,0.03693731154318839
2008-06-01,0.03395393377855234,0.02776141260955012,0.03395393377855234,0.03395393377855234,0.024892718113646038,0.018667295448642145,0.024892718113646038,0.024892718113646038,0.020888129421571092,0.0054536819955201,0.020888129421571092,0.020888129421571092
2008-07-01,0.011914552082333923,-0.008410314014325107,0.011914552082333923,0.011914552082333923,-0.005382646182617303,-0.030232036411031424,-0.005382646182617303,-0.005382646182617303,-0.009269604370107385,-0.044113913262346136,-0.009269604370107385,-0.009269604370107385
2008-08-01,-0.11321556994092351,-0.10469410698462131,-0.11321556994092351,-0.11321556994092351,-0.09960608800491687,-0.08397621632118318,-0.09960608800491687,-0.09960608800491687,-0.08465085285640131,-0.06160215583408746,-0.08465085285640131,-0.08465085285640131
2008-09-01,-0.008671200490421254,0.000979796823280353,-0.008671200490421254,-0.008671200490421254,-0.005370501655346157,0.004554188895051288,-0.005370501655346157,-0.005370501655346157,-0.0015350469767019571,0.007630068248265089,-0.0015350469767019571,-0.0015350469767019571
2008-10-01,-0.0664535300472105,-0.017511748445084255,-0.01382344161148472,-0.0664535300472105,-0.08062802421095012,-0.0124265357244741,-0.0073677425558892696,-0.08062802421095012,-0.09358694335390531,-0.003162153107110388,-0.020369113283900696,-0.09358694335390531
2008-11-01,0.08767305347156076,0.10459924333010594,0.08564153053846583,0.07169189679359216,0.13787041210942724,0.14907706708164578,0.11243551603322756,0.0871164822919721,0.13757778700606094,0.17633249805443305,0.12648036802880094,0.09236116998799268
2008-12-01,0.04447984446094783,0.05021912826234767,0.04375770996536542,0.038659969615540454,0.07477201562260029,0.0727464262433926,0.05559294051833837,0.04790274681493393,0.07772087525344282,0.07854431688918379,0.06108004364517232,0.051847434623477656
2009-01-01,-0.044149964173559195,-0.0470200739875555,-0.04019744176309871,-0.03577808788932896,-0.0405479840521826,-0.048660330375211454,-0.045203262491183456,-0.03951190978414089,-0.04012305433885238,-0.05114482243509263,-0.05094440041489087,-0.044270272350309885
2009-02-01,0.0381859882002254,0.0260990794457181,0.016427959194959242,0.015052370221429752,0.020694798663254084,0.025391768020438847,0.02545150383033796,0.023129590877268468,0.04154475910110409,0.0365998878019919,0.02744788670626025,0.02491754319464832
2009-03-01,-0.05075676646088167,-0.068939598648544,-0.06867990593296493,-0.06184070593642633,-0.04000747887204304,-0.0608257981063015,-0.06491831538732319,-0.057964222342754425,-0.04155272086771873,-0.059665124622121785,-0.06708936913099342,-0.060052856949916675
2009-04-01,0.020780130940057387,0.032215196328104365,0.025832973052128113,0.024386851740569895,0.020981264302868077,0.03524370240984852,0.030442493164938047,0.02856907922254251,0.021422954047346267,0.03684499374702962,0.031016698868469736,0.029144741725843117
2009-05-01,0.012826474476188917,0.022163217404823382,0.01574307781198351,0.014842825791172654,0.012413973895943222,0.0224285542516439,0.017571386242268908,0.01646619277800618,0.010190156777735323,0.020285934970769554,0.014325918552778722,0.013449340731291724
2009-06-01,0.01733072299061045,0.019296689238025234,0.021246763652941276,0.02002937738389102,0.01491026414381279,0.019853499027863035,0.02102226849766558,0.019691159972832113,0.015280267025724003,0.020051227816458763,0.02142801281387131,0.020111166278068866
2009-07-01,-0.003446482133520778,-0.005939823207197353,-0.0042020512303397855,-0.003959790402556451,-0.003235456744813651,-0.0056498333305497195,-0.00452105057846514,-0.004229089630360936,-0.001917333718562401,-0.0054001549377792986,-0.0026578399255328964,-0.0024916198466522635
2009-08-01,0.009552477284646532,0.015193837341541722,0.01164423853003838,0.010994141965128856,0.010435558844818227,0.016584085909921487,0.01457061413446988,0.013643127930229872,0.01108226870774842,0.017298200317760377,0.015362425878802856,0.014401665828796456
2009-09-01,-0.0011814748348485372,1.3258348678562764e-05,-0.0014856620891725023,-0.001370058671902198,-0.0005383101814663466,0.0004119106328206749,-0.000773903763176206,-0.0007097353859522843,-0.0005407577107792463,-0.00021251023170665696,-0.0007595855544433618,-0.0007016664523949608
2009-10-01,0.004172095940051366,0.006277183368763945,0.005252271144356313,0.004837293291981296,0.004269277458867079,0.006879120584615831,0.006142270640861241,0.00562905753612446,0.0038207838395233236,0.006614979304139814,0.005366749086621503,0.004957801671653504
2009-11-01,0.0010882476723060367,0.0009364724657833473,0.001281987809929177,0.001281987809929177,0.001388714183546557,0.0011348543346069316,0.0018884522734730535,0.0018884522734730535,0.0010291747572818185,0.002277860259539916,0.0013677601165307542,0.0013677601165307542
2009-12-01,0.01729731978217738,0.018304321512969166,0.020336233112591036,0.020336233112591036,0.015161174328809366,0.017739231376311254,0.019750159125652283,0.019750159125652283,0.017073412963025433,0.0185158114786401,0.022352328797110674,0.022352328797110674
2010-01-01,0.006098126605345122,0.0065241085726530455,0.007083985055765954,0.007083985055765954,0.005963681547717653,0.0059916712600746914,0.006660679900418766,0.006660679900418766,0.005812501109144484,0.006853334811299914,0.00684813722432839,0.00684813722432839
2010-02-01,-0.011546265420858721,-0.01134495139884492,-0.012755498909110496,-0.012755498909110496,-0.012818285796580989,-0.011084508524178993,-0.013090625683888633,-0.013090625683888633,-0.009690008009022765,-0.010042514971869124,-0.01110757618000214,-0.01110757618000214
2010-03-01,0.004057515450506277,0.005461677363604154,0.004057515450506277,0.004057515450506277,0.0053841235660329854,0.0068957217500928945,0.0053841235660329854,0.0053841235660329854,0.004991333498638944,0.0060409242955212555,0.004991333498638944,0.004991333498638944
2010-04-01,0.024538799291085673,0.023670709213819554,0.024538799291085673,0.024538799291085673,0.026178048239148877,0.024379395071388164,0.026178048239148877,0.026178048239148877,0.02510923658139482,0.023550645536943582,0.02510923658139482,0.02510923658139482
2010-05-01,0.014983986354182284,0.013255039521608338,0.014983986354182284,0.014983986354182284,0.0051306777909028555,0.006750624395131692,0.0051306777909028555,0.0051306777909028555,0.007158509546224711,0.00706441840795332,0.007158509546224711,0.007158509546224711
2010-06-01,-0.08400931485250336,-0.08086790812442031,-0.08400931485250336,-0.08400931485250336,-0.07864171918338177,-0.07329058425642886,-0.07864171918338177,-0.07864171918338177,-0.08234390350613612,-0.07810344491919526,-0.08234390350613612,-0.08234390350613612
2010-07-01,0.002821098554938749,0.0012052028079757111,0.002821098554938749,0.002821098554938749,-0.0001803044822135827,-0.0036819735651503426,-0.0001803044822135827,-0.0001803044822135827,-0.002060532914342709,-0.007360641442498662,-0.002060532914342709,-0.002060532914342709
2010-08-01,0.06519220705137338,0.0638462349174225,0.06519220705137338,0.06519220705137338,0.06457524269234352,0.06163695235978921,0.06457524269234352,0.06457524269234352,0.06306371190899135,0.0636823981586626,0.06306371190899135,0.06306371190899135
2010-09-01,-0.012617154583896166,-0.01276597379782959,-0.012617154583896166,-0.012617154583896166,-0.013860512998156093,-0.015267440368116383,-0.013860512998156093,-0.013860512998156093,-0.015299489985009549,-0.017044644173312584,-0.015299489985009549,-0.015299489985009549
2010-10-01,0.03943635758542735,0.037525361278061296,0.03943635758542735,0.03943635758542735,0.04123194146643595,0.039633105960612994,0.04123194146643595,0.04123194146643595,0.039639717033351916,0.03899478265648552,0.039639717033351916,0.039639717033351916
2010-11-01,0.012218955835675631,0.013296239621641564,0.012218955835675631,0.012218955835675631,0.01613564580301993,0.016370874835083774,0.01613564580301993,0.01613564580301993,0.017397383229487147,0.016550390535454866,0.017397383229487147,0.017397383229487147
2010-12-01,0.013639706150124727,0.009451474601909466,0.013639706150124727,0.013639706150124727,0.018561720739431138,0.011345863927830243,0.018561720739431138,0.018561720739431138,0.014609372586694817,0.010896034453411092,0.014609372586694817,0.014609372586694817
2011-01-01,0.02100153401230466,0.01193328244891139,0.02100153401230466,0.02100153401230466,0.025944232982039194,0.018144233932001288,0.025944232982039194,0.025944232982039194,0.02449032127824795,0.018092673299623985,0.02449032127824795,0.02449032127824795
2011-02-01,0.01628074597240899,0.01325616049821022,0.01628074597240899,0.01628074597240899,0.01483306435559404,0.012635791688544184,0.01483306435559404,0.01483306435559404,0.011545398767850393,0.010001370544115614,0.011545398767850393,0.011545398767850393
2011-03-01,-0.0004922663843696621,-0.00327848136630016,-0.0004922663843696621,-0.0004922663843696621,-2.267332041697536e-05,-0.0014184639650741944,-2.267332041697536e-05,-2.267332041697536e-05,0.005582828956570774,0.0002848728507082531,0.005582828956570774,0.005582828956570774
2011-04-01,0.006991106991522316,0.006319631072775061,0.006991106991522316,0.006991106991522316,0.008313845395208824,0.007513938607457275,0.008313845395208824,0.008313845395208824,0.009400395857639323,0.008316405378222117,0.009400395857639323,0.009400395857639323
2011-05-01,0.02398811883364874,0.018795731296288035,0.02398811883364874,0.02398811883364874,0.014101778703891767,0.017462420618130834,0.014101778703891767,0.014101778703891767,0.016002847735661654,0.015971081204163583,0.016002847735661654,0.016002847735661654
2011-06-01,-0.014643300394858276,-0.01466805209703238,-0.014643300394858276,-0.014643300394858276,-0.01590211506020604,-0.01826924590208084,-0.01590211506020604,-0.01590211506020604,-0.02014251655116716,-0.019424620701320623,-0.02014251655116716,-0.02014251655116716
2011-07-01,0.01374906488467164,0.006197961932448988,0.01374906488467164,0.01374906488467164,0.011447419539543115,0.002862793015782844,0.008183269819078182,0.011447419539543115,0.011100750021191758,0.0020315081301805153,0.006961705838318788,0.011100750021191758
2011-08-01,-0.013929705149963329,-0.0016498752540701073,-0.013929705149963329,-0.013929705149963329,-0.01363972317347596,-0.0008036262565616843,-0.004385867399965366,-0.01363972317347596,-0.01466975084831219,-0.0003236704510429768,-0.0052695355076537555,-0.01466975084831219
2011-09-01,-0.06266060501788276,-0.04563682584195251,-0.06266060501788276,-0.06266060501788276,-0.05366735271817792,-0.031490400524893714,-0.046609574452287944,-0.05366735271817792,-0.050632474677122785,-0.02309489640361786,-0.04223459743944741,-0.050632474677122785
2011-10-01,-0.05101554787727244,0.07588242455751719,0.06430421353534622,-0.05101554787727244,-0.05106177778448666,0.070199306420877,0.07033654317946715,-0.05106177778448666,-0.05502298574777993,0.06478396582998348,0.07447334186780048,-0.05502298574777993
2011-11-01,0.04249288582158263,-0.10714043400962656,-0.12211914833381839,0.04249288582158263,0.04113738046441022,-0.11036274224689661,-0.08806915938628,0.04113738046441022,0.039869148826994535,-0.12396709790002755,-0.09379848650770548,0.039869148826994535
2011-12-01,0.03384661540102278,0.013392263238318504,0.013952271746712075,0.03384661540102278,0.033303828438047675,0.010237195097771042,0.01220419910219805,0.033303828438047675,0.03254178468247335,0.006044745102292008,0.011491691361088257,0.03254178468247335
2012-01-01,0.02309027092161171,-0.010937274477780272,-0.011279716471718128,0.02309027092161171,0.02161904464058885,-0.010060970554088063,-0.009218986999414744,0.02161904464058885,0.021313419561487447,-0.00916833572344942,-0.009470866426689395,0.021313419561487447
2012-02-01,0.013119643291681774,-0.01691160309880573,-0.022131975023987574,0.013119643291681774,0.015428218723591286,-0.013581308433349882,-0.013119657041188096,0.015428218723591286,0.01693446909782014,-0.010827265179668349,-0.009157457258118638,0.01693446909782014
2012-03-01,0.03430204903275115,0.03415018718382048,0.02276026296349635,0.03430204903275115,0.02638082339305834,0.023179992195103714,0.02185739127677665,0.02638082339305834,0.020830825355014997,0.020967372390464097,0.016908506067989375,0.020830825355014997
2012-04-01,0.038350913082646244,0.013128009669720987,0.025570773029927114,0.038350913082646244,0.03937822145736975,0.016218800045648983,0.03248642013994215,0.03937822145736975,0.03767119792560393,0.017612235878541296,0.016218944522239407,0.03767119792560393
2012-05-01,-0.007458124752717962,-0.0016738222647850775,-0.005029980760250904,-0.007458124752717962,-0.0017679104612404498,0.0014075332760049954,-0.0014658723476549452,-0.0017679104612404498,-0.0017651557246683711,0.0004390526120011837,-0.0014955818542086345,-0.0017651557246683711
2012-06-01,-0.0485242848373504,-0.0018528648716204302,-0.033131291825757456,-0.0485242848373504,-0.05035410413387221,-0.009719083682429748,-0.04207021933460017,-0.05035410413387221,-0.05468711044491218,-0.020196195967626795,-0.012486125824605282,-0.05468711044491218
2012-07-01,0.04395450267657692,-0.0003936041348182337,-0.000403001151075432,0.04395450267657692,0.048855049424389334,0.004420366616954466,0.009617702665629429,0.048855049424389334,0.04717049565031241,0.0072482971225610576,0.01910333166565601,0.04717049565031241
2012-08-01,0.0020996313075458983,-0.002548506607357994,0.0016844488598291869,0.0020996313075458983,0.002903650711048971,-0.0006703682179441051,0.002787678589422386,0.002903650711048971,0.0034334328934985028,0.0006946768376103298,0.0036234086047531684,0.0034334328934985028
2012-09-01,0.016038081626211734,0.010228476484900363,0.012677514883936035,0.016038081626211734,0.020189123866259682,0.015843308288909088,0.019103104899873657,0.020189123866259682,0.01747685552053712,0.01410583565886595,0.018194474310559823,0.01747685552053712
2012-10-01,0.018697884604019898,0.01204340410992816,0.013464659363535183,0.018697884604019898,0.01625047994654035,0.012431616381815174,0.014221158123248303,0.01625047994654035,0.018503629624100203,0.015437973447707958,0.01822629728222164,0.018503629624100203
2012-11-01,-0.030120740074917305,-0.026280340319665238,-0.019504260043737745,-0.030120740074917305,-0.022276809155649432,-0.019989750962713486,-0.017991236739226476,-0.022276809155649432,-0.016649451375538474,-0.013137299281223027,-0.015563249739012424,-0.016649451375538474
2012-12-01,0.012347089314006248,0.010333838403344314,0.01290225263494893,0.012347089314006248,0.006556122422667204,-0.0001906987194237941,0.007496490335419135,0.006556122422667204,-0.003011455965630422,-0.012541882343850763,-0.005335959051235772,-0.003011455965630422
2013-01-01,0.01692643068500524,0.044098405802953926,0.017562350272228928,0.01692643068500524,0.02088735078491961,0.0607857363533233,0.023613354865135768,0.02088735078491961,0.019310587331116544,0.05754484302374344,0.03398086199457294,0.019310587331116544
2013-02-01,0.035062795034898155,0.06443520406278676,0.036248571725237086,0.035062795034898155,0.023882552832660865,0.05263693612038363,0.026861595581467553,0.023882552832660865,0.0296506239716552,0.05433488057791686,0.053261041035561146,0.0296506239716552
2013-03-01,0.018123073514872537,0.019999655157720318,0.019913010524625543,0.018123073514872537,0.013459203629855443,0.010370467543920053,0.01548972871445255,0.013459203629855443,0.011321836515502766,0.011503647877437089,0.02058959659058382,0.011321836515502766
2013-04-01,0.03520948524305365,0.0513544484650159,0.0392174088341581,0.03520948524305365,0.0391668282204121,0.05942056457774567,0.04554628018087572,0.0391668282204121,0.039861497064200085,0.053650057765170706,0.07357095338295641,0.039861497064200085
2013-05-01,0.02727704159987691,0.026406866880411165,0.030536518297787148,0.02727704159987691,0.03384203470368598,0.03865836608954502,0.039403492851437974,0.03384203470368598,0.02797777250630034,0.031553556075780885,0.045799401276843024,0.02797777250630034
2013-06-01,-0.03783524663303064,-0.02934325693091807,-0.04156210273794196,-0.03783524663303064,-0.01816220335966341,0.0017287702622599773,-0.020660102834490334,-0.01816220335966341,-0.006274782182889137,0.018608146429908913,-0.010262333351474638,-0.006274782182889137
2013-07-01,-0.007625375376474778,-0.019135463080021446,-0.008490848970735003,-0.007625375376474778,-0.002464384431136715,-0.013809685479043135,-0.0030032946150232156,-0.002464384431136715,-0.003495378971970199,-0.01416926111192839,-0.004283840890768683,-0.003495378971970199
2013-08-01,0.056598520037562466,0.07023090357558175,0.056598520037562466,0.056598520037562466,0.08042404358679116,0.09081715299915281,0.08042404358679116,0.08042404358679116,0.0853289178120409,0.0897346849545717,0.0853289178120409,0.0853289178120409
2013-09-01,-0.04854492298553523,-0.045204596065302874,-0.04854492298553523,-0.04854492298553523,-0.05312637291072784,-0.051886821564500654,-0.05312637291072784,-0.05312637291072784,-0.06253220648027556,-0.056750012228580726,-0.06253220648027556,-0.06253220648027556
2013-10-01,0.03142186046268976,0.035665535501304337,0.03142186046268976,0.03142186046268976,0.03599115748615931,0.03602466398167306,0.03599115748615931,0.03599115748615931,0.03530298444617495,0.03600528664888132,0.03530298444617495,0.03530298444617495
2013-11-01,0.042629990840123574,0.0437442323976407,0.042629990840123574,0.042629990840123574,0.04379535539730761,0.04251422285740652,0.04379535539730761,0.04379535539730761,0.04261203736582616,0.04252424126477646,0.04261203736582616,0.04261203736582616
2013-12-01,0.014183591234296569,0.01901428750497368,0.014183591234296569,0.014183591234296569,0.02336391382007075,0.02374155183738234,0.02336391382007075,0.02336391382007075,0.012872703182023994,0.016769741216843576,0.012872703182023994,0.012872703182023994
2014-01-01,0.009506896407872521,0.015755827037697238,0.009506896407872521,0.009506896407872521,0.007795218491577932,0.013078870986690298,0.007795218491577932,0.007795218491577932,0.009796149184642425,0.01611249054418046,0.009796149184642425,0.009796149184642425
2014-02-01,-0.06365200594445959,-0.07201416562104955,-0.06365200594445959,-0.06365200594445959,-0.0509539299677566,-0.059772329812733976,-0.0509539299677566,-0.0509539299677566,-0.05060300610392554,-0.04950406204667086,-0.05060300610392554,-0.05060300610392554
2014-03-01,0.045083453904463056,0.048535452991779776,0.045083453904463056,0.045083453904463056,0.05600901361533173,0.05938322215507547,0.05600901361533173,0.05600901361533173,0.05070112887765984,0.05813961893822496,0.05070112887765984,0.05070112887765984
2014-04-01,0.00858183501390439,0.014627282482969305,0.00858183501390439,0.00858183501390439,0.005289354001702811,0.010941247106618177,0.005289354001702811,0.005289354001702811,0.009974061130391686,0.015268796200107883,0.009974061130391686,0.009974061130391686
2014-05-01,0.005663164635581391,0.002524580375097885,0.005663164635581391,0.005663164635581391,-0.000894128772765143,0.0013873760980908439,-0.000894128772765143,-0.000894128772765143,0.008185634466102487,0.008051317895686812,0.008185634466102487,0.008185634466102487
2014-06-01,0.01493538043658957,0.017478230406717525,0.01493538043658957,0.01493538043658957,0.008887090228375683,0.012125111548611386,0.008887090228375683,0.008887090228375683,0.011909331920898665,0.015590801295221042,0.011909331920898665,0.011909331920898665
2014-07-01,0.01284532760477263,0.013943360037551613,0.01284532760477263,0.01284532760477263,0.017588708656995206,0.020696659314984777,0.017588708656995206,0.017588708656995206,0.018712677101326153,0.020530465421171686,0.018712677101326153,0.018712677101326153
2014-08-01,-0.01398211698767488,-0.016199623679300158,-0.01398211698767488,-0.01398211698767488,-0.01703606637171299,-0.02025978891026253,-0.01703606637171299,-0.01703606637171299,-0.023600117942032005,-0.02818903754753025,-0.023600117942032005,-0.023600117942032005
2014-09-01,0.0316794406710207,0.03349301761295796,0.0316794406710207,0.0316794406710207,0.03637775853826217,0.03397908663223499,0.03637775853826217,0.03637775853826217,0.03549697477586425,0.0357246958936619,0.03549697477586425,0.03549697477586425
2014-10-01,-0.0028104943458067406,-0.008846559286092228,-0.0028104943458067406,-0.0028104943458067406,-0.013701987869954052,-0.02349879879803942,-0.013701987869954052,-0.013701987869954052,-0.015343947473433048,-0.025351622844709928,-0.015343947473433048,-0.015343947473433048
2014-11-01,0.04487848585982397,0.028596336411916886,0.04487848585982397,0.04487848585982397,0.04322437795194377,0.030348735827203502,0.04322437795194377,0.04322437795194377,0.041982146179223884,0.03424337528080843,0.041982146179223884,0.041982146179223884
2014-12-01,0.02971490586647905,0.017655940206065902,0.02971490586647905,0.02971490586647905,0.03330936598591425,0.020786219187328203,0.03330936598591425,0.03330936598591425,0.028638642298817876,0.019255890953613908,0.028638642298817876,0.028638642298817876
2015-01-01,-0.005573085358408545,-0.004241062808054851,-0.005573085358408545,-0.005573085358408545,-0.007236785067364413,-0.002588492620897236,-0.007236785067364413,-0.007236785067364413,0.0009716310533757058,0.004142132727024041,0.0009716310533757058,0.0009716310533757058
2015-02-01,0.008089189304629521,0.005073135009676882,0.008089189304629521,0.008089189304629521,0.011552045005829013,0.00245537103634289,0.011552045005829013,0.011552045005829013,0.007025539457208871,-0.002000335912541098,0.007025539457208871,0.007025539457208871
2015-03-01,0.04408171074349577,0.05064467249676415,0.04408171074349577,0.04408171074349577,0.0034022901882044014,0.013130173031870442,0.0034022901882044014,0.0034022901882044014,0.022132774195694857,0.02900043704914199,0.022132774195694857,0.022132774195694857
2015-04-01,-0.02119789182524279,-0.029363781777772685,-0.02119789182524279,-0.02119789182524279,-0.022087898590363832,-0.027415370090732125,-0.022087898590363832,-0.022087898590363832,-0.029878542811829195,-0.032849592298597706,-0.029878542811829195,-0.029878542811829195
2015-05-01,0.008292575206405455,0.015225230848199016,0.008292575206405455,0.008292575206405455,0.011547741543879279,0.016406803923570593,0.011547741543879279,0.011547741543879279,0.01851586529615794,0.019971034126135382,0.01851586529615794,0.01851586529615794
2015-06-01,0.022464660504068337,0.015740427620740512,0.022464660504068337,0.022464660504068337,0.01710963391537233,0.012674206352614223,0.01710963391537233,0.01710963391537233,0.015665434902311523,0.009634367583089238,0.015665434902311523,0.015665434902311523
2015-07-01,-0.0011293043564519548,-0.009158204928371105,-0.0011293043564519548,-0.0011293043564519548,0.00386532324734149,-0.0004968541700552901,0.00386532324734149,0.00386532324734149,-0.006409481807339208,-0.010161154593332278,-0.006409481807339208,-0.006409481807339208
2015-08-01,0.0344881775170443,0.021767006234533405,0.0344881775170443,0.0344881775170443,0.036522081995730364,0.022885444462244896,0.036522081995730364,0.036522081995730364,0.03244951891856809,0.019947118825536746,0.03244951891856809,0.03244951891856809
2015-09-01,-0.12535191546701754,-0.13365347957585927,-0.12535191546701754,-0.12535191546701754,-0.12285187493653031,-0.13757240462124232,-0.12285187493653031,-0.12285187493653031,-0.12507419320873472,-0.11970315093600196,-0.12507419320873472,-0.12507419320873472
2015-10-01,-0.0005420881542711465,-0.003966584424057641,-0.0005420881542711465,-0.0005420881542711465,0.005301831370164726,0.0073401393508941,0.005301831370164726,0.005301831370164726,0.007415817843590346,0.008163611455028131,0.007415817843590346,0.007415817843590346
2015-11-01,0.06276493716407801,0.07662495755757157,0.06276493716407801,0.06276493716407801,0.061369700308518425,0.06733910958564238,0.061369700308518425,0.061369700308518425,0.06480049837703579,0.0702993349839115,0.06480049837703579,0.06480049837703579
2015-12-01,-0.0017546535716582506,-0.0007135826445086324,-0.0017546535716582506,-0.0017546535716582506,-0.0027592993292131717,-0.0029722024734784116,-0.0027592993292131717,-0.0027592993292131717,-0.0019456222881113754,-0.00033969035616153806,-0.0019456222881113754,-0.0019456222881113754
2016-01-01,-0.024424211370954095,-0.028560024466743418,-0.024424211370954095,-0.024424211370954095,-0.01699145932857601,-0.01888579690205131,-0.01699145932857601,-0.01699145932857601,-0.019545499594315133,-0.021916774657662137,-0.019545499594315133,-0.019545499594315133
2016-02-01,-0.03086848902276172,-0.03233683027607253,-0.03086848902276172,-0.03086848902276172,-0.018775802382832614,-0.01467406291275455,-0.018775802382832614,-0.018775802382832614,-0.01998519311753894,-0.01837322892297483,-0.01998519311753894,-0.01998519311753894
2016-03-01,0.008013273364576306,0.010096626352266205,0.008013273364576306,0.008013273364576306,0.011612268279810548,0.018421189255779024,0.011612268279810548,0.011612268279810548,0.01212537017908895,0.01597650614276088,0.01212537017908895,0.01212537017908895
2016-04-01,0.027669833167484753,0.027680795749269054,0.027669833167484753,0.027669833167484753,0.030387375968148164,0.03179282071353564,0.030387375968148164,0.030387375968148164,0.029735050344360615,0.03107326774493382,0.029735050344360615,0.029735050344360615
2016-05-01,0.0053728686174987685,0.004537054811487091,0.0053728686174987685,0.0053728686174987685,0.00852941896874853,0.009599677737699,0.00852941896874853,0.00852941896874853,0.008286664619023899,0.009209000421501636,0.008286664619023899,0.008286664619023899
2016-06-01,0.00794428254583144,0.007620405429367193,0.00794428254583144,0.00794428254583144,0.00860066480990911,0.008182049491096854,0.00860066480990911,0.00860066480990911,0.006557096086384529,0.005935129958140336,0.006557096086384529,0.006557096086384529
2016-07-01,0.0031801120884376536,0.004439466723551127,0.0031801120884376536,0.0031801120884376536,-0.0009988917587371662,0.0010957524800338117,-0.0009988917587371662,-0.0009988917587371662,-0.000916743724278063,0.0010864852602877166,-0.000916743724278063,-0.000916743724278063
2016-08-01,0.022381114006682648,0.02067794470663906,0.022381114006682648,0.022381114006682648,0.02448566054044679,0.02204536059367115,0.02448566054044679,0.02448566054044679,0.0242220988473641,0.022031993916804042,0.0242220988473641,0.0242220988473641
2016-09-01,-0.003918845820067058,-0.004536212870949344,-0.003918845820067058,-0.003918845820067058,-0.00011729087798421834,-6.691081919342765e-05,-0.00011729087798421834,-0.00011729087798421834,-0.0010126160590702086,-0.0006820702113090088,-0.0010126160590702086,-0.0010126160590702086
2016-10-01,-0.002145978354344949,-0.0023726873543274516,-0.002145978354344949,-0.002145978354344949,-0.006392955217501991,-0.005519812980248456,-0.006392955217501991,-0.006392955217501991,-0.0060006936128797084,-0.004934283286415855,-0.0060006936128797084,-0.0060006936128797084
2016-11-01,-0.02659224160039663,-0.02342846738439327,-0.02659224160039663,-0.02659224160039663,-0.023617013753798582,-0.02331876943422491,-0.023617013753798582,-0.023617013753798582,-0.023321687974001828,-0.022654837875079464,-0.023321687974001828,-0.023321687974001828
2016-12-01,0.03813243867397397,0.03255324995769505,0.03813243867397397,0.03813243867397397,0.06819690056197031,0.06522060999949642,0.06819690056197031,0.06819690056197031,0.0662258199409764,0.06460136192641577,0.0662258199409764,0.0662258199409764
2017-01-01,0.03049066212189964,0.030147810304510775,0.03049066212189964,0.03049066212189964,0.03366227285668982,0.03535334172092001,0.03366227285668982,0.03366227285668982,0.02977096355559842,0.029812501088844538,0.02977096355559842,0.02977096355559842
2017-02-01,0.012673899625578858,0.012038875642946905,0.012673899625578858,0.012673899625578858,0.010593804623357432,0.00875385197753953,0.010593804623357432,0.010593804623357432,0.013393982915019888,0.01153066834545202,0.013393982915019888,0.013393982915019888
2017-03-01,0.07372445757178124,0.07565736132418055,0.07372445757178124,0.07372445757178124,0.07504595003149835,0.07561827215450098,0.07504595003149835,0.07504595003149835,0.07110122639738943,0.07154153192803789,0.07110122639738943,0.07110122639738943
2017-04-01,-0.017010712514950035,-0.016564969123985387,-0.017010712514950035,-0.017010712514950035,-0.023851728053247735,-0.024474270940832075,-0.023851728053247735,-0.023851728053247735,-0.02079191776068903,-0.021594433630431287,-0.02079191776068903,-0.02079191776068903
2017-05-01,0.01739636158478476,0.017309886231853963,0.01739636158478476,0.01739636158478476,0.013666781112858519,0.012562315011194298,0.013666781112858519,0.013666781112858519,0.016050538816843582,0.0150837901821712,0.016050538816843582,0.016050538816843582
2017-06-01,0.022432608194076394,0.024472992785351824,0.022432608194076394,0.022432608194076394,0.01668488233661362,0.01738254448860294,0.01668488233661362,0.01668488233661362,0.01761022110654225,0.018494728738056777,0.01761022110654225,0.01761022110654225
2017-07-01,0.00812445303543632,0.005994089854405483,0.00812445303543632,0.00812445303543632,0.016669235727565332,0.015127044951123655,0.016669235727565332,0.016669235727565332,0.012527960630911626,0.011263161696766787,0.012527960630911626,0.012527960630911626
2017-08-01,0.021039888462320556,0.021572493976647126,0.021039888462320556,0.021039888462320556,0.01833656121827865,0.018894826849746915,0.01833656121827865,0.01833656121827865,0.019525954264525656,0.01913405638333713,0.019525954264525656,0.019525954264525656
2017-09-01,0.006567767656696997,0.006865795426123976,0.006567767656696997,0.006567767656696997,0.0018913367024726618,0.0006415479267725766,0.0018913367024726618,0.0018913367024726618,-0.000286618491786625,-0.001119231068161366,-0.000286618491786625,-0.000286618491786625
2017-10-01,0.028355767166897843,0.02651224645387598,0.028355767166897843,0.028355767166897843,0.03120500495914427,0.03211948896945842,0.03120500495914427,0.03120500495914427,0.029426893185451705,0.030842625515210238,0.029426893185451705,0.029426893185451705
2017-11-01,0.017454681970746302,0.01759752176242651,0.017454681970746302,0.017454681970746302,0.01720763108474363,0.01697229123324947,0.01720763108474363,0.01720763108474363,0.018423862927933788,0.017493999085046154,0.018423862927933788,0.018423862927933788
2017-12-01,0.04444507497304135,0.04614761106749709,0.04444507497304135,0.04444507497304135,0.03753389375607871,0.038421448719262744,0.03753389375607871,0.03753389375607871,0.04271743718388266,0.042813531697751255,0.04271743718388266,0.04271743718388266
2018-01-01,0.03299163197824425,0.02911536421648976,0.03299163197824425,0.03299163197824425,0.028578491932245095,0.0278178321698557,0.028578491932245095,0.028578491932245095,0.03419108211854148,0.03394445459030517,0.03419108211854148,0.03419108211854148
2018-02-01,0.08706909339361855,0.08199798025217893,0.08706909339361855,0.08706909339361855,0.08162768266191306,0.07749889868783937,0.08162768266191306,0.08162768266191306,0.08802946857189603,0.08305890682478685,0.08802946857189603,0.08802946857189603
2018-03-01,-0.08408706666311964,-0.0851640887553621,-0.08408706666311964,-0.08408706666311964,-0.07486438012657157,-0.07950936283279068,-0.07486438012657157,-0.07486438012657157,-0.07416895738605238,-0.07844502293184881,-0.07416895738605238,-0.07416895738605238
2018-04-01,-0.041406437981100774,-0.04036943130355635,-0.041406437981100774,-0.041406437981100774,-0.04081769467697014,-0.03824619488191811,-0.04081769467697014,-0.04081769467697014,-0.042063940098375004,-0.03932224921356536,-0.042063940098375004,-0.042063940098375004
2018-05-01,0.031473979079700426,0.030692090441144605,0.031473979079700426,0.031473979079700426,0.028554750157267307,0.03005885210245172,0.028554750157267307,0.028554750157267307,0.031362755120957625,0.031333329941964715,0.031362755120957625,0.031362755120957625
2018-06-01,0.02969293797260953,0.02832463524234264,0.02969293797260953,0.02969293797260953,0.024615967447291852,0.023771531841787638,0.024615967447291852,0.024615967447291852,0.02462470629452421,0.024545497940679364,0.02462470629452421,0.02462470629452421
2018-07-01,-1.5525608746953e-05,0.0021030021129938366,-1.5525608746953e-05,-1.5525608746953e-05,-0.0034140426491940223,-0.001929670421703711,-0.0034140426491940223,-0.0034140426491940223,0.00010797105553756451,2.578530510614585e-05,0.00010797105553756451,0.00010797105553756451
2018-08-01,0.03862463342076249,0.03900294506925609,0.03862463342076249,0.03862463342076249,0.038354663502552115,0.037417214068339845,0.038354663502552115,0.038354663502552115,0.0354037277127567,0.03529402136711448,0.0354037277127567,0.0354037277127567
2018-09-01,0.03132275105616466,0.0316354267148083,0.03132275105616466,0.03132275105616466,0.028385690465908345,0.026838335339077774,0.028385690465908345,0.028385690465908345,0.03135017489026491,0.029340118252162824,0.03135017489026491,0.03135017489026491
2018-10-01,0.016437585448587567,0.01608659463460395,0.016437585448587567,0.016437585448587567,0.010507825637945088,0.011007778505191064,0.010507825637945088,0.010507825637945088,0.009484032160155828,0.010524156368956079,0.009484032160155828,0.009484032160155828
2018-11-01,-0.06218920525038158,-0.06006286760503356,-0.06218920525038158,-0.06218920525038158,-0.0585590329702941,-0.05826732657931925,-0.0585590329702941,-0.0585590329702941,-0.06091554144086309,-0.06172340183501583,-0.06091554144086309,-0.06091554144086309
2018-12-01,0.02203239970756443,0.02306983783056445,0.02203239970756443,0.02203239970756443,0.021983091606854164,0.021856106917314575,0.021983091606854164,0.021983091606854164,0.02123144817173197,0.021133946844878702,0.02123144817173197,0.02123144817173197
2019-01-01,-0.0811710203038637,-0.08374429525137302,-0.0811710203038637,-0.0811710203038637,-0.08266129725254073,-0.08441669134120384,-0.08266129725254073,-0.08266129725254073,-0.08082055749029454,-0.08231659352464082,-0.08082055749029454,-0.08082055749029454
2019-02-01,0.04339433224013615,0.04389018004023154,0.04339433224013615,0.04339433224013615,0.04403455079002772,0.04456251560835226,0.04403455079002772,0.04403455079002772,0.04379000395263004,0.044622826669900556,0.04379000395263004,0.04379000395263004
2019-03-01,0.019404706328899887,0.01975670897323772,0.019404706328899887,0.019404706328899887,0.018602802676754595,0.018545688732886773,0.018602802676754595,0.018602802676754595,0.018787632042794364,0.019048915295750573,0.018787632042794364,0.018787632042794364
2019-04-01,0.010076516165787676,0.010579872859806964,0.010076516165787676,0.010076516165787676,0.007966996227501136,0.008393511295741942,0.007966996227501136,0.007966996227501136,0.00949960345149709,0.009594317351949391,0.00949960345149709,0.00949960345149709
2019-05-01,0.006475490166969481,0.006672342169205614,0.006475490166969481,0.006475490166969481,0.010161442416332484,0.009279404483730764,0.010161442416332484,0.010161442416332484,0.010994961061724935,0.009994470649046901,0.010994961061724935,0.010994961061724935
2019-06-01,-0.05490894253716137,-0.045515797029742816,-0.05490894253716137,-0.05490894253716137,-0.04969595130166838,-0.039066991163671516,-0.04969595130166838,-0.04969595130166838,-0.03774559853454907,-0.02837976279091186,-0.03774559853454907,-0.03774559853454907
2019-07-01,0.036801253784889264,0.032726319751424815,0.036801253784889264,0.036801253784889264,0.04126461580045529,0.03805251561956277,0.04126461580045529,0.04126461580045529,0.04339282559810282,0.04012789958166584,0.04339282559810282,0.04339282559810282
2019-08-01,-0.007608884475377792,-0.007604257585997865,-0.007608884475377792,-0.007608884475377792,-0.007389755462294811,-0.007788931832174801,-0.007389755462294811,-0.007389755462294811,-0.00760490718362955,-0.007366772152167153,-0.00760490718362955,-0.00760490718362955
2019-09-01,-0.012605191440428647,-0.013704642184696619,-0.012605191440428647,-0.012605191440428647,-0.012460788844387874,-0.014191112651258208,-0.012460788844387874,-0.012460788844387874,-0.012409691612227521,-0.012905163041057406,-0.012409691612227521,-0.012409691612227521
2019-10-01,0.008579585462137098,0.009533645929709128,0.008579585462137098,0.008579585462137098,0.008543490599916862,0.00941123348896759,0.008543490599916862,0.008543490599916862,0.008695918689385934,0.009261160359663801,0.008695918689385934,0.008695918689385934
2019-11-01,0.02362531133862934,0.025852124027797366,0.02362531133862934,0.02362531133862934,0.023622845818057587,0.025104158622310406,0.023622845818057587,0.023622845818057587,0.02389284425035522,0.024132011136596423,0.02389284425035522,0.02389284425035522
2019-12-01,0.0031048483859672173,0.003151341773294028,0.0031048483859672173,0.0031048483859672173,0.005515121451090913,0.005090265825073108,0.005515121451090913,0.005515121451090913,0.006246328570772193,0.005192442273455724,0.006246328570772193,0.006246328570772193
2020-01-01,0.019273584327311213,0.02270758161261572,0.019273584327311213,0.019273584327311213,0.02062697725550317,0.0236054908491545,0.02062697725550317,0.02062697725550317,0.021974963171532785,0.02289346908447094,0.021974963171532785,0.021974963171532785
2020-02-01,-0.013944327035854232,-0.030267299333808045,-0.013944327035854232,-0.013944327035854232,-0.010681023296659955,-0.02150786918401717,-0.010681023296659955,-0.010681023296659955,-0.013872766788048276,-0.02053781391460474,-0.013872766788048276,-0.013872766788048276
2020-03-01,-0.032828543979081665,-0.04150158511564701,-0.032828543979081665,-0.032828543979081665,-0.0336122680225786,-0.04167812504286277,-0.0336122680225786,-0.0336122680225786,-0.04173706513137536,-0.047551143405125625,-0.04173706513137536,-0.04173706513137536
2020-04-01,-0.13450852312337358,-0.1189258423661112,-0.13450852312337358,-0.13450852312337358,-0.14285757184487483,-0.13871958663151934,-0.14285757184487483,-0.14285757184487483,-0.15254839009707663,-0.15940328721095073,-0.15254839009707663,-0.15254839009707663
2020-05-01,-0.05619421289597126,-0.05809594520210977,-0.047080682751971505,-0.047080682751971505,-0.05892627111225292,-0.05761568809318047,-0.04751757406527924,-0.04751757406527924,-0.05595219252450502,-0.052895466155843916,-0.04554297668558731,-0.04554297668558731
2020-06-01,-0.02987836762868347,-0.03279252906624818,-0.02984850825975627,-0.02984850825975627,-0.0326375814029656,-0.030403814207145073,-0.027466815297898413,-0.027466815297898413,-0.032999607821139275,-0.031135781470531813,-0.029070910606005137,-0.029070910606005137
2020-07-01,0.00735132439720985,0.003811166584290524,0.002866813907067289,0.002866813907067289,0.006881646525614649,0.006128940957740046,0.005814211882927442,0.005814211882927442,0.0069486646589710654,0.007687445323385641,0.008583117657032811,0.008583117657032811
2020-08-01,0.027818904664387953,-0.007492890933483703,-0.017980522065392895,-0.017980522065392895,0.025008086848069624,-0.002401162103709868,-0.009896017079093756,-0.009896017079093756,0.025292391115815386,-0.0058383142369734355,-0.011839821401717127,-0.011839821401717127
2020-09-01,0.006460249414254892,0.011108580784030852,0.0073518419118726525,0.0073518419118726525,0.009137223073050598,0.011330097454527868,0.010446930756926008,0.010446930756926008,0.013046681707632067,0.01496211394531151,0.014697994717921227,0.014697994717921227
2020-10-01,-0.007989697236633125,-0.009315268323500466,-0.009000592100281587,-0.009000592100281587,-0.008578970401139606,-0.013951127611324023,-0.00972379611960544,-0.00972379611960544,-0.010328040311511183,-0.01401996099395543,-0.011508071847101243,-0.011508071847101243
2020-11-01,-0.0025912790997930923,-0.004597318497374777,-0.002946605815084478,-0.002946605815084478,-0.003205702696973426,-0.003799231705550326,-0.003655922670994441,-0.003655922670994441,-0.005560744935646175,-0.0060127290645361955,-0.006233334392505558,-0.006233334392505558
2020-12-01,0.04537654087518288,0.04890004642386908,0.05269197592646577,0.05269197592646577,0.04214691085936591,0.043794207092828726,0.04880560809529748,0.04880560809529748,0.038217094199950695,0.0399630909401467,0.043459009134467645,0.043459009134467645
2021-01-01,0.004306120540194797,0.003712922233672802,0.00473690329616396,0.00473690329616396,0.0017961089588657889,0.001255062619018155,0.0019954341814545345,0.0019954341814545345,0.003679063475585593,0.0035253188681243935,0.004048579289289192,0.004048579289289192
2021-02-01,0.0027500487736295647,0.005787401546143069,0.003042264731368938,0.003042264731368938,0.0010311633581875526,0.0012652568490379745,0.0011524046652693376,0.0011524046652693376,0.0014218473017536463,0.002531615707040205,0.00157271520772127,0.00157271520772127
2021-03-01,0.007314837923721727,0.004962940340332169,0.008053245934640841,0.008053245934640841,0.012427175752951065,0.009350334286107079,0.01385964167252277,0.01385964167252277,0.0188289434624588,0.014563513490197869,0.020774430020822333,0.020774430020822333
2021-04-01,0.003916491826846187,-0.016746802384481247,-0.025048213320410975,-0.025048213320410975,0.004272112897977206,-0.014003718447300932,-0.017078373023336653,-0.017078373023336653,0.004728686641212195,-0.013556675505196123,-0.016318463536916454,-0.016318463536916454
2021-05-01,0.02366233102600436,0.02620148071080054,0.025520261532538134,0.025520261532538134,0.02052067712677299,0.02276748557457669,0.02375612154795705,0.02375612154795705,0.02133195043022748,0.022268184619226365,0.024068001146499252,0.024068001146499252
2021-06-01,0.012048461532148998,0.014124696272560177,0.01104881415658544,0.01104881415658544,0.015544104951222453,0.01331259729103161,0.015951607756288608,0.015951607756288608,0.015020617487961447,0.01137496645728123,0.015032627653284315,0.015032627653284315
2021-07-01,-0.03517186946920636,-0.024774058120305864,-0.028082074465480975,-0.028082074465480975,-0.02921941680822301,-0.014107927478012329,-0.02551829368479571,-0.02551829368479571,-0.01658299173540179,-0.005917873365569653,-0.01422630283767009,-0.01422630283767009
2021-08-01,-0.002273851344516358,0.0002956143961396746,-0.001969661827415853,-0.001969661827415853,-0.002519205003184982,0.0020106149029843878,-0.00232563315219206,-0.00232563315219206,0.0033677571794369808,0.007021380107982332,0.003014083585716558,0.003014083585716558
2021-09-01,0.023642657998011435,0.02309862406316911,0.02028433286107849,0.02028433286107849,0.019792088374738063,0.021069855595622803,0.017908625989151224,0.017908625989151224,0.019839261521328314,0.019863589635200116,0.01767908084290833,0.01767908084290833
2021-10-01,-0.019852640778922417,-0.022223275814358588,-0.016996704712116253,-0.016996704712116253,-0.02298904292121394,-0.011824597850538127,-0.020796919192959278,-0.020796919192959278,-0.027816831198866018,-0.018256144124714272,-0.024815914973574296,-0.024815914973574296
2021-11-01,0.03726569594882261,0.03603703545583304,0.03207389963228183,0.03207389963228183,0.042213434710943985,0.050170353747472474,0.03837429803237748,0.03837429803237748,0.04353581089278672,0.04925653799784457,0.039070104403539814,0.039070104403539814
2021-12-01,-0.031519314985162195,-0.02898751672390759,-0.026814189895778412,-0.026814189895778412,-0.03690767641918271,-0.03392576970035328,-0.03317168510940704,-0.03317168510940704,-0.039617558986128246,-0.030136341044605674,-0.034881813635894106,-0.034881813635894106
2022-01-01,0.05075549657122123,0.05675584715444791,0.042514640901040755,0.042514640901040755,0.04971358895102773,0.05639586969510042,0.04525297020414336,0.04525297020414336,0.04864404119674886,0.05531717135507914,0.04394713123095648,0.04394713123095648
2022-02-01,-0.012697906506951795,-0.026328542077935328,-0.010742970580293817,-0.010742970580293817,-0.013989146318700978,-0.02414698880759023,-0.012718946282108385,-0.012718946282108385,0.015272574510975549,-0.005243906504664665,0.013789227987642011,0.013789227987642011
2022-03-01,-0.012830301561725186,-0.01420228507235957,-0.011009469306953663,-0.011009469306953663,-0.018158782106088203,-0.02308845711945132,-0.016672970456753772,-0.016672970456753772,-0.02045802841218622,-0.0243166919098998,-0.018379458654407318,-0.018379458654407318
2022-04-01,0.045369360493697546,0.04481676985476018,0.039539909870054755,0.039539909870054755,0.04827776975119168,0.04851559182676137,0.04508606337566865,0.04508606337566865,0.04693420154248143,0.048035818744882705,0.04307345673678935,0.04307345673678935
2022-05-01,-0.03409047212972159,-0.03605421051819102,-0.03409047212972159,-0.03409047212972159,-0.031928254703881075,-0.0381412770255024,-0.031928254703881075,-0.031928254703881075,-0.036746175947446134,-0.046362944848871636,-0.036746175947446134,-0.036746175947446134
2022-06-01,0.06588512532532216,0.061982560010177004,0.06588512532532216,0.06588512532532216,0.048050433765003994,0.044963134440975,0.048050433765003994,0.048050433765003994,0.03638963419707983,0.03226876975314611,0.03638963419707983,0.03638963419707983
2022-07-01,-0.08494137309555931,-0.0700367914626735,-0.08494137309555931,-0.08494137309555931,-0.08371272660324328,-0.07369364778034167,-0.08371272660324328,-0.08371272660324328,-0.08357835900229656,-0.07437377629380004,-0.08357835900229656,-0.08357835900229656
2022-08-01,0.022304512641782792,0.014605522407573039,0.022304512641782792,0.022304512641782792,0.021986850760988684,0.01711608653848169,0.021986850760988684,0.021986850760988684,0.025821251872074746,0.022900487783088667,0.025821251872074746,0.025821251872074746
2022-09-01,0.004769250564169702,0.005154757699579948,0.004769250564169702,0.004769250564169702,-0.0001630973933389274,-0.002176991180165835,-0.0001630973933389274,-0.0001630973933389274,-0.0023076832780169355,-0.005295053418134349,-0.0023076832780169355,-0.0023076832780169355
2022-10-01,-0.013257638629940434,-0.01520262240926595,-0.013257638629940434,-0.013257638629940434,-0.015232462355072167,-0.018856205730350826,-0.015232462355072167,-0.015232462355072167,-0.019511929648741325,-0.024392148307730913,-0.019511929648741325,-0.019511929648741325
2022-11-01,0.061731882976916425,0.0609820282893787,0.061731882976916425,0.061731882976916425,0.0559623760621172,0.054974062071536385,0.0559623760621172,0.0559623760621172,0.057716569673853836,0.05653354088310565,0.057716569673853836,0.057716569673853836
2022-12-01,0.006106087971568071,0.004884998611405117,0.006106087971568071,0.006106087971568071,0.012527293571909986,0.011641771165779267,0.012527293571909986,0.012527293571909986,0.015307285567240366,0.01533027899617613,0.015307285567240366,0.015307285567240366
