date,Next_Regime_0,Next_Regime_1,Next_Regime_2,Next_Regime_3,Next_Regime_4,Next_Regime_5
1959-12-01,0.03532687731469861,0.16538312361731303,0.19373765497803072,0.13891151373053162,0.2380716738647158,0.22856915649471016
1960-01-01,0.035370650991881435,0.16542893795450933,0.19503191010658036,0.13888250182713247,0.237399138784576,0.2278868603353202
1960-02-01,0.024067191082651738,0.17569696812787883,0.1938687773415449,0.13997771575547258,0.24065235298904145,0.22573699470341058
1960-03-01,0.049479213987004354,0.18840300715209166,0.19307464837634913,0.13471751552551994,0.22567586793348893,0.20864974702554603
1960-04-01,0.05202229145372716,0.177080159871256,0.1898200410799263,0.13624617723199273,0.23005702444420845,0.21477430591888938
1960-05-01,0.03237966247917177,0.18048761858534,0.19800530521818577,0.13792033329412975,0.23421968044175978,0.21698739998141306
1960-06-01,0.024779213012167005,0.19088740260150047,0.1988573686275219,0.13674545707685412,0.23293719957776185,0.21579335910419478
1960-07-01,0.02411878278917987,0.18644808565903104,0.1996279047850248,0.137383681033586,0.2337472281139566,0.2186743176192216
1960-08-01,0.02256085569902548,0.18339121850857273,0.19580221191096348,0.13784514098247622,0.23669283676551037,0.2237077361334516
1960-09-01,0.024950329804101924,0.18699707886495365,0.19962010130224625,0.13641079467693865,0.2333017676727826,0.218719927678977
1960-10-01,0.028278364300021768,0.18734313644586065,0.19779239274320656,0.13700404941737188,0.2312866743758115,0.21829538271772753
1960-11-01,0.03296594696895112,0.18940402250843788,0.1951107064353504,0.13658934309284568,0.23235473399588255,0.2135752469985325
1960-12-01,0.045132021073211175,0.1904600871067337,0.19304840377466817,0.13494489609867216,0.22698647488859008,0.20942811705812478
1961-01-01,0.027809902378598924,0.18339302968428267,0.19895206833325757,0.13707870343808087,0.23410003996659892,0.21866625619918104
1961-02-01,0.02421441703441849,0.1858852419884756,0.19862074615772066,0.13698086444825397,0.2331665915260578,0.22113213884507357
1961-03-01,0.022900968511991318,0.17585966777228995,0.1957985480481205,0.13750942179162964,0.23942926141134388,0.22850213246462478
1961-04-01,0.028797551248660413,0.17429190818596657,0.1988761018985933,0.13743796314484452,0.23548152478525777,0.22511495073667742
1961-05-01,0.02314524304156597,0.16973127976494726,0.19690386723226444,0.13854270791555617,0.23877655230508035,0.23290034974058574
1961-06-01,0.02234411415443979,0.16747476799524885,0.19497619217830311,0.13859796086784215,0.24177069896910328,0.23483626583506287
1961-07-01,0.023527449335335498,0.17423320762269917,0.1968022989917113,0.13896262813778712,0.2381672123455442,0.22830720356692275
1961-08-01,0.02295074255476375,0.16484654479304683,0.1948602294549946,0.13910543879880483,0.24358273683176918,0.23465430756662078
1961-09-01,0.02288424903017877,0.17964441928897165,0.19350829622046054,0.13856583572622003,0.23975130506246897,0.22564589467170007
1961-10-01,0.027418483978370687,0.1658920311908956,0.1948519895026799,0.13904850977500086,0.24120867263654258,0.23158031291651038
1961-11-01,0.024392878936736223,0.16316039366164473,0.19581969592017082,0.13955087189260754,0.24240995871142085,0.23466620087741985
1961-12-01,0.021270833977188083,0.16795013041676457,0.1954332433932356,0.13984287142340152,0.24246611507327423,0.23303680571613608
1962-01-01,0.023707419202472726,0.18104618961523938,0.19494996316059068,0.13904174115803616,0.23808443628257625,0.22317025058108483
1962-02-01,0.024593788270900967,0.16527863271999024,0.19553279621117112,0.13983397886518822,0.2418853385729423,0.2328754653598071
1962-03-01,0.024479898626977706,0.17146004184003902,0.19501071626947925,0.1392045860158265,0.24144103199838846,0.22840372524928895
1962-04-01,0.021795387111594497,0.16926976264441795,0.19228532240435223,0.13963545179321976,0.24429873025570445,0.23271534579071104
1962-05-01,0.022045216017938477,0.17571029504051133,0.1949607914020335,0.13920561508734422,0.24093979640993204,0.22713828604224043
1962-06-01,0.0261445447009309,0.1783819718136821,0.19538582958315182,0.13858311857329617,0.23886431698745644,0.22264021834148254
1962-07-01,0.021294627452348114,0.1683438660403321,0.19463723273408126,0.13964916405469305,0.2433947397190925,0.232680369999453
1962-08-01,0.02231759833637923,0.1769257310570404,0.1922741163318466,0.13981077759923788,0.24010827491415512,0.22856350176134077
1962-09-01,0.020861613646431066,0.17047373732763707,0.1953512585035617,0.14076896632192176,0.2407523128051495,0.231792111395299
1962-10-01,0.025067560120220708,0.17318928749044185,0.19406147228460854,0.13786742577809818,0.24405093208810577,0.22576332223852494
1962-11-01,0.022326755212141114,0.1724803967057821,0.19125624888037726,0.14025048926468067,0.2424582276904789,0.23122788224654006
1962-12-01,0.022578539617719134,0.17775090730570897,0.19201283946569217,0.13823466929795883,0.24181085344188868,0.22761219087103232
1963-01-01,0.02139925271341947,0.1715290955845046,0.19754661904150755,0.14001757217974733,0.2394301193351759,0.230077341145645
1963-02-01,0.021457355901382574,0.16937131785644816,0.19400310967171744,0.1391235964244124,0.24273615030346515,0.23330846984257442
1963-03-01,0.02042156334200858,0.1669753951267903,0.19076986722598815,0.1397720294455054,0.2465950141014452,0.2354661307582624
1963-04-01,0.022357200837261063,0.1644608142349099,0.18973025498719842,0.14026598918829644,0.24698292530375016,0.23620281544858396
1963-05-01,0.02200598892945442,0.16982606272933498,0.19049890721115342,0.14023095629301974,0.24383144336082632,0.23360664147621105
1963-06-01,0.020832766537608148,0.16909570250778516,0.19155538377806436,0.1415574201379867,0.24505467190881972,0.23190405512973591
1963-07-01,0.020978354651474993,0.17345372853578936,0.18979225538468444,0.13964317465643197,0.24530491397609336,0.23082757279552585
1963-08-01,0.021612757290539436,0.17116014722646697,0.1903017909432623,0.1395411867834408,0.2452218069658559,0.2321623107904345
1963-09-01,0.02295787494822406,0.16710733272790504,0.1887942802969963,0.1399989212841496,0.24757412687718167,0.23356746386554322
1963-10-01,0.021021774628430315,0.16478337282751393,0.18544574503191003,0.1410338622675675,0.24767366875244873,0.24004157649212943
1963-11-01,0.02089427526533388,0.17438344196612102,0.18850269529629388,0.1402114788159184,0.2457901941970753,0.23021791445925738
1963-12-01,0.021310454721279067,0.1708905700165675,0.19126138303773374,0.1405080915058543,0.24406323639650107,0.2319662643220644
1964-01-01,0.024670729105069438,0.1707511462313602,0.19015890742394584,0.1385295226236056,0.24308147235244063,0.23280822226357825
1964-02-01,0.02195731210039496,0.16278163937567103,0.18626600862280776,0.14114485499181925,0.25111155072714514,0.2367386341821619
1964-03-01,0.020827246638593522,0.17596760968228004,0.1901106035979853,0.13974530138116892,0.24316524104410245,0.23018399765586983
1964-04-01,0.024544334257488136,0.16226112559310413,0.19429095885921518,0.14007806009371118,0.24378974579977306,0.23503577539670845
1964-05-01,0.021006179610222792,0.1670525087344677,0.19260766372897817,0.1394640849892778,0.2447723020607809,0.23509726087627264
1964-06-01,0.020831793669405258,0.17203428658837355,0.19288828258835305,0.14047847181022252,0.24302199068135286,0.23074517466229263
1964-07-01,0.021492071501360527,0.16338828490659418,0.19222404512703223,0.14009566168542803,0.2459623212266299,0.23683761555295527
1964-08-01,0.02162735577117285,0.16655538355662605,0.192261063302779,0.14074164847937035,0.24608897428514856,0.23272557460490317
1964-09-01,0.021332214101234655,0.1652812873277878,0.19325475969077066,0.14097124613986145,0.2449880112267664,0.23417248151357917
1964-10-01,0.03755633054790939,0.18313266957231628,0.19178056806195767,0.1374158265093562,0.23462586237863844,0.21548874292982192
1964-11-01,0.048529491365118464,0.16387020856027923,0.1912989456353248,0.1379883130052132,0.2348117605723711,0.22350128086169316
1964-12-01,0.02541251017916163,0.16216173386388633,0.19520600391425963,0.14004174180639273,0.24278739490712076,0.23439061532917893
1965-01-01,0.022254104786451335,0.1616889746682023,0.1984111378050912,0.14092162191405072,0.24356629991347278,0.23315786091273158
1965-02-01,0.023205411178293917,0.17176918653776538,0.19670202074948745,0.13918326914095375,0.2413448735892201,0.22779523880427954
1965-03-01,0.02223936051408784,0.15939733673831874,0.1969856203479717,0.14134275926091686,0.24465916095986948,0.23537576217883527
1965-04-01,0.021797757299701362,0.16867119856030338,0.19598547506905978,0.14023240892612274,0.2422551365064776,0.23105802363833514
1965-05-01,0.02378852558545198,0.16542102782027832,0.19575254978431747,0.14067118710440302,0.2429812823208228,0.2313854273847264
1965-06-01,0.02191289857944074,0.1688610121962152,0.19497974615075167,0.14009974706161663,0.24245612118272425,0.2316904748292516
1965-07-01,0.02658258539925021,0.16273418331577277,0.19476715664397448,0.13955735457397572,0.24491266649142154,0.23144605357560524
1965-08-01,0.0227126530226158,0.17150476326333233,0.19559566578599036,0.1399888525356335,0.24178062101245215,0.228417444379976
1965-09-01,0.022016054876939375,0.16732708152714784,0.19498070243838417,0.14032015701996378,0.24207606452729286,0.2332799396102721
1965-10-01,0.022324688505831622,0.16221530678517992,0.19442681222409863,0.14026324922043887,0.24467334438009775,0.23609659888435305
1965-11-01,0.02171648748410463,0.16285041552151464,0.19501747530901956,0.14097000842943372,0.24522623703878002,0.23421937621714742
1965-12-01,0.022306799845615444,0.161868861267612,0.19245691059224015,0.14134381815043714,0.24548619533897617,0.23653741480511897
1966-01-01,0.024374180794175904,0.16409905540280473,0.19680089484074798,0.13973235525681146,0.24363040755965265,0.23136310614580727
1966-02-01,0.024481964091018205,0.1665109117058766,0.19941084682405671,0.1414722495324664,0.23946371815716186,0.22866030968942017
1966-03-01,0.02622954914610013,0.1610590231203384,0.19627204301785175,0.13974803356884075,0.2439911999050027,0.23270015124186638
1966-04-01,0.024005731222851136,0.16907594746238983,0.19972476035435247,0.14101284900943992,0.23967102563015097,0.22650968632081556
1966-05-01,0.026743868987063633,0.17056341488182838,0.20042597645045945,0.13866515812447197,0.23893395816340118,0.2246676233927754
1966-06-01,0.02314923213201661,0.16419753844819085,0.20274420311991978,0.1404615792808169,0.23985164343045504,0.22959580358860068
1966-07-01,0.022843950628353142,0.17251654719383167,0.2047795681763617,0.1395764951074073,0.23552355777889303,0.22475988111515321
1966-08-01,0.024226930750555542,0.17575126043639455,0.20599059174932588,0.1387497793341319,0.23341508542799694,0.22186635230159518
1966-09-01,0.02437418428859488,0.17440425861824163,0.20926170988112652,0.1380410352227792,0.23332666117839596,0.22059215081086184
1966-10-01,0.023574428559032325,0.17434186485869138,0.2157755204392865,0.13812494570559686,0.2294308973934228,0.2187523430439701
1966-11-01,0.02478673173417865,0.18175702928391174,0.21045055585245773,0.1375946712302218,0.2304316370496314,0.21497937484959867
1966-12-01,0.023606223679570205,0.18051268664946207,0.21105903231772352,0.13738155854844106,0.23019924810856932,0.21724125069623393
1967-01-01,0.024908475800962913,0.17518331632244455,0.20526078383001187,0.1383406505860671,0.23418874666975864,0.22211802679075487
1967-02-01,0.024245719430206862,0.18656741718002404,0.2042797938733804,0.13829903414682848,0.23171523563345028,0.21489279973610978
1967-03-01,0.02265045394571996,0.1822787553440756,0.20623107817211014,0.1374092288389569,0.2330069573399543,0.2184235263591832
1967-04-01,0.021708675294200532,0.17509754356395252,0.20301658169927805,0.13868669234097986,0.23515795481270302,0.2263325522888862
1967-05-01,0.02317287969193883,0.18253029415045902,0.19804992701327867,0.1385348019056218,0.23700212731250495,0.2207099699261968
1967-06-01,0.021279510342192855,0.176069200138508,0.19593391455271794,0.13934658698523364,0.23844460097452808,0.22892618700681938
1967-07-01,0.022929729056990256,0.17796722587699865,0.1966264744485986,0.13876378683524934,0.23984938990386862,0.22386339387829454
1967-08-01,0.024428886052547324,0.16475704137899885,0.19509763064864893,0.13951669482507992,0.24202311523606818,0.23417663185865667
1967-09-01,0.022031893165612045,0.17686277851676496,0.1931405429630572,0.13888187723165166,0.2415976389128298,0.22748526921008422
1967-10-01,0.021102937707720773,0.17236666696087224,0.19409044494264316,0.13904767086912218,0.24236191390283726,0.2310303656168044
1967-11-01,0.024387784505242385,0.16150376405242545,0.19282690070509614,0.14015974810529466,0.24421538851913124,0.23690641411281
1967-12-01,0.02314508153886242,0.16465613930131232,0.1947258674918249,0.13943480885836976,0.24333297892981853,0.23470512387981213
1968-01-01,0.029766269328301988,0.18113168296818918,0.1969386591535497,0.13865028598761062,0.23499114349089484,0.21852195907145366
1968-02-01,0.028705645524657455,0.16720682020556152,0.19222249785601445,0.13970661916649948,0.24275696933910246,0.2294014479081646
1968-03-01,0.020878507622859185,0.1681322685928909,0.19196572718167812,0.14012052222654378,0.24517619931286566,0.23372677506316222
1968-04-01,0.023668300164398248,0.16972764866854514,0.19233502160662524,0.1407719186036923,0.24442497194980806,0.22907213900693096
1968-05-01,0.022768039049108457,0.16486984309960917,0.19619466050227335,0.14058012986350574,0.24379229472276537,0.2317950327627379
1968-06-01,0.021650629151826712,0.17274764177649196,0.19436123512127088,0.1403315816680839,0.24064785525589094,0.23026105702643546
1968-07-01,0.021187963622557333,0.17312421264616312,0.1922866443109182,0.13937905045463386,0.2443198310678301,0.2297022978978974
1968-08-01,0.02157738603375567,0.16918802543937111,0.19166311002954087,0.14033489489031162,0.24490191778070852,0.23233466582631226
1968-09-01,0.02114428850866015,0.16389629958687765,0.1917701370544324,0.14141388659073315,0.2477168832139931,0.23405850504530346
1968-10-01,0.022255535275193992,0.16640390630951998,0.19075702075975956,0.14095551354621547,0.24539797009697653,0.23423005401233443
1968-11-01,0.023590348611625855,0.1633256738997837,0.19217402488440954,0.1408843814607951,0.24587417470940018,0.23415139643398558
1968-12-01,0.02368245885977735,0.1717985667161103,0.19309778693486349,0.13970521208613415,0.24401926449161973,0.22769671091149482
1969-01-01,0.022578990143805145,0.1662947809763062,0.1890757149934193,0.14163130018692646,0.2462723647477495,0.23414684895179355
1969-02-01,0.02390382777277807,0.16686017785740168,0.18875487766239157,0.14015541056786157,0.24625349971583008,0.23407220642373708
1969-03-01,0.021868578328192428,0.16765273132920236,0.19123201373218507,0.1419084267565877,0.24376279421842542,0.233575455635407
1969-04-01,0.02335880702837466,0.17389887656834127,0.19169322150696336,0.1392357223167487,0.24472041423445653,0.22709295834511545
1969-05-01,0.021863552870445387,0.171945320541812,0.1916795133955827,0.14071847293341117,0.24584649225199384,0.2279466480067551
1969-06-01,0.0227798420270487,0.168881183652818,0.19099413151478226,0.1408898555559237,0.24386510636820175,0.23258988088122567
1969-07-01,0.02253199508133519,0.17132815198866086,0.1968525873358659,0.13906664077068467,0.2414391473355971,0.22878147748785638
1969-08-01,0.02065589159054165,0.1682128376258038,0.19428452651802264,0.1407181978994084,0.2445484208160225,0.23158012555020116
1969-09-01,0.02122771991163176,0.17875101897901732,0.19470040044878256,0.1397329492481882,0.24038513026049632,0.22520278115188383
1969-10-01,0.024788768986723567,0.17345155422293243,0.19549796720012808,0.14003099680485107,0.2406779989688573,0.22555271381650763
1969-11-01,0.025308753244341137,0.18408384226197705,0.19928302719880364,0.1387060079809585,0.23507968282736003,0.2175386864865597
1969-12-01,0.02119768360931613,0.17874740450050017,0.19826774618431786,0.13979660369969685,0.23940001623630366,0.22259054576986534
1970-01-01,0.030097491314142688,0.18934133724046476,0.20070875269198576,0.13743099520439808,0.23106815338069286,0.21135327016831584
1970-02-01,0.023242507066276397,0.17941131865027193,0.19799257612757687,0.1386804661942147,0.23790528169989236,0.22276785026176787
1970-03-01,0.024166965147742688,0.1835605198666678,0.19648328759974143,0.1379902193862666,0.23727713427598907,0.22052187372359253
1970-04-01,0.024613705717060917,0.18715193215185513,0.19560596314365467,0.13808393623396542,0.2344943051934282,0.2200501575600355
1970-05-01,0.029640012326346776,0.18060302947281126,0.19542031379984953,0.13778983123848992,0.23713263940348292,0.2194141737590196
1970-06-01,0.021551766038012354,0.1863367746438807,0.19236300070874293,0.1388319202486066,0.23837499271613083,0.22254154564462644
1970-07-01,0.020387441871885972,0.17670560887872855,0.18705932304390216,0.13870638589243278,0.24458720140015242,0.232554038912898
1970-08-01,0.022739366604476906,0.18590675569748238,0.19282607823814282,0.13835350038506242,0.24026408382181674,0.21991021525301876
1970-09-01,0.024204598538755274,0.18557947877943512,0.18964519612356986,0.1391627989155695,0.2383183705621286,0.22308955708054173
1970-10-01,0.05212397973320988,0.1890341977327638,0.1847407403028472,0.1356569275979577,0.22982306184421905,0.20862109278900232
1970-11-01,0.025641446874510514,0.18643984916149597,0.18808092276982447,0.13811496772912615,0.240188104793836,0.2215347086712068
1970-12-01,0.055473405119650855,0.16774867091352863,0.18316481821988415,0.13647904907402048,0.23462034995420006,0.2225137067187158
1971-01-01,0.02323413816936766,0.17011023334161812,0.18476792291647384,0.13922954436698398,0.24780607755662745,0.23485208364892893
1971-02-01,0.02124925792988456,0.1752606864818192,0.1846758756433669,0.1398965332155702,0.24705067685525348,0.2318669698741057
1971-03-01,0.020819333087395846,0.17549632154818592,0.17729694779839358,0.1403514910425555,0.2508683913731823,0.23516751515028703
1971-04-01,0.02097303849149536,0.16743064892752185,0.1780270275932521,0.14111315321277473,0.2523697530714275,0.24008637870352847
1971-05-01,0.022096848416363987,0.16683418871377795,0.1792244172720609,0.14187467389562486,0.2518038963170024,0.23816597538516993
1971-06-01,0.023026541980966854,0.1715928383905118,0.1807598156399547,0.13992960059150494,0.24881682519400117,0.23587437820306054
1971-07-01,0.025168383746982513,0.17363407190687388,0.18098398857755285,0.13987928475432798,0.24917515366972384,0.231159117344539
1971-08-01,0.024886674342467743,0.17448229032251297,0.17879814942354955,0.14052158941336848,0.24865766096603378,0.23265363553206742
1971-09-01,0.023762057339531822,0.1613736307949491,0.1796365066257822,0.14036576656361208,0.25320394348405734,0.2416580951920675
1971-10-01,0.028713505835045245,0.16849841918148456,0.1821728867645305,0.14060815079925304,0.24699499405885833,0.23301204336082823
1971-11-01,0.02293593806063476,0.1658135100593996,0.17748643660490962,0.14102356676758318,0.25287967217109086,0.23986087633638198
1971-12-01,0.03215489976531937,0.16730531376173802,0.18168036838101437,0.14042524555884459,0.24565024741050084,0.23278392512258278
1972-01-01,0.033444617644567784,0.1598996711611346,0.1793379044493199,0.1403468682177508,0.24962091627688615,0.23735002225034088
1972-02-01,0.02324543827452632,0.16391778778945737,0.1784259145009541,0.14175807414303576,0.25229796466489485,0.2403548206271316
1972-03-01,0.024104794450506364,0.16104513514928911,0.1781864707968985,0.1409507182199556,0.2553821996852228,0.24033068169812782
1972-04-01,0.02150932510167396,0.1593680845556687,0.17710329746976947,0.14273940523761208,0.25561897634927483,0.24366091128600104
1972-05-01,0.021096854117932055,0.1633582007678121,0.17374436222132852,0.14291186829810654,0.2566590180271589,0.24222969656766177
1972-06-01,0.021423342767917894,0.16240696032970214,0.1744866192247923,0.14242967937352233,0.2580276681823844,0.24122573012168086
1972-07-01,0.02238989331276793,0.17208877367991815,0.1764281495344157,0.14193861317438408,0.2515405225889038,0.23561404770961025
1972-08-01,0.02567181593464366,0.15742377328285975,0.17918546478550137,0.14154622979012815,0.2540559752354192,0.24211674097144786
1972-09-01,0.02342959347775371,0.1614723892978972,0.1768896024294421,0.1426405009210957,0.253555858857569,0.24201205501624215
1972-10-01,0.030656981652188216,0.160368764192011,0.18009263664537734,0.1403645034631898,0.2514447867808991,0.23707232726633468
1972-11-01,0.027708265338411253,0.16096674975300634,0.180283990118006,0.14215578705012477,0.2504139425419916,0.23847126519846004
1972-12-01,0.025540357493759866,0.15987102897654068,0.17787853112938962,0.14168797675290554,0.2537523075311914,0.24126979811621307
1973-01-01,0.026036808419381025,0.16070672336724737,0.17845058893705576,0.1423676360412564,0.2531826883471963,0.23925555488786326
1973-02-01,0.033895940510118405,0.16059082881280956,0.18122074074995342,0.14122108670984201,0.2475377083616936,0.2355336948555832
1973-03-01,0.023790154374883406,0.16622047926691466,0.17885720915714726,0.14249888436344615,0.2510557475915882,0.23757752524602033
1973-04-01,0.023995340577105832,0.16766830215338557,0.18257540427839294,0.14161235245187273,0.25199004770676225,0.2321585528324807
1973-05-01,0.021988888828430083,0.16338757201835472,0.17869730069469475,0.14170774193035263,0.25437272821768503,0.23984576831048274
1973-06-01,0.02138280303117951,0.16414001257279684,0.17741853669092617,0.14307616475574492,0.2550817812756663,0.23890070167368652
1973-07-01,0.025453911000346944,0.1654618328061994,0.18466771261122542,0.1404644931990745,0.2520875511421391,0.23186449924101468
1973-08-01,0.1090158411256664,0.18268366314061832,0.17159344634665177,0.13157073990206392,0.21114161527884293,0.1939946942061567
1973-09-01,0.08220760026285684,0.17437929645389472,0.17965963315273714,0.1325698853111596,0.2269074600797358,0.2042761247396159
1973-10-01,0.025761643681232443,0.1667690445621773,0.19090039910574844,0.14052281960155338,0.24258567387686283,0.23346041917242566
1973-11-01,0.02713319483407293,0.17026319100010043,0.18966187029657403,0.14029776139305092,0.24247907228580115,0.2301649101904005
1973-12-01,0.025725014907032315,0.1753857971461128,0.19388191174426417,0.140400118401187,0.24156669523726162,0.2230404625641421
1974-01-01,0.037508369154284855,0.1791621362711124,0.19061705159087547,0.13876440649215144,0.23435606849187945,0.21959196799969635
1974-02-01,0.03193587386899473,0.17568906245159543,0.1902914605126126,0.1392068862777577,0.24009807971638267,0.22277863717265692
1974-03-01,0.021853781090238902,0.17282348884263454,0.19133666316035483,0.14024687801250274,0.2445451554538289,0.22919403344044006
1974-04-01,0.02949662549724983,0.1786193078739396,0.19155852522681327,0.1377836150858443,0.2405845291060266,0.2219573972101264
1974-05-01,0.030779226935596576,0.17184720776150897,0.1944930475652769,0.1399268552349786,0.2369294193121696,0.22602424319046938
1974-06-01,0.024213702762213622,0.17854207622132695,0.19529984845422213,0.1379311156593533,0.24054621669345874,0.2234670402094254
1974-07-01,0.03367629169869536,0.17857893588798324,0.19520263073599559,0.1378488489353045,0.23392596375183608,0.2207673289901853
1974-08-01,0.028366138586174275,0.18293908575909354,0.2004724546753533,0.1388678966234147,0.2318987614011682,0.21745566295479607
1974-09-01,0.04046237451827348,0.18260716662617016,0.19680782858933407,0.1365674568449517,0.230915086752617,0.21264008666865347
1974-10-01,0.028595540007963167,0.1865535764828352,0.20207166255419165,0.13680194587669392,0.23145884073312312,0.21451843434519313
1974-11-01,0.06397816387448647,0.19469076379760056,0.19187990523183907,0.13330796105596251,0.21910329783702026,0.19703990820309109
1974-12-01,0.12816723444526737,0.19807641867666134,0.17519820417701082,0.12616313910102753,0.1995104731300172,0.17288453047001587
1975-01-01,0.05701672796416185,0.19330764141033652,0.19430860087232024,0.13346523346569825,0.2208596896021508,0.20104210668533246
1975-02-01,0.07035043838554308,0.19477920183224967,0.19184998871577397,0.13186208125645296,0.21628864857710817,0.1948696412328722
1975-03-01,0.04154094054228556,0.19291483018348904,0.19984880193716692,0.13476584099624514,0.2245021704596039,0.2064274158812096
1975-04-01,0.02946212728673092,0.18432849716868657,0.2010492975320685,0.13609553653581527,0.23000339240558904,0.2190611490711098
1975-05-01,0.0257011837364215,0.18362483083580938,0.19925221569782747,0.13676490809664288,0.23394661265205183,0.2207102489812469
1975-06-01,0.027854397360928807,0.18034416040175927,0.20064174157247455,0.137642294149041,0.23170258709319244,0.22181481942260395
1975-07-01,0.02634001603400528,0.1723666721181299,0.19615264786807313,0.13844997844115475,0.23673154463143323,0.2299591409072035
1975-08-01,0.026599140476774155,0.16968913206334776,0.19894459870903586,0.13777773375667143,0.24015468228779796,0.22683471270637287
1975-09-01,0.02221209815059015,0.1689976885104888,0.19914405549202102,0.1397852230037127,0.23863723058660608,0.23122370425658123
1975-10-01,0.021240215683474378,0.1719386380966003,0.1963888829742194,0.1392506637461969,0.2414205661939732,0.22976103330553566
1975-11-01,0.021979210274358372,0.17639384415869533,0.1979172754055457,0.1392251960448346,0.23874420940216817,0.22574026471439787
1975-12-01,0.02372417085989945,0.1666945506249275,0.1985152930903863,0.13896950948509626,0.24132962898526455,0.23076684695442606
1976-01-01,0.02524297179442516,0.16339855587357507,0.19631660890031835,0.1398446422171406,0.24283038827158457,0.23236683294295615
1976-02-01,0.022160050343171728,0.16355466822018627,0.19465196003293214,0.13972242116987924,0.24559975552054858,0.23431114471328202
1976-03-01,0.019742566732065883,0.1710343170991482,0.1932148927189662,0.1394049068786588,0.24317398680052388,0.23342932977063693
1976-04-01,0.022355894640284677,0.1722727910701164,0.19334762365046612,0.13943584446800253,0.24154627900428433,0.23104156716684598
1976-05-01,0.023667889858018376,0.17184024212224236,0.19685337964912672,0.1407130361824752,0.24013746853874415,0.2267879836493932
1976-06-01,0.02159261045146951,0.17809458357153754,0.1950924544502592,0.13876467111182755,0.2397863424290048,0.22666933798590158
1976-07-01,0.020603564419275543,0.17044255966696473,0.1937878694660157,0.14015105384478435,0.24296532366596704,0.2320496289369926
1976-08-01,0.020536899609772206,0.17087375564342208,0.19117361024178958,0.14019663817173336,0.2451683092850347,0.23205078704824805
1976-09-01,0.020675947867024508,0.16732765983581005,0.1868537802702932,0.14132151496403966,0.24812856774687583,0.2356925293159568
1976-10-01,0.02233914476383692,0.17792669943243533,0.187824045355242,0.13892318971433607,0.24371133318038385,0.2292755875537659
1976-11-01,0.026864267041152523,0.16470369731802242,0.19004596202194057,0.13981606546392475,0.2448757681981613,0.23369423995679847
1976-12-01,0.022871102799028688,0.16421018271596302,0.186781935930693,0.1406619725473779,0.24741985914489556,0.23805494686204198
1977-01-01,0.04850875383972626,0.17740476085578075,0.18826048399869907,0.1371893945915518,0.23299530769028726,0.21564129902395482
1977-02-01,0.05077110213063996,0.16887657798695752,0.1852688382253619,0.1377316122162844,0.23498534939470686,0.2223665200460495
1977-03-01,0.025656900895925688,0.16013261225462178,0.18437373295122428,0.14057430394380666,0.2515650788359855,0.23769737111843617
1977-04-01,0.0202807082633377,0.1583879733611605,0.1811443590828845,0.14271010869293477,0.2540812847552961,0.2433955658443865
1977-05-01,0.021255360568583674,0.1614029077257607,0.18245703552442766,0.14135834099445635,0.253848838498384,0.2396775166883877
1977-06-01,0.021003284654459626,0.1606545446144783,0.18118223644537573,0.1419996322580032,0.25327191438258806,0.2418883876450949
1977-07-01,0.020733113763203255,0.16518267392536293,0.1788523805150026,0.1422637234024136,0.2540503465003729,0.23891776189364464
1977-08-01,0.02081624009697387,0.165575738691706,0.17801730786425665,0.1415012149959688,0.254326462723366,0.23976303562772885
1977-09-01,0.021015015288873982,0.16574920654151407,0.18104435540851618,0.14117175640634438,0.25215679870531343,0.23886286764943793
1977-10-01,0.022616868701289438,0.1652007410219851,0.18196775136965762,0.14150980325707543,0.2508750669826235,0.23782976866736888
1977-11-01,0.022227136642196714,0.16556548953184774,0.18107190284132085,0.14237084399306846,0.25069351798713524,0.23807110900443088
1977-12-01,0.05248151300345104,0.16976947255276842,0.18315290553787658,0.1374977813612055,0.2370343739556783,0.22006395358902028
1978-01-01,0.03679499536470046,0.18094999736609688,0.18625441725966624,0.13893610578789087,0.23836646662717453,0.2186980175944709
1978-02-01,0.024500440765533205,0.16444774974729637,0.18661676731431137,0.140137663670062,0.24758416809950656,0.23671321040329052
1978-03-01,0.027187615651500626,0.15935480794006457,0.18522643772468914,0.14155583526185025,0.2482227073105986,0.2384525961112969
1978-04-01,0.06675265109515753,0.16797667187625573,0.17909478750935798,0.13621584025375202,0.2322607674782477,0.2176992817872291
1978-05-01,0.021861276303385944,0.16433978049876655,0.18084961296885363,0.1420254070191056,0.25285976698926943,0.23806415622061877
1978-06-01,0.02159939833469682,0.15865866746004073,0.17904808390287622,0.1427298454434958,0.25520383857707013,0.24276016628182032
1978-07-01,0.021637500199819294,0.16971670499317665,0.17962465748107365,0.14161860346867852,0.25350053646884235,0.23390199738840955
1978-08-01,0.022439708166636686,0.16178371648582504,0.18386041585489535,0.14181789897165437,0.2521659219294006,0.23793233859158797
1978-09-01,0.020977433575643707,0.16593142357016244,0.1819042665121722,0.14231039804301165,0.2503079752629532,0.23856850303605698
1978-10-01,0.021648791252326164,0.16084490261614803,0.18257789022393453,0.14255626417339362,0.2524384098354887,0.23993374189870897
1978-11-01,0.024094612448277677,0.16205831766253195,0.18273492801398364,0.14150056162931038,0.25210666338104987,0.23750491686484657
1978-12-01,0.021567523716203848,0.16438590310416337,0.1800811626737945,0.14181472148358104,0.2535317432177626,0.23861894580449475
1979-01-01,0.022644059994614756,0.17565055584960682,0.19103684311975033,0.14089551750276963,0.24236639513191435,0.22740662840134412
1979-02-01,0.021958886240463365,0.17025682930726035,0.1911863121957742,0.1410961528152757,0.2447087657502336,0.23079305369099296
1979-03-01,0.023123918448571267,0.16354860564989593,0.18786761761705872,0.14153713009174487,0.248171519953921,0.2357512082388082
1979-04-01,0.0397944837346059,0.18211505976702075,0.1866924405529824,0.13858660215936772,0.2365251035820969,0.2162863102039263
1979-05-01,0.032063585083049365,0.16469839336013986,0.18839621664775197,0.14038734225748578,0.24378329467946325,0.23067116797210968
1979-06-01,0.021890848976115845,0.168341246187306,0.18352291297759962,0.14092193756147825,0.2508192047386757,0.2345038495588247
1979-07-01,0.0210392498287306,0.17307449344978434,0.18436623732427254,0.14143479794025818,0.24825942473036122,0.23182579672659315
1979-08-01,0.023767396432660685,0.18083734438751706,0.18730016967417742,0.1396012559018706,0.2436057862227192,0.22488804738105503
1979-09-01,0.021424109984882023,0.17010179482973917,0.18738856920738953,0.141404852486653,0.24730407924844375,0.23237659424289264
1979-10-01,0.02105538916834167,0.17036136343081248,0.189693458081814,0.14094382051042645,0.2469898047594433,0.23095616404916203
1979-11-01,0.021441328797086278,0.18111013344431998,0.19244069435804848,0.13952227185306396,0.24078379977968373,0.2247017717677977
1979-12-01,0.02029395877774065,0.17620957650601018,0.19440983702961376,0.14023261441988832,0.24145752323001085,0.22739649003673634
1980-01-01,0.023065119671639996,0.1741384754038391,0.19525698493587712,0.1402830654190105,0.23887165020855175,0.22838470436108152
1980-02-01,0.025075590986613442,0.1786044023461183,0.19970387914445778,0.13927064211354598,0.23744647328368995,0.2198990121255747
1980-03-01,0.036959054688409515,0.18326362441142058,0.20057471313196343,0.13767078417930947,0.22954788169516918,0.21198394189372774
1980-04-01,0.06501336802746059,0.19187666696701502,0.19323767009586656,0.13254705914002265,0.22026719782690615,0.1970580379427292
1980-05-01,0.05250657837169617,0.19311394263283266,0.19810559725793536,0.1350477534782859,0.22143150799767838,0.19979462026157138
1980-06-01,0.02850629238562859,0.18872035369429765,0.19978912646891422,0.13734409273084766,0.2320497944329034,0.21359034028740845
1980-07-01,0.05950635525807151,0.1843735293325575,0.18934563608295804,0.13390084916829575,0.22531302712100973,0.2075606030371075
1980-08-01,0.024194736997785866,0.1712760791789086,0.1956607347226923,0.1407627896366572,0.2401436197945746,0.22796203966938136
1980-09-01,0.024170656882361814,0.1659005741183667,0.19374953106011375,0.14032249821900328,0.24329313102530675,0.23256360869484768
1980-10-01,0.02276826330872223,0.16444450011280765,0.19360350082180114,0.14018249568500657,0.24428870567189528,0.23471253439976708
1980-11-01,0.02157249998895435,0.16460195525333407,0.19556290899780143,0.14107933213815654,0.24422155053617156,0.23296175308558195
1980-12-01,0.025090757585753517,0.17143220404589998,0.1970221408022465,0.13946144902115468,0.24065928855583443,0.226334159989111
1981-01-01,0.022994772140177568,0.18002116147024186,0.19719749372855458,0.13969325002036656,0.23732546070587626,0.22276786193478323
1981-02-01,0.022039703791132743,0.18211795334757325,0.20300071943689432,0.13981801188936002,0.23523257490552069,0.21779103662951904
1981-03-01,0.021613504357329845,0.1731436767286371,0.20189954946635472,0.1387185266726711,0.24041698228826422,0.22420776048674304
1981-04-01,0.027914304624689856,0.1733792377755028,0.1987869630942962,0.13928396748335065,0.23911545699704206,0.22152007002511853
1981-05-01,0.02288587188371267,0.17413051523080417,0.20616717782602909,0.13994532852596087,0.2353262388143309,0.22154486771916235
1981-06-01,0.031162251041331926,0.17875062847742754,0.20502714690238852,0.13827351364300458,0.23110763804951026,0.21567882188633714
1981-07-01,0.02150181159590918,0.1759044003592982,0.210186361931557,0.1392752652590952,0.2315742645445719,0.22155789630956854
1981-08-01,0.023190018100081013,0.18432285465112458,0.21346952884391132,0.13728111736036452,0.2290694268211193,0.21266705422339932
1981-09-01,0.02906517693331438,0.18474177829365013,0.20853940960098089,0.13804762024714756,0.22835780794300756,0.21124820698189936
1981-10-01,0.0332300130394775,0.1878732690174724,0.20732402499105726,0.13583585465726788,0.2271713141980741,0.20856552409665088
1981-11-01,0.02799628220842716,0.19055569052286916,0.2122554908700071,0.13716705145546157,0.224742768631658,0.20728271631157694
1981-12-01,0.030855085774348947,0.19193768825460683,0.2090374685697533,0.13634828070733182,0.22586800916452393,0.2059534675294351
1982-01-01,0.13974515857445985,0.1938193470969039,0.1732990673609879,0.12524486754589406,0.19574190924154536,0.17214965018020895
1982-02-01,0.08516531432182083,0.1786392183114831,0.19084551354003915,0.1315445846114482,0.21489469100628344,0.19891067820892525
1982-03-01,0.029648735323847267,0.18765714195160155,0.2074392463160654,0.13670926350211643,0.22852408451168113,0.2100215283946882
1982-04-01,0.029944877152818076,0.18815373733478993,0.20646557567193835,0.13710809190496612,0.22753044898628505,0.21079726894920237
1982-05-01,0.030471233803654036,0.18395822724652494,0.2028524752407009,0.13869269938371126,0.2287374742080049,0.21528789011740398
1982-06-01,0.029031461499195357,0.1882431078223355,0.20713950127417008,0.13732191298037583,0.2265092392912327,0.2117547771326906
1982-07-01,0.02791677863920186,0.1839094344867293,0.20450756612108828,0.13697849331007575,0.2329745945571242,0.21371313288578045
1982-08-01,0.02771958832782666,0.190030127323033,0.20526700484196062,0.13628558862941875,0.2300763430108174,0.21062134786694367
1982-09-01,0.028475913874527824,0.1841609492983358,0.20143144037884878,0.1370830771233947,0.23236430555521967,0.21648431376967317
1982-10-01,0.03270832685945325,0.18878953377694643,0.1978011349146438,0.13752770113142646,0.22984476114896232,0.2133285421685677
1982-11-01,0.02668513443888927,0.18426914928165652,0.19753525904511263,0.1371571301597475,0.23627102024302216,0.2180823068315719
1982-12-01,0.025576591561582897,0.18174600829392948,0.19834182361123573,0.13799055324967593,0.23726239256626386,0.21908263071731218
1983-01-01,0.046873674230230936,0.17013991030926617,0.19057290581364836,0.13797347208116204,0.23361468726826942,0.22082535029742326
1983-02-01,0.025219696290899183,0.18003642659991623,0.19153835107846576,0.13901904417522187,0.24172529004914572,0.22246119180635127
1983-03-01,0.024129476838349154,0.17017113673454679,0.19362043920692176,0.13958263416211067,0.24203946665317402,0.2304568464048975
1983-04-01,0.025990168113618217,0.16725874219683637,0.1939849992159774,0.14106245173674484,0.24034923324553914,0.23135440549128408
1983-05-01,0.021739004579334895,0.16424866018689835,0.19097268897976685,0.14056832310136397,0.24827734488550354,0.2341939782671325
1983-06-01,0.02271146787556503,0.16278527009592744,0.1894157151629597,0.14128164788494788,0.24834655936854294,0.23545933961205706
1983-07-01,0.022140555779481586,0.15830903302893987,0.1903502480130187,0.14290171508370633,0.24905852855636698,0.23723991953848642
1983-08-01,0.021036876132226528,0.1622683003452428,0.18795855866993394,0.1418453242929575,0.25021386660399103,0.2366770739556481
1983-09-01,0.02334872924844245,0.15622889447309354,0.1924617825061791,0.14158313490990748,0.24824111441349067,0.2381363444488868
1983-10-01,0.022345066879234533,0.16021338030419932,0.19311003934603765,0.1422063778643641,0.24838231495945606,0.23374282064670823
1983-11-01,0.019987237957185426,0.15717524387473794,0.18987477776463357,0.1435821668393888,0.2526354014559654,0.2367451721080888
1983-12-01,0.021211131571595352,0.16291572155949222,0.19235267050435023,0.1417925738423276,0.24795464078734555,0.23377326173488897
1984-01-01,0.02576535187626919,0.15998475546060184,0.18904941914557258,0.14204095852778506,0.24592813584180437,0.23723137914796694
1984-02-01,0.029921222649018357,0.16142722945073296,0.18625502590389362,0.14190113497714413,0.24848642235509905,0.23200896466411186
1984-03-01,0.023256497847563284,0.16548083274861905,0.19127638681091497,0.14102637409907107,0.24736701016085572,0.231592898332976
1984-04-01,0.02054828097971714,0.1612074475688036,0.18689170659442378,0.14321711654735156,0.25185460786714453,0.23628084044255945
1984-05-01,0.020679694722908624,0.16284614970341893,0.18666829098995572,0.1418304627741254,0.25248083215831474,0.2354945696512767
1984-06-01,0.020577570916771086,0.16053756372724068,0.18532557632857943,0.14317841797033878,0.25318195276591965,0.23719891829115036
1984-07-01,0.02048213926417236,0.16663477675467026,0.18969290185925164,0.14280941446984516,0.2479512848415448,0.2324294828105157
1984-08-01,0.021461962198668676,0.17153778636562464,0.19210093467849557,0.1414232764520698,0.24588400239818667,0.22759203790695462
1984-09-01,0.020413948611544334,0.1721171361358348,0.18658744470228336,0.14140479691094646,0.2489226232987955,0.23055405034059553
1984-10-01,0.02017616405978638,0.16959850040858132,0.19084087804159924,0.14132872160116025,0.24585649301249055,0.23219924287638233
1984-11-01,0.02017834552948717,0.16396572635516593,0.18442546020383438,0.14116815458474166,0.25231130267284224,0.23795101065392876
1984-12-01,0.02045677280660435,0.16952557146521427,0.18931898350462972,0.14174509249160622,0.24802106741866015,0.23093251231328527
1985-01-01,0.021025260479743214,0.17161891310084607,0.18545232689110963,0.142056956057705,0.24785805859915122,0.23198848487144488
1985-02-01,0.022376515311622908,0.17458145175453657,0.18975433648544493,0.14071472261816773,0.2433410591448356,0.22923191468539234
1985-03-01,0.020675954307621466,0.1653363444725358,0.18283975933339025,0.14157091393569718,0.25270264563736605,0.23687438231338925
1985-04-01,0.021667456031907725,0.17631953953567062,0.18527582304327656,0.14063351345823827,0.24840619338734193,0.2276974745435648
1985-05-01,0.02141739886329633,0.16716418912653608,0.1868800517901443,0.14125836787382387,0.249497406844611,0.2337825855015883
1985-06-01,0.021102731241838955,0.17337890391109542,0.18655640865701134,0.14109389440528594,0.2474166677517275,0.23045139403304082
1985-07-01,0.020818320752154826,0.17499744127070233,0.18441780894605192,0.14135225699306012,0.24860216352677633,0.2298120085112545
1985-08-01,0.019961556020833694,0.1623185845339976,0.18232197455284208,0.14234982637809976,0.2541038557583648,0.23894420275586212
1985-09-01,0.021751592882523776,0.1690570311568451,0.18484162010554647,0.14105654930919187,0.24882666662286065,0.2344665399230323
1985-10-01,0.022803122939969268,0.17354308406459348,0.1869568110891656,0.14180706268115584,0.24592486008837255,0.2289650591367432
1985-11-01,0.021608452585418752,0.16733944027323355,0.18891832668615807,0.14195852814265678,0.2472398543494454,0.2329353979630876
1985-12-01,0.02203975475455752,0.1659630452307824,0.18525564570755834,0.1411353755056486,0.24976882112434876,0.23583735767710443
1986-01-01,0.02310882218308196,0.1629628644113756,0.1859306352307596,0.14172790090344525,0.2509359718550578,0.2353338054162798
1986-02-01,0.029973978093912012,0.1772385673356567,0.18728676536058772,0.13844832686019856,0.24489270174847397,0.22215966060117112
1986-03-01,0.02436160931614838,0.1728917671518127,0.18532098477317752,0.14029383470842907,0.24892698820845152,0.22820481584198077
1986-04-01,0.022545964300433638,0.16948225173504566,0.18124073554387893,0.14146283224286177,0.2491477882226512,0.23612042795512891
1986-05-01,0.02633606457096898,0.1739933726657178,0.18642011347224013,0.14164355413083088,0.24168469188632494,0.22992220327391724
1986-06-01,0.0231784221060001,0.1752746172297354,0.18610789576734704,0.14101305663387337,0.2456658644192359,0.22876014384380805
1986-07-01,0.023125603491901552,0.1659353041254011,0.18498293531242407,0.13986588174821446,0.25187073145837474,0.23421954386368402
1986-08-01,0.022096738354869284,0.1720981549115467,0.18440465947060458,0.14175341049597953,0.24708548398754274,0.23256155277945725
1986-09-01,0.024680398294562127,0.169870951181047,0.18737730923386525,0.140667017625778,0.24477444637167386,0.2326298772930737
1986-10-01,0.022800835710928898,0.17102942251707728,0.18836226696693187,0.14057316323239885,0.24783551177199042,0.22939879980067265
1986-11-01,0.020744905047971923,0.16858358707548737,0.18662539930224908,0.1417543316455917,0.248492551398093,0.23379922553060684
1986-12-01,0.023734781350888048,0.16405662567511492,0.18386036941435224,0.14100728467494125,0.24920526397722295,0.23813567490748053
1987-01-01,0.029975795483025775,0.17699492949357318,0.18878621638343282,0.14095420014658255,0.24047639704601678,0.2228124614473689
1987-02-01,0.027499702705349943,0.16201916090135712,0.1887960332922153,0.1402360401090609,0.2469554461721563,0.23449361681986033
1987-03-01,0.020762331941634064,0.16755900490162867,0.18328869727304337,0.1413246502816879,0.25183634192103965,0.23522897368096637
1987-04-01,0.020783022935085604,0.16724970117411567,0.18571179007872385,0.14174849884966798,0.24862381156991248,0.2358831753924944
1987-05-01,0.02102705874401389,0.16477251864173453,0.1892970945530234,0.14066262102810548,0.24881987452430807,0.23542083250881454
1987-06-01,0.019817605811461303,0.16740869755531104,0.1868403710414906,0.1421275391289527,0.24799193702056113,0.23581384944222336
1987-07-01,0.020375883432390107,0.15943123039062962,0.1890925634487749,0.1413374327809833,0.2509557718966034,0.23880711805061872
1987-08-01,0.02104983823803214,0.16629214225894795,0.19066558846755682,0.14230745586246002,0.24624333489843908,0.23344164027456402
1987-09-01,0.02057411777029015,0.1655313739284205,0.18845057867407988,0.1414518612503894,0.25037370878764753,0.2336183595891726
1987-10-01,0.025907944109088518,0.16486300070381635,0.19197877512792585,0.1404653222004285,0.2444907172079044,0.23229424065083637
1987-11-01,0.025563915904824482,0.17017715282474616,0.19126883306424802,0.1406230388283813,0.24398434108588635,0.22838271829191362
1987-12-01,0.021511773686859435,0.16747359781768248,0.19370966663872308,0.139909608859501,0.24538805161333352,0.23200730138390052
1988-01-01,0.02285720518150221,0.17882012660837657,0.19746076656111416,0.13995453329531796,0.2376189003145144,0.2232884680391746
1988-02-01,0.022389846321285826,0.16659038657464367,0.1930298354898126,0.1402153632604027,0.24625388592265887,0.23152068243119625
1988-03-01,0.021695626969589814,0.16852584562579656,0.18991742865677597,0.1421576851975604,0.2457922923015962,0.23191112124868113
1988-04-01,0.020836657902537335,0.16400645975896316,0.1911709803962383,0.14256098338192058,0.24605027258917903,0.23537464597116173
1988-05-01,0.021838049520844085,0.17428863895757293,0.19507007396834358,0.13951617188314963,0.2447282643852904,0.22455880128479933
1988-06-01,0.0198010263803494,0.16383283677872856,0.18926709257641225,0.14269387447467255,0.24831945844861916,0.23608571134121828
1988-07-01,0.019899046042155314,0.17401295456706986,0.19079839793385833,0.14150913732187229,0.24458139463016626,0.22919906950487787
1988-08-01,0.021010845080835866,0.17118502704039973,0.19188710632204606,0.13983805851040781,0.24604899680185902,0.23002996624445146
1988-09-01,0.022684008025666638,0.1711761695347004,0.19473144351848667,0.14199281275540165,0.2432492702520514,0.2261662959136932
1988-10-01,0.019923609747512977,0.16101308951283846,0.1917072474573445,0.14139366778287857,0.2499882372098324,0.23597414828959298
1988-11-01,0.01983047049681494,0.1653267455950854,0.18868046426717622,0.1423530891694343,0.2498597495511325,0.23394948092035667
1988-12-01,0.01976433966841572,0.16454683727167618,0.1880909855736831,0.141407761734224,0.2482849163196995,0.2379051594323016
1989-01-01,0.02442762854426343,0.16832964636963796,0.19178058713872748,0.14142558632134108,0.2439423473288977,0.23009420429713232
1989-02-01,0.02622552457439712,0.17426121738161132,0.19612176766087602,0.14003648556771464,0.2411863346969194,0.22216867011848138
1989-03-01,0.02160694081812509,0.1736821499727363,0.19868156280489524,0.14066978105159955,0.23974004423588577,0.225619521116758
1989-04-01,0.021046914005636536,0.17353536441821873,0.19663539711622868,0.14170506329773674,0.23968369288470528,0.22739356827747406
1989-05-01,0.023148062888928168,0.1786420441466308,0.19872533050107338,0.13984106548503575,0.24188294061862606,0.2177605563597059
1989-06-01,0.02100632338832383,0.17360376056404458,0.19624782664784127,0.1394960357892971,0.2445844332866078,0.2250616203238855
1989-07-01,0.022889404901478273,0.1830581732419577,0.19751859202594302,0.1400643576896802,0.23897983295440103,0.21748963918653977
1989-08-01,0.022238604006097205,0.16555406698689434,0.19889537241293956,0.14005332286322444,0.2438224180555285,0.2294362156753159
1989-09-01,0.022059146932566432,0.1801840068471985,0.20002412413951742,0.14068490367306502,0.2360331055084147,0.221014712899238
1989-10-01,0.02097650179316644,0.1787285803245265,0.19684662300254066,0.14112021017670656,0.23906524945489357,0.22326283524816617
1989-11-01,0.020459677659510792,0.17190076149090305,0.19554605649252926,0.13900124037488698,0.2443926827832955,0.22869958119887432
1989-12-01,0.021407636484187496,0.1730735540255286,0.19891878157583395,0.13999141423254652,0.23911502283792138,0.227493590843982
1990-01-01,0.035620431706685926,0.17591795333486396,0.18823803412461454,0.1402739215149224,0.23728830357278816,0.22266135574612492
1990-02-01,0.029323585513423674,0.16744723628775798,0.19579275769080465,0.13900067204473676,0.2434543876141754,0.22498136084910156
1990-03-01,0.021555276776523948,0.1719944868332477,0.1996666896254603,0.1395853955956198,0.23976567528979842,0.22743247587934987
1990-04-01,0.02286455853864152,0.18434908305760703,0.20129152773216985,0.13810865786818471,0.23612441977984938,0.21726175302354744
1990-05-01,0.021953485059659314,0.177453402981392,0.20337910771781373,0.1390542616246832,0.23622576779126309,0.22193397482518856
1990-06-01,0.021071596349524758,0.17557623891786203,0.20721583268598365,0.14060070524174031,0.2335764996557459,0.2219591271491434
1990-07-01,0.021854238462820523,0.1854970040373467,0.20609436530749115,0.13790832516321289,0.2328679236255423,0.21577814340358645
1990-08-01,0.028247559264082595,0.17914765503111196,0.2021156870883389,0.13984007007036056,0.23183328739417888,0.21881574115192703
1990-09-01,0.022978178638709233,0.1843616426092556,0.20831955091858811,0.13809026114752812,0.23115278112768964,0.21509758555822917
1990-10-01,0.02419970843756755,0.1864085223879666,0.2081339606235383,0.13805837255683398,0.23081188287547533,0.21238755311861823
1990-11-01,0.034546778941406536,0.1876807521507836,0.20149598248975445,0.13640197403624343,0.23156668136160993,0.2083078310202019
1990-12-01,0.02428102954170955,0.18612035176820582,0.21173001575493944,0.13783841665870758,0.22882980304513678,0.21120038323130083
1991-01-01,0.029761549512910573,0.18582245438729286,0.21072826030859576,0.13787079304549132,0.22617041212341038,0.20964653062229918
1991-02-01,0.03132942835726557,0.1852703003336572,0.206126760404347,0.13646905710547175,0.230236033520587,0.21056842027867145
1991-03-01,0.027282999585481832,0.18733983596003198,0.2070105648797802,0.1370598311662374,0.228748068954375,0.21255869945409353
1991-04-01,0.023458111319194556,0.1810838646348912,0.20932657293994072,0.13913100808201773,0.2296702949295937,0.21733014809436202
1991-05-01,0.02272464754104882,0.1769984815484678,0.20955450558559746,0.1388848984058544,0.23115099907601327,0.2206864678430182
1991-06-01,0.02244393052366146,0.17816630997904292,0.2096377021029437,0.13730157811367413,0.23277103029472293,0.2196794489859549
1991-07-01,0.023374851651649754,0.17475959386148915,0.2080065236033733,0.13900812382259345,0.2342166196407077,0.22063428742018645
1991-08-01,0.022135671471497594,0.18271257912439254,0.2118387920311295,0.13897552782450293,0.22943363695424054,0.21490379259423698
1991-09-01,0.021617808313114797,0.17425014079974577,0.21263348879138988,0.13934255317523792,0.23218196009496617,0.21997404882554542
1991-10-01,0.021737031467121234,0.18612292898903052,0.21246064113903862,0.1372333620761815,0.22976946608136317,0.21267657024726494
1991-11-01,0.021866791712295695,0.18352736010751666,0.20984223431319135,0.1389281100984108,0.22964729706822307,0.2161882067003624
1991-12-01,0.02374494382205296,0.18393192173696712,0.20722912314285197,0.13859446488499166,0.23348859234325406,0.2130109540698822
1992-01-01,0.024377626296581762,0.1817094479452207,0.20314187675376502,0.137826706396092,0.23521045679417063,0.21773388581416983
1992-02-01,0.02102218989033232,0.17484920630801348,0.20402452656537773,0.13996832792477634,0.2353054023042711,0.2248303470072289
1992-03-01,0.020555504101276142,0.1704253512240006,0.20415882703239874,0.13966583779543384,0.2375786328537278,0.2276158469931629
1992-04-01,0.020647804901409078,0.17179400356359012,0.21142677017264644,0.13919542293546955,0.2340939674258715,0.22284203100101327
1992-05-01,0.021399614019945168,0.17674277426780075,0.20702025405346708,0.1390941188444789,0.23484145350020966,0.22090178531409835
1992-06-01,0.02112130418807309,0.1824300779609179,0.20867349586602432,0.13870778072957934,0.23172454150253605,0.2173427997528693
1992-07-01,0.020881822782856326,0.17034473027247304,0.20929631058699494,0.13976965361378885,0.23611049413029905,0.2235969886135878
1992-08-01,0.021979448779599824,0.1837387452388752,0.20650215038795303,0.138839109734517,0.23385354181000723,0.21508700404904785
1992-09-01,0.020840014356803663,0.1768937962241083,0.20778375583641648,0.13946032127348615,0.23504341835263387,0.21997869395655165
1992-10-01,0.02119152912042602,0.17114489086230122,0.2059871015100404,0.14064415205685282,0.23600431420119758,0.22502801224918195
1992-11-01,0.02151282086812903,0.17259889236024117,0.20558109295547156,0.13977907184903446,0.2386172458737791,0.2219108760933446
1992-12-01,0.02443394523415298,0.17352839546289986,0.20079477478285307,0.13878423815329305,0.2379452011964002,0.2245134451704009
1993-01-01,0.025206128110919934,0.1711074558241789,0.203625053127016,0.1409410623954509,0.2371931690263446,0.22192713151608956
1993-02-01,0.020310393989816038,0.1686887051577372,0.208473257129389,0.1403974273419974,0.23744479999941032,0.22468541638165004
1993-03-01,0.02190964582760123,0.18124047368284985,0.2113072054505366,0.1393074836891099,0.23235565305308245,0.2138795382968201
1993-04-01,0.020995725882354824,0.16896586669195138,0.20635053006175677,0.1411563189526918,0.23742602628236775,0.22510553212887735
1993-05-01,0.02282312456980097,0.17613465193555733,0.2038118671674938,0.1398155128079143,0.23779498332226087,0.2196198601969726
1993-06-01,0.021201949025466595,0.17513372231400548,0.20558245654509855,0.13877352068693147,0.2380931966350117,0.2212151547934863
1993-07-01,0.01984147519833007,0.17006901045546458,0.20662758217812932,0.14093902903959027,0.23712791814315312,0.22539498498533259
1993-08-01,0.020369268925479737,0.17261439221516106,0.20642742891891522,0.14172001637114245,0.2380473432597317,0.22082155030956988
1993-09-01,0.020597545103037167,0.16701880343839448,0.2032786720191073,0.14066397407082126,0.2413948731815638,0.22704613218707606
1993-10-01,0.02068679394206059,0.1670757026936875,0.20020979578003145,0.14225992631882034,0.2399400620664843,0.22982771919891565
1993-11-01,0.02024133922334175,0.16464963912034253,0.2015502979209035,0.1409063720528511,0.2454881142518446,0.2271642374307165
1993-12-01,0.02399924229461814,0.16474223831084323,0.19588553669059236,0.14057299486787267,0.2444676139150877,0.23033237392098593
1994-01-01,0.023331420010293036,0.17161079596831189,0.20343995166667034,0.14083185224987443,0.23874234118424834,0.222043638920602
1994-02-01,0.020523406582440184,0.17260145651251924,0.20162026576171477,0.14156882141139085,0.23873831165194684,0.22494773807998814
1994-03-01,0.02151256717957401,0.15981467918604808,0.19940091781665545,0.14198904067976234,0.2447630987694734,0.23251969636848666
1994-04-01,0.020716192671794868,0.16227205276924095,0.19938154328896532,0.14170746224136138,0.24579862393075133,0.23012412509788618
1994-05-01,0.02030365904657917,0.16119566429445525,0.20070479550170311,0.14346688924905684,0.2452574701411663,0.22907152176703932
1994-06-01,0.020123436535500597,0.16282470851119737,0.20250339603799158,0.14293973488352535,0.24200545298814016,0.22960327104364495
1994-07-01,0.020476373537034437,0.16762812113603603,0.2025025522047861,0.14253494651182902,0.242194362690721,0.22466364391959337
1994-08-01,0.020857159781064682,0.16131487476090253,0.19999275948662668,0.14191668141215644,0.24424915762177513,0.23166936693747434
1994-09-01,0.021130323685348982,0.16478952151090126,0.20124516953132948,0.14193109127403186,0.2459311659860845,0.22497272801230386
1994-10-01,0.0207330099721057,0.16202782249561345,0.2020265450725683,0.14189697184266584,0.24334717865139557,0.22996847196565115
1994-11-01,0.020393154381262744,0.16074672686379385,0.19993670108486725,0.14353575381717512,0.24445155443210034,0.2309361094208008
1994-12-01,0.020459937506396794,0.1576910177273916,0.2015122498726825,0.14243023073792915,0.24582350750492593,0.23208305665067386
1995-01-01,0.0205724569127698,0.16649021637964223,0.20573892132611224,0.143180232579663,0.2408646770110911,0.22315349579072152
1995-02-01,0.021163794950698728,0.17294223720022278,0.20675077735450897,0.14146626180255137,0.2381831868972463,0.21949374179477185
1995-03-01,0.020827411559434877,0.17100187391481977,0.20827935246895987,0.14101320932404485,0.2382832821749042,0.22059487055783655
1995-04-01,0.02346682480473271,0.18029970082075564,0.20167255726630826,0.13984262749659712,0.23567632079984893,0.21904196881175736
1995-05-01,0.022657116750805735,0.17187893994302914,0.20368579112280868,0.14020485341838737,0.239529164063013,0.22204413470195605
1995-06-01,0.02000698254848678,0.16458530461895635,0.20435855670088907,0.14192076173035056,0.24189883492587635,0.22722955947544093
1995-07-01,0.021139987492863412,0.17874318635493705,0.20275231305304928,0.1410693089168126,0.23969799402495814,0.21659721015737968
1995-08-01,0.020707895416697777,0.16232773031454803,0.2011819225653361,0.1416310342688167,0.2424209619191592,0.23173045551544216
1995-09-01,0.020292096384006923,0.1639578290736356,0.20106112466162762,0.14147866523442773,0.24397217929733792,0.2292381053489643
1995-10-01,0.020659551269900395,0.17467766603783114,0.2018440180065722,0.14291476886582244,0.24024178695210693,0.219662208867767
1995-11-01,0.021246577924531437,0.16968052318121074,0.20093107662727006,0.14047477765616295,0.2427610075593014,0.22490603705152332
1995-12-01,0.020796511915849743,0.16907699495514678,0.199362213782538,0.14194309890122495,0.24128915565463177,0.22753202479060866
1996-01-01,0.024042077279362948,0.18211206745068578,0.19627738181320006,0.14053175788427538,0.237859221216458,0.2191774943560179
1996-02-01,0.02431399136945002,0.1623939374428204,0.19795495022518658,0.1402742678412613,0.244339686178801,0.23072316694248074
1996-03-01,0.02179216599900344,0.17429236008998678,0.19680285734456673,0.14103089240351502,0.24035292155356008,0.22572880260936798
1996-04-01,0.023076464376141,0.1664843073849768,0.19718367677482135,0.14136673220770002,0.24320086012753808,0.2286879591288228
1996-05-01,0.021257533495504945,0.16290365610065555,0.1975068188887283,0.14116166063042213,0.24621823630574302,0.23095209457894603
1996-06-01,0.02040693206315627,0.16041254765803833,0.20008362445042868,0.14212100917528744,0.24641091490401554,0.23056497174907375
1996-07-01,0.021771441813266297,0.17053603982315116,0.19667402943490228,0.14190653376934872,0.2432629572833197,0.22584899787601206
1996-08-01,0.0206399905480419,0.1648357487509868,0.19938301360356822,0.142506691896152,0.24496981531439513,0.22766473988685593
1996-09-01,0.01992212963988615,0.162676756698526,0.19840154606325175,0.14291291525981434,0.24355389086810025,0.23253276147042162
1996-10-01,0.02027241486939034,0.17033155834195096,0.20040132347459994,0.14166389679049707,0.24287981019049995,0.22445099633306181
1996-11-01,0.02060351575015122,0.16055438047044354,0.19970674419811763,0.14198985324351454,0.24489586872025693,0.23224963761751607
1996-12-01,0.019872276392492276,0.1651813771183336,0.20217063141213662,0.14257753587258867,0.24314239318887385,0.22705578601557505
1997-01-01,0.020219829430878564,0.1703741079346014,0.20063820791396678,0.140872277081132,0.24337280829372762,0.2245227693456936
1997-02-01,0.020796857568232196,0.15814835220849527,0.19823611871810612,0.14220966506132382,0.24685740568766146,0.23375160075618107
1997-03-01,0.02014498511384144,0.16067233765965722,0.19898346064590372,0.14203258837868826,0.24681512758105142,0.231351500620858
1997-04-01,0.021320356590894627,0.16934282816011162,0.20029865995236398,0.14191420792231335,0.24280931352585927,0.22431463384845712
1997-05-01,0.02143896431392911,0.1661085498149073,0.20047557958863005,0.14197550874094425,0.24336901931679156,0.2266323782247979
1997-06-01,0.020814706364222734,0.1660452268619518,0.19852565454251528,0.14237417607901942,0.24333049091712616,0.22890974523516464
1997-07-01,0.02058233269869914,0.1637319261495851,0.19854139414092656,0.14122311571603444,0.24476448592435768,0.23115674537039707
1997-08-01,0.020403254409217947,0.16108743735235492,0.20078727074368077,0.143022136044974,0.24343548862400233,0.23126441282576995
1997-09-01,0.02001546910765543,0.1606801912428915,0.19634806475098698,0.14282782097677954,0.246820488994764,0.23330796492692238
1997-10-01,0.021123034010364396,0.16062800885356476,0.19848462071833106,0.1421276737890061,0.2461149725934517,0.2315216900352821
1997-11-01,0.02178741624108795,0.1605336631075453,0.19603718194992947,0.1416693531076956,0.24731564090540747,0.2326567446883341
1997-12-01,0.022127427625705933,0.1689191728294985,0.19785568524156555,0.1421532544449891,0.2443563114334373,0.22458814842480357
1998-01-01,0.020785398479890024,0.16246701332852148,0.19544134195985263,0.1425624733249684,0.24739933906264408,0.23134443384412334
1998-02-01,0.020888747291027177,0.16595999006406267,0.19306382357557308,0.14208783492654858,0.2474648568772854,0.23053474726550316
1998-03-01,0.020752672110802426,0.17002301177124302,0.19409421886696174,0.1422507732086861,0.24598671562640967,0.226892608415897
1998-04-01,0.02210208235296092,0.16467720969090752,0.19482147124793994,0.14239881085606054,0.24495584613348967,0.23104457971864137
1998-05-01,0.020922983532518466,0.16684097924649452,0.19561751776985395,0.1423832117989813,0.2448229179354152,0.2294123897167366
1998-06-01,0.02286776104321077,0.1762515325144176,0.1939018187664683,0.14083510645414024,0.2442806705687471,0.221863110653016
1998-07-01,0.022193175204631245,0.17727981786090888,0.1921191247887948,0.14181270088822523,0.24275004298252506,0.2238451382749147
1998-08-01,0.029262879699571386,0.16121285125357943,0.19493542056409105,0.14085542072272433,0.24371101126569075,0.230022416494343
1998-09-01,0.02486315004086742,0.1738681413281201,0.19316413331466684,0.13997405639554,0.24328776678671235,0.2248427521340933
1998-10-01,0.022198754629226592,0.16682272743324725,0.1912010009176229,0.14299054547839823,0.2457516412543635,0.23103533028714152
1998-11-01,0.02260464336556839,0.16925372494119376,0.19212203803824704,0.1412297009783164,0.24735136360660012,0.22743852907007422
1998-12-01,0.02099810337225781,0.16410844127750673,0.1887847062096056,0.1432708107632091,0.24985438709093463,0.23298355128648615
1999-01-01,0.021591020549222337,0.16594593233044402,0.19096808386929154,0.1423730901705985,0.2472000611918021,0.23192181188864155
1999-02-01,0.02151521193575715,0.1641803358802968,0.1912623839385763,0.1410486318691467,0.2502597325635929,0.23173370381263028
1999-03-01,0.02123181408022712,0.17024477970038643,0.1907756885716566,0.14321742517226194,0.24530086212004465,0.22922943035542317
1999-04-01,0.02330879426208558,0.17163851724880577,0.19340750502779516,0.1428908450345946,0.24121977610915027,0.22753456231756858
1999-05-01,0.024754692529377016,0.16609255649155175,0.19406572887192652,0.13950981221290182,0.24730246234355688,0.22827474755068586
1999-06-01,0.02188649924382996,0.17516483468084765,0.19249138254178808,0.14093106743333886,0.24472295681251213,0.2248032592876832
1999-07-01,0.021211921378901467,0.16418194283132367,0.191038088996585,0.14396683535384244,0.24672233980504368,0.23287887163430382
1999-08-01,0.02028572271506415,0.1631369698533368,0.19150583943962604,0.1421573207329645,0.24927247259571714,0.23364167466329142
1999-09-01,0.020837844978850807,0.1737724357243431,0.19408864645076868,0.143317307629168,0.24414521808154496,0.2238385471353243
1999-10-01,0.021581966945210463,0.15989973020308199,0.19465520806887787,0.1410895250808386,0.24920018181274345,0.23357338788924756
1999-11-01,0.021091805795263284,0.16374015825041568,0.19168325700391337,0.1427040438830246,0.24883582617673433,0.2319449088906487
1999-12-01,0.0225781814466261,0.16498362293319027,0.19137521516402364,0.1417276587764814,0.24596586914068658,0.2333694525389919
2000-01-01,0.026175296066265067,0.16968254666023427,0.19263138247062808,0.14141056503710006,0.24430131853179476,0.22579889123397778
2000-02-01,0.02266311681501469,0.16896695473072218,0.1922994707637545,0.1427265210791051,0.24468038369879921,0.22866355291260443
2000-03-01,0.022804206645833512,0.16699973351415545,0.192927075082737,0.14217035981391832,0.24520813231708238,0.22989049262627317
2000-04-01,0.02920301815395375,0.16728530294301205,0.19495697159541292,0.13912517664922597,0.2451842250218873,0.22424530563650805
2000-05-01,0.026195090429295277,0.17605705582264058,0.1938962584065189,0.14066356704890204,0.23944192053865648,0.22374610775398673
2000-06-01,0.029025259947726718,0.16960996230314276,0.19496397334612497,0.1414372143060509,0.23913693339330577,0.22582665670364874
2000-07-01,0.02432875203538302,0.17427942178583625,0.19910745022324564,0.1401561599558133,0.24280661864916725,0.21932159735055448
2000-08-01,0.02202476375317926,0.17701433151670395,0.1950004695623268,0.14015328451209633,0.24518309070819017,0.22062405994750342
2000-09-01,0.0251961240724625,0.16892720536745306,0.19478646680230607,0.14235182177489236,0.2394784009223081,0.2292599810605777
2000-10-01,0.02509521568269972,0.17484371054169268,0.1955200590666709,0.140022289221349,0.24452140898481806,0.2199973165027697
2000-11-01,0.021196258874511376,0.1743730962690261,0.19229526842090036,0.14175267048004647,0.24423587975412067,0.22614682620139512
2000-12-01,0.023999441716471122,0.17662254612150077,0.19360730948137814,0.13980507256048746,0.24120415853252658,0.22476147158763607
2001-01-01,0.024350423975541803,0.17852977221469915,0.19235877932729104,0.14156765598361049,0.2401826855749837,0.22301068292387374
2001-02-01,0.034866416400610764,0.17831356632035103,0.19116279913177947,0.1380835506242683,0.23950136096258923,0.21807230656040114
2001-03-01,0.024067267825464533,0.1787351603128882,0.19179632110959668,0.13959393513877105,0.2434913339207458,0.22231598169253394
2001-04-01,0.02408123476757386,0.18172988417361888,0.19087374340332272,0.140552488293794,0.23990355996414542,0.22285908939754534
2001-05-01,0.02531373075189244,0.17831760993451634,0.19232411297127072,0.14095380496708826,0.24040493325071768,0.22268580812451447
2001-06-01,0.02490902911524179,0.18140119711602234,0.19288381369784963,0.1389317227539295,0.2422305706801153,0.2196436666368414
2001-07-01,0.02511330213543894,0.17954370781585255,0.19341553019528565,0.13911125148302153,0.2432350547269903,0.2195811536434109
2001-08-01,0.025930681253373063,0.18342274170989262,0.1911697673772879,0.13909194460144444,0.2376137064853209,0.22277115857268107
2001-09-01,0.05697105460447576,0.18202295100720375,0.18684492209111866,0.13639582079410575,0.2285283443139053,0.2092369071891907
2001-10-01,0.16863992751117518,0.1885534351398019,0.16177087653304745,0.12272330911563181,0.19211604421380693,0.1661964074865367
2001-11-01,0.03540123292649853,0.18272159324388393,0.19016421197937813,0.13810706278850943,0.23553084312565759,0.21807505593607246
2001-12-01,0.02425003631533117,0.17931029188140207,0.19268388512756493,0.13987547044095322,0.24128674911581827,0.2225935671189304
2002-01-01,0.024706578402314626,0.1747418024220663,0.19142300455117808,0.1405809075477826,0.24093378732817128,0.22761391974848702
2002-02-01,0.022759633695596734,0.17510569917202037,0.18688385450096626,0.14079167447311788,0.2459349549922431,0.22852418316605555
2002-03-01,0.02240117964519596,0.1740830548058724,0.1917331473658301,0.14113355557650573,0.2419113936904779,0.22873766891611802
2002-04-01,0.021305320228035777,0.1745079495032399,0.1925254134260384,0.1409549721324462,0.243502013870822,0.22720433083941763
2002-05-01,0.02233246510239205,0.17179049821676404,0.1886388715624416,0.139380269189276,0.24891936971512515,0.22893852621400124
2002-06-01,0.02105112175643757,0.16925994837872949,0.1879420322925364,0.1414128402114638,0.24751157278049105,0.2328224845803418
2002-07-01,0.022310919265394642,0.17480555690819938,0.1889368655253282,0.14123457903703923,0.24469438238012126,0.22801769688391738
2002-08-01,0.021036925935128133,0.17462968152949643,0.18729077781056594,0.14154517954297505,0.24671124945208844,0.228786185729746
2002-09-01,0.023305957347596568,0.17709783125085252,0.18715415351393255,0.14039484388540877,0.24572556577398905,0.2263216482282206
2002-10-01,0.02196907827705976,0.17696665862465394,0.18762369087177122,0.14090634215694942,0.2448003940498183,0.2277338360197473
2002-11-01,0.021726665556419097,0.17117447995769816,0.18775658655447555,0.14048239686233552,0.24803548661933875,0.23082438444973277
2002-12-01,0.02323851881254861,0.1812636977088008,0.18557115931393423,0.14032571174074598,0.24517428947182512,0.22442662295214527
2003-01-01,0.02394807016068962,0.16928907818433594,0.18741178776283235,0.1419857065139118,0.2443844872741249,0.2329808701041054
2003-02-01,0.02264291812205847,0.17759921417960467,0.188497934547119,0.1408305369045519,0.24363063197010934,0.22679876427655643
2003-03-01,0.023283272167221664,0.17422015900797314,0.18885516998285748,0.13994800277533645,0.24746649485126443,0.22622690121534675
2003-04-01,0.05064776424413466,0.178902065859801,0.18677364853610814,0.13579418372223173,0.23565509220376352,0.212227245433961
2003-05-01,0.02464378765575887,0.1737316303090733,0.18868172816552023,0.1409525401355475,0.2433194447513516,0.22867086898274847
2003-06-01,0.024573491358959875,0.17442335633261186,0.1869766910322067,0.14143820165215265,0.24259598575310595,0.22999227387096294
2003-07-01,0.022931601657138593,0.1726581151694703,0.18579413895233904,0.1412301600887693,0.24677858962284593,0.23060739450943682
2003-08-01,0.022054305858023128,0.1729152335656004,0.18545160698994184,0.14205580880223578,0.24716913211343636,0.2303539126707624
2003-09-01,0.02358664279427352,0.16715007535413384,0.18733275092876892,0.14106163091782004,0.24848630754065945,0.23238259246434426
2003-10-01,0.025951874659350765,0.16876992666189725,0.1873503006412661,0.14056055200906276,0.24886686484483028,0.22850048118359276
2003-11-01,0.021270252646852346,0.1639948965007796,0.18415279189201836,0.14277753448409222,0.25097348050298035,0.2368310439732772
2003-12-01,0.020844015714574612,0.1685742718670884,0.18172695464449254,0.143345306129656,0.25045075562301355,0.2350586960211748
2004-01-01,0.021713747635957452,0.1690990435441466,0.18633644276882738,0.14330062407089983,0.24803374927452196,0.2315163927056468
2004-02-01,0.022346647732622557,0.16477756486322645,0.18820679442544247,0.1412602982667955,0.25022341060767755,0.2331852841042355
2004-03-01,0.022069594501306362,0.16663581152693677,0.18313290075628996,0.14215323169912417,0.2521673497595689,0.23384111175677377
2004-04-01,0.02144025200108827,0.16347983669522598,0.1825227749592757,0.142972013644057,0.2535281846007781,0.2360569380995749
2004-05-01,0.022373247483348298,0.1644100097569873,0.18428647741965157,0.14307012746566353,0.24912447941696714,0.23673565845738206
2004-06-01,0.023763154166733386,0.1740557988816102,0.18779255147932633,0.14120179150096754,0.24774623427333456,0.225440469698028
2004-07-01,0.02326275220874374,0.16194876055141055,0.1851595008926388,0.14185329622691364,0.2524541501591581,0.23532153996113514
2004-08-01,0.020976788459960514,0.16658264108036008,0.18116304125709717,0.14286333457217296,0.25307960678972524,0.23533458784068412
2004-09-01,0.021579003078580912,0.16710652119695404,0.18523735312620457,0.14262961850915618,0.24916788368836426,0.23427962040074007
2004-10-01,0.023871284049916338,0.16740696507768352,0.18483000108054137,0.14261527925214249,0.24661667161352263,0.23465979892619368
2004-11-01,0.022269978667844217,0.16947265552132135,0.18535041774304495,0.1414551565097477,0.250504579359237,0.2309472121988048
2004-12-01,0.03346044972073875,0.16539345263704786,0.18634623167496103,0.1389897626802104,0.2466934323020422,0.2291166709849996
2005-01-01,0.027124792619829807,0.17121542473394152,0.1870082506033964,0.14135060230526794,0.24530723860290837,0.22799369113465578
2005-02-01,0.02392110809751494,0.16522262930905143,0.18303227118516546,0.1429209363018044,0.2486002601700942,0.23630279493636955
2005-03-01,0.021421992285454293,0.17097388093267282,0.18388788997683508,0.14248793238232899,0.250458507116436,0.23076979730627284
2005-04-01,0.02129623876085231,0.1635633104129682,0.18085922379809097,0.14246942458253375,0.2542104213963691,0.2376013810491858
2005-05-01,0.024208701163922233,0.16799107782292896,0.18446106987708547,0.1404456332332995,0.2513955631611822,0.23149795474158164
2005-06-01,0.024662553441764837,0.1649117676104264,0.18399851588916744,0.14211927260448168,0.24900900738399018,0.23529888307016955
2005-07-01,0.0255647120664038,0.1720769332255424,0.18370741362689777,0.14261307226391604,0.24505631062234243,0.23098155819489766
2005-08-01,0.02192885941007687,0.16686103228538904,0.18147443460220894,0.14236791616753594,0.25176939625110784,0.23559836128368133
2005-09-01,0.05741688306967832,0.1789218619314391,0.1829255066236345,0.13820622686353395,0.23016222016518914,0.212367301346525
2005-10-01,0.09160326473095086,0.17332570339578848,0.17707286126917593,0.13184382746897236,0.22476767095245903,0.20138667218265333
2005-11-01,0.04230047796684075,0.1656825415828713,0.18475549003355685,0.1381396842623501,0.24460881487428285,0.22451299128009827
2005-12-01,0.030460365270926573,0.17011264974784052,0.1872965578615444,0.14149551719314005,0.24132906072133495,0.22930584920521355
2006-01-01,0.03214099529238177,0.16596566307395128,0.18468405874993654,0.14279728623318647,0.2445108307476098,0.22990116590293422
2006-02-01,0.03276851563352231,0.16996913495723542,0.18705966457964945,0.1387465745661426,0.24675030981173104,0.22470580045171926
2006-03-01,0.02442226588687051,0.16512591086010792,0.1872865944353165,0.14284626285567048,0.24719384354012638,0.23312512242190825
2006-04-01,0.024518325807280392,0.16853039882521306,0.18950978601936855,0.14284294587830712,0.2441613511195667,0.23043719235026403
2006-05-01,0.02267840250220864,0.16880393459179857,0.18885116766205381,0.1415533208718681,0.25022292372386495,0.22789025064820584
2006-06-01,0.024875722916305017,0.1670165182910707,0.19188593674292165,0.14162427119569043,0.2460818473407433,0.2285157035132689
2006-07-01,0.02334416842662724,0.17441206035699622,0.19309487190768249,0.14184864145106849,0.2421611663756503,0.22513909148197542
2006-08-01,0.021227532324349634,0.16571329022797876,0.19405850751117157,0.14216805185694353,0.24687330583036457,0.22995931224919197
2006-09-01,0.046990373774237974,0.17192728848149422,0.19024242544003256,0.13646331166662365,0.23846782819797824,0.21590877243963347
2006-10-01,0.030613775521846298,0.17392275228059084,0.19586597059055164,0.14021541707923565,0.2387250719078492,0.2206570126199263
2006-11-01,0.03768470374574749,0.1750714806769422,0.19328641209584863,0.1398020272377816,0.2338943118223434,0.22026106442133672
2006-12-01,0.023799040117653006,0.16400997662958444,0.1937935412834454,0.14281231250788978,0.24314059559159137,0.23244453386983607
2007-01-01,0.024830306587786826,0.17382379442790422,0.19813931899861453,0.13967201710532978,0.2432915557228204,0.22024300715754425
2007-02-01,0.023511160948528627,0.1710370638101649,0.1977342808606666,0.1412613131180522,0.23894907478034377,0.22750710648224381
2007-03-01,0.02526844367638629,0.16909591943250143,0.19699646040674199,0.14127960992413965,0.24140084164692713,0.2259587249133034
2007-04-01,0.024161023522827056,0.1702095139357922,0.19877145153760434,0.14035771948428424,0.2422357991423558,0.22426449237713628
2007-05-01,0.020410932070122133,0.16985643243279522,0.19956130493858765,0.1426896090218558,0.24271752678561717,0.22476419475102197
2007-06-01,0.020602253672251502,0.1690261592329352,0.20218865618694792,0.14094775334465207,0.2442196345857446,0.22301554297746862
2007-07-01,0.02094682612730599,0.17831823184815107,0.20337385522366533,0.14020776958577327,0.23757217486538185,0.21958114234972248
2007-08-01,0.02373276303208034,0.174320760263328,0.20399746626303317,0.1400097972262008,0.23961703037186713,0.21832218284349061
2007-09-01,0.023899191479832285,0.17534460903442495,0.2033419602892289,0.14165817169964873,0.2338651878669927,0.22189087962987245
2007-10-01,0.021568843381735706,0.17805984295758157,0.20744468330345858,0.1400837188435071,0.23676264289849502,0.21608026861522217
2007-11-01,0.023730160616006052,0.17435045779499475,0.2039495872438132,0.14144775262785023,0.23404307865784296,0.22247896305949266
2007-12-01,0.02893952994965949,0.17570144959010953,0.20633788809115647,0.13788922887057853,0.23644026886959593,0.2146916346289
2008-01-01,0.022144430971117894,0.17861944865442594,0.21055232091867884,0.14001993828125078,0.23178894865152946,0.21687491252299695
2008-02-01,0.17433420497735266,0.18959301427743178,0.16434911955236126,0.12230730137218586,0.18758068573002434,0.16183567409064414
2008-03-01,0.11715763582464159,0.18510737405229447,0.1801035663087301,0.12906781192373717,0.20516324885853912,0.18340036303205753
2008-04-01,0.024828174097815067,0.1848668317783115,0.21287910314570632,0.13846902879346223,0.23016752509440488,0.2087893370903
2008-05-01,0.028421174795735252,0.18324466748806678,0.2065813336104927,0.1390649654929224,0.22847688267302524,0.2142109759397576
2008-06-01,0.026053014782466556,0.18287048105764755,0.20415226427784577,0.13992715033812156,0.23115759179344283,0.21583949775047567
2008-07-01,0.027251496925932952,0.18595180756127466,0.2117341128113596,0.13752878356912498,0.2297795191889775,0.2077542799433302
2008-08-01,0.06197859675165014,0.18581580876806916,0.1994765911712536,0.13322063045756113,0.22236665743545567,0.19714171541601017
2008-09-01,0.1795340020832343,0.196780785519277,0.16480504156389805,0.1212316779978204,0.18227084741219882,0.1553776454235716
2008-10-01,0.24060181982491846,0.19675075946525933,0.14882246741650904,0.11374014485293547,0.1655014981604371,0.13458331027994058
2008-11-01,0.21489894879798183,0.19709530521475807,0.15715315409208552,0.1166763430969946,0.17226634993863102,0.141909898859549
2008-12-01,0.20080716150584685,0.19954127778834926,0.16125211370417789,0.11873031767445462,0.173109124041758,0.14656000528541335
2009-01-01,0.23715671730932766,0.20158734674213644,0.15131924479805103,0.1147510884369148,0.16179131815854275,0.13339428455502725
2009-02-01,0.09293462198515229,0.19073671892217292,0.19323038317937188,0.13031339902146377,0.20661285197198437,0.18617202491985485
2009-03-01,0.13016789310141147,0.1953734635668706,0.1828139957016513,0.1253030629901221,0.1955891471340403,0.17075243750590433
2009-04-01,0.09318671765078296,0.1919750691558043,0.19393957590728406,0.12998090931900266,0.20486454614647095,0.18605318182065503
2009-05-01,0.0596392412062205,0.1912833946289951,0.2039095004378195,0.13318562073604082,0.21495387465583177,0.19702836833509232
2009-06-01,0.07392128910016477,0.18951961571571335,0.19779952533572331,0.13299400420015492,0.21082403709834285,0.19494152854990085
2009-07-01,0.09878344007177262,0.18325481340510935,0.19172397231696087,0.12891856798238285,0.20954926324255752,0.18776994298121683
2009-08-01,0.05390644321463201,0.18249351108678907,0.20443618012033077,0.1352925327000094,0.2180446839006176,0.20582664897762104
2009-09-01,0.043398201586129025,0.1817946323515149,0.2112827288004148,0.1353706236675283,0.22227236014127827,0.20588145345313486
2009-10-01,0.041759296561029426,0.18535251030828853,0.2114117326775217,0.1356513873850994,0.21976063445806598,0.20606443860999488
2009-11-01,0.0382876655155794,0.18072070394944104,0.21202687429964484,0.13641011402849246,0.2231788027152684,0.2093758394915739
2009-12-01,0.03640720509929054,0.18221554532696385,0.2153983538178723,0.13599338648380013,0.22360250999058018,0.2063829992814931
2010-01-01,0.03093977356221366,0.1784527278667679,0.2173675361375187,0.13741372216880068,0.22333695429321648,0.21248928597148253
2010-02-01,0.041224645354585775,0.18103783242765262,0.21053203606140639,0.13593570358712773,0.22500923381411017,0.20626054875511718
2010-03-01,0.0457848407457159,0.17750427609165367,0.2079593539473326,0.1365011756241079,0.22255493866309736,0.20969541492809254
2010-04-01,0.03350588934675507,0.17532575132521833,0.21524350099663164,0.13770926258830476,0.22640742755388174,0.2118081681892084
2010-05-01,0.04551502561632358,0.17633958248492795,0.2104744567572857,0.13591624508978886,0.22285368623881413,0.20890100381285986
2010-06-01,0.0323406662749994,0.1810813375228771,0.2207742819230859,0.1372612585634906,0.22219449305884897,0.20634796265669794
2010-07-01,0.032947435048468095,0.1786457821731736,0.21901950655333866,0.1379193143025566,0.22194395584225393,0.2095240060802091
2010-08-01,0.02812854117930572,0.17979327826281863,0.22202314089409791,0.13774647029060305,0.22314438504858167,0.209164184324593
2010-09-01,0.028081828481229348,0.17926902017264496,0.22444711301474413,0.13776829358081674,0.22264875065961007,0.2077849940909547
2010-10-01,0.030404642919009427,0.1813185775616341,0.2205292778638349,0.1378988574322428,0.22131941180280898,0.20852923242046978
2010-11-01,0.028070800680810033,0.18038315905285524,0.2253303738635113,0.13721231558967975,0.22240254990663824,0.20660080090650548
2010-12-01,0.12312126959003047,0.18409806170803797,0.1837874171393464,0.12779438798169576,0.20038969333135087,0.1808091702495387
2011-01-01,0.10019555554000847,0.18330108524483496,0.19070326860978626,0.13024682880347255,0.20756144613322877,0.18799181566866904
2011-02-01,0.033965504209435796,0.17982878733022492,0.22272468891022348,0.13738996528805814,0.22101297367966038,0.20507808058239732
2011-03-01,0.03148605499226275,0.1760877095250769,0.21963885055212418,0.13790190540401429,0.22332638145314176,0.2115590980733801
2011-04-01,0.029871865617964632,0.18145078327850828,0.2240565515861575,0.13790296036693528,0.22163163512972262,0.2050862040207118
2011-05-01,0.02853880119893377,0.17874605139693228,0.22402541443038237,0.13735649756515247,0.2237935741156056,0.20753966129299334
2011-06-01,0.02891436345853905,0.17794863298063296,0.22186054790227178,0.13709455825663205,0.2257857114022307,0.20839618599969348
2011-07-01,0.029326871014141494,0.17660224500218333,0.22061681684179615,0.13849178433269,0.22323367902002894,0.21172860378915995
2011-08-01,0.03438370008240283,0.1776994103514874,0.2162765923493212,0.13741628959546773,0.2245603198968833,0.20966368772443755
2011-09-01,0.032865846353326116,0.17926813000367983,0.21682185219212155,0.13783441837132324,0.22445880295836151,0.20875095012118766
2011-10-01,0.028303687431813027,0.17480144952110355,0.2211226263057919,0.1382199195684786,0.22700744552840105,0.2105448716444119
2011-11-01,0.025501227100595294,0.1802446040162804,0.22068918389586575,0.13902303384151704,0.2243879100838863,0.21015404106185534
2011-12-01,0.025558344038890828,0.1736890239490221,0.22274908862007906,0.13812913492943216,0.22764811591505785,0.21222629254751818
2012-01-01,0.026880184853709726,0.17292336675746184,0.21956135057757764,0.13975818580608376,0.22616077817085958,0.21471613383430757
2012-02-01,0.024025220415453585,0.17579727711832915,0.22546047943387018,0.13877169352307153,0.22539395064999546,0.21055137885928008
2012-03-01,0.02595560920280084,0.17807062801034496,0.220850986996967,0.1392682901621536,0.2269533775892396,0.20890110803849404
2012-04-01,0.023879660835137418,0.1745502648854222,0.22583452607774213,0.1387775956545551,0.22619925023233045,0.2107587023148129
2012-05-01,0.026193866404501626,0.17721562561562915,0.22166736173927493,0.13760486410371867,0.22765189183131432,0.20966639030556117
2012-06-01,0.023594865096508464,0.1784541905473351,0.22480502154739768,0.13941377559925927,0.2248659252510636,0.20886622195843585
2012-07-01,0.02374002209686203,0.17771796203615647,0.2219744546971796,0.13991796092852696,0.2253751607245372,0.2112744395167376
2012-08-01,0.029422331307805496,0.1798571431778566,0.21402744124205503,0.14000535522672075,0.22527798305624955,0.2114097459893126
2012-09-01,0.02314414393000337,0.17555818392086892,0.2193505915757447,0.13907982049781417,0.22961525406872085,0.2132520060068479
2012-10-01,0.022882445414298302,0.17470106497488652,0.22081657791343615,0.13894361963696789,0.2307892975172209,0.21186699454319013
2012-11-01,0.026455232103793195,0.17213065590837776,0.21619665095207855,0.13813214225004997,0.23270862754314814,0.2143766912425525
2012-12-01,0.02524145910133769,0.1717461281376624,0.21074202722097524,0.1400321234748769,0.23265836792798986,0.21957989413715795
2013-01-01,0.05324083621451219,0.17845636624178407,0.20153593760658364,0.13735581417284382,0.22364698428704624,0.20576406147723003
2013-02-01,0.022514224620752917,0.17049823436937186,0.2174160212717417,0.14120972897296227,0.22986814568270844,0.2184936450824628
2013-03-01,0.03916053015921217,0.17429379684144544,0.20808152759193088,0.13674942015016514,0.23200172316208584,0.20971300209516044
2013-04-01,0.02196766745666763,0.17766423826168673,0.22327108137040633,0.14022406342071295,0.2268901648674303,0.20998278462309608
2013-05-01,0.023096683853310252,0.17244040749874762,0.2148719857921653,0.1409286465243121,0.2306109923393851,0.2180512839920796
2013-06-01,0.022167687907767897,0.17367729565330867,0.22186329473813055,0.14053683643513226,0.22785592906804375,0.21389895619761715
2013-07-01,0.023447212365385675,0.17999836479309245,0.2175264641059973,0.14005220695976914,0.22992685498586654,0.20904889678988905
2013-08-01,0.02117324569515582,0.16813133978792297,0.2222569071551726,0.14048826356296157,0.23017695350283957,0.2177732902959474
2013-09-01,0.022209160430078027,0.17071464358751598,0.22217075067009723,0.13951071723285488,0.23144800743644423,0.2139467206430097
2013-10-01,0.02228579726740047,0.1732934961049372,0.2177484352987201,0.14083391547587948,0.23096775326087715,0.21487060259218568
2013-11-01,0.021893502609659034,0.1692115505442502,0.21615390024780576,0.14111875508784286,0.23306766031237056,0.2185546311980718
2013-12-01,0.021744866484116526,0.17352993881540624,0.21863740399746284,0.1408188170591819,0.22997801144048968,0.21529096220334284
2014-01-01,0.024392857892028417,0.17851263971993583,0.21809909226429816,0.14019447410818872,0.2297641337977066,0.20903680221784232
2014-02-01,0.021987358547700984,0.16931869308417558,0.21808668792867436,0.1394818779189926,0.23277893258678628,0.21834644993367008
2014-03-01,0.021817829816759095,0.16518541114704488,0.21557359162992823,0.14117098707143286,0.23459637728111613,0.22165580305371882
2014-04-01,0.021543774740454796,0.1695000912673068,0.21496025220897338,0.14161243356839942,0.2342000383429735,0.21818340987189203
2014-05-01,0.02163789978543131,0.16840164112593112,0.22198069367532516,0.14106472183295235,0.23269871690932992,0.21421632667103008
2014-06-01,0.0212588623040852,0.16929492621817402,0.22086929862359445,0.1409786598117157,0.231314078145799,0.21628417489663154
2014-07-01,0.029034302159265724,0.16897103959443152,0.20539772080325902,0.13949364428004693,0.2355925482706874,0.22151074489230946
2014-08-01,0.0295423241012334,0.1742928050674322,0.20953433821539444,0.14013723577142617,0.23341889565055857,0.21307440119395524
2014-09-01,0.02151437996002946,0.17100644988790747,0.2190889892564427,0.14097128100977466,0.2320421207943601,0.21537677909148548
2014-10-01,0.021444950333421173,0.1698902911806245,0.21980105704227662,0.14137410971771272,0.23374661531097282,0.21374297641499213
2014-11-01,0.02287265170611307,0.16808332182389202,0.21509624942180117,0.13978999962049427,0.23431417094448134,0.219843606483218
2014-12-01,0.023901733066898405,0.171082201760472,0.21415314206880848,0.14024737277798308,0.23564218591850025,0.21497336440733766
2015-01-01,0.024570746917195862,0.1751762282866828,0.21282772742462372,0.13934962315030394,0.23540304119444677,0.21267263302674697
2015-02-01,0.06377423071563405,0.17941286431315173,0.19729626354120267,0.13707959664501912,0.2189379702468299,0.2034990745381626
2015-03-01,0.02651128929938719,0.17353721334977681,0.21024907038346935,0.1399175597050015,0.23272930009353768,0.21705556716882754
2015-04-01,0.02424280405272508,0.17224419278698747,0.20685193183365158,0.14011110670313404,0.2383911229377863,0.21815884168571545
2015-05-01,0.023828610653575253,0.1760748144681843,0.20518808292920565,0.14140269365596533,0.2338944349936355,0.21961136329943406
2015-06-01,0.022364384307306348,0.17035976033385328,0.20448493675447454,0.14124829310381518,0.24086478392697314,0.22067784157357764
2015-07-01,0.022687148980759894,0.16471134409148744,0.21036190141073013,0.140702219884547,0.23868825825936377,0.2228491273731117
2015-08-01,0.022323419247396052,0.17772538092381854,0.21409258728438943,0.1399857202671886,0.23380549295138714,0.21206739932582036
2015-09-01,0.02520399065904246,0.1722968927083891,0.2085625929598151,0.14042201074906155,0.2377253725920395,0.2157891403316523
2015-10-01,0.024605341746654994,0.17622977583611285,0.20818919539472672,0.14061129283786383,0.23192134051815633,0.21844305366648534
2015-11-01,0.021916046470370612,0.1762995915052926,0.21030427353108055,0.14133377797192181,0.23522791702814594,0.21491839349318848
2015-12-01,0.0426762435497938,0.17555077078441028,0.2000578164801022,0.13810716426936942,0.23207811066118442,0.2115298942551398
2016-01-01,0.044581640599724595,0.1730152179571053,0.19942629294430905,0.13757731046191699,0.2301872427481061,0.21521229528883803
2016-02-01,0.02303624147960782,0.1762505516904061,0.2094541713125374,0.1405835818163787,0.23583449411019974,0.21484095959087038
2016-03-01,0.028376735128459906,0.17745441257763445,0.20406869307720496,0.14090939580873618,0.2317687240946378,0.21742203931332646
2016-04-01,0.022114098756205163,0.17188955636483375,0.2111884429703,0.1406414899311994,0.2346678588564778,0.21949855312098376
2016-05-01,0.022219633320805385,0.17250668087734483,0.2124980760080626,0.14112355303307356,0.2364332957873268,0.21521876097338694
2016-06-01,0.021403131128197295,0.171525614140113,0.21207208917394815,0.14109475530849933,0.23496553649824078,0.21893887375100146
2016-07-01,0.02264693818054291,0.16851980691148258,0.2106621162519046,0.13997719579405515,0.23955375705536494,0.21864018580664973
2016-08-01,0.021382938560316044,0.175413096896607,0.21113378488096418,0.14158173589251447,0.23367294615999162,0.2168154976096066
2016-09-01,0.021476092773082295,0.17242423594276385,0.21112237890428948,0.14189427328997908,0.2346179679568555,0.21846505113302978
2016-10-01,0.020995243429272732,0.16993055738303364,0.20927634477793242,0.14183740798685263,0.23812336578755527,0.21983708063535326
2016-11-01,0.02480905982015511,0.17197952917153123,0.20923283461203623,0.1408358950027984,0.23764133781601174,0.21550134357746736
2016-12-01,0.023579714606357532,0.17055176052569768,0.2059805986668623,0.1410009981522448,0.23541255761725396,0.22347437043158375
2017-01-01,0.022873370172894897,0.17289669229771049,0.20660238567632788,0.1418618656622817,0.23693085478973525,0.2188348314010499
2017-02-01,0.024496300712405272,0.16997636254164233,0.20777936489734114,0.14047994820394247,0.23960725659386445,0.2176607670508044
2017-03-01,0.022128290187247598,0.16891460437702954,0.21053329881759492,0.14054590533332037,0.23794103134554867,0.2199368699392589
2017-04-01,0.02162252815693105,0.1640313614020958,0.21024555157968863,0.14240449371975084,0.23675470434428764,0.22494136079724605
2017-05-01,0.023059465201448952,0.17245752575924922,0.2132544044907055,0.13953233144364913,0.23647093090724192,0.21522534219770525
2017-06-01,0.021233909609518112,0.16585788711886099,0.2064136892223207,0.14270691141271538,0.2387185420374881,0.22506906059909684
2017-07-01,0.021753134210017632,0.17605883097270206,0.2123671411428378,0.14126334331258603,0.234850427916917,0.21370712244493945
2017-08-01,0.021881143694616745,0.17245498928236452,0.21036104582549042,0.14278827101792724,0.23416747129624074,0.21834707888336038
2017-09-01,0.021814409348479398,0.17120038518020103,0.20964320491385396,0.14180273500243845,0.23511698142330198,0.22042228413172518
2017-10-01,0.02713496904893237,0.16375927700290363,0.20456179709136157,0.13989939538409898,0.2413425166766922,0.22330204479601118
2017-11-01,0.021427202672532876,0.1702133607037104,0.20923274106350465,0.1422716229679931,0.23596765760066973,0.2208874149915893
2017-12-01,0.02102568704996965,0.16591559403794834,0.212834746549223,0.14201461495547657,0.23863905422514092,0.21957030318224163
2018-01-01,0.023086116643711387,0.17118254830538318,0.20899178844857652,0.1426924443879648,0.23556109316559537,0.21848600904876875
2018-02-01,0.023472442298882523,0.16560770111073148,0.20488564499595996,0.14156692033288332,0.24157114412146632,0.22289614714007652
2018-03-01,0.021811623560320043,0.16334440541094467,0.20874435086519702,0.14156936421218624,0.24245382971091142,0.22207642624044063
2018-04-01,0.023763553977676533,0.16628123284857443,0.20802232499304826,0.1423222682347995,0.23639827641043828,0.22321234353546288
2018-05-01,0.02610081915021067,0.1729512480277704,0.20216394097686702,0.14134808567861956,0.23937726536992043,0.21805864079661177
2018-06-01,0.021424048807578065,0.16526311433920743,0.2123403934738898,0.14110682168839891,0.2385739142970605,0.22129170739386533
2018-07-01,0.022189622442363895,0.1704787458732807,0.21064378352396765,0.141738798873367,0.23686341819575196,0.21808563109126886
2018-08-01,0.021149226168092575,0.16451699920479032,0.2108858388359125,0.14223544664676904,0.2384450904969118,0.22276739864752387
2018-09-01,0.023049550517249395,0.17053057520986292,0.20779551974592417,0.1418385447623516,0.23684135897185932,0.21994445079275274
2018-10-01,0.0212513936364985,0.1728125616564439,0.2112888578053325,0.142078173430855,0.2359971573321592,0.21657185613871083
2018-11-01,0.024951678112704684,0.16928581074597132,0.20854624316421297,0.1401005509618308,0.23969310684398892,0.2174226101712911
2018-12-01,0.023286703372540442,0.17400625588365853,0.21045346055168354,0.1409274876958894,0.23432512010767073,0.21700097238855726
2019-01-01,0.02347494883789884,0.17426264420970178,0.20944015971860597,0.1413332473780991,0.23704921388409628,0.2144397859715981
2019-02-01,0.024609861694832043,0.17814872236023568,0.20771537139777996,0.14133307621982577,0.23157527131196853,0.21661769701535805
2019-03-01,0.02112862047383134,0.17250660050844194,0.21293961623512994,0.1412889410316813,0.23393461167031943,0.21820161008059613
2019-04-01,0.023158557990967513,0.17502736105855848,0.2061546845859799,0.14169699234506605,0.2378391938544191,0.21612321016500888
2019-05-01,0.02425812834796737,0.1722796365075181,0.208857604675885,0.13973196471339455,0.2387628728746712,0.21610979288056384
2019-06-01,0.021643453799323024,0.17075792776130044,0.2090338255860061,0.14154942196228754,0.23851145314962524,0.2185039177414577
2019-07-01,0.023373391376014768,0.17585478367879204,0.20407913583722306,0.14144475616950233,0.2353244087464599,0.21992352419200795
2019-08-01,0.021343686164908907,0.16603548587717828,0.20345124746878288,0.14105450147288434,0.24321368895788614,0.22490139005835935
2019-09-01,0.02182183335685641,0.1764969180812137,0.20730521461795498,0.14192442923123386,0.23673740164909346,0.21571420306364747
2019-10-01,0.022839033019459432,0.17874776726948946,0.2020422353628726,0.14111467047660858,0.23722636320598942,0.21802993066558052
2019-11-01,0.022220416391156808,0.1660718351215551,0.202153490939772,0.14206000216127757,0.24199989913968487,0.22549435624655365
2019-12-01,0.02079734430088752,0.17384647331421602,0.20018222837906174,0.14245326241698944,0.24143982490359278,0.2212808666852524
2020-01-01,0.02458547916897486,0.17323828374528047,0.19775203779019385,0.14041575598531664,0.24248985149476748,0.22151859181546674
2020-02-01,0.02171072692904476,0.16521515241879434,0.2020260042016895,0.1417282163731544,0.24420295844878043,0.2251169416285365
2020-03-01,0.34167837614434016,0.20659539036666538,0.12109179776853088,0.10279948678258267,0.1323622775698862,0.09547267136799478
2020-04-01,0.4335676152928121,0.2144817575292247,0.09824351702789111,0.09208280464828643,0.10148479100584053,0.060139514495945165
2020-05-01,0.36486527037798805,0.2052368953234168,0.11484688686802333,0.10030224292823864,0.12496084326599757,0.08978786123633563
2020-06-01,0.3587680620491704,0.2033417376218418,0.1160900650538834,0.10103820031169282,0.1276739239908254,0.09308801097258619
2020-07-01,0.24381104668912387,0.19232013512141138,0.14418976944109568,0.11426945803450952,0.16635451729220438,0.13905507342165502
2020-08-01,0.06804573419788189,0.17121226375722567,0.18649133903401582,0.13531873605729802,0.22775259929383165,0.21117932765974703
2020-09-01,0.028179129391260434,0.17004541299922685,0.19610031236210446,0.1397748391184124,0.24114368951798332,0.22475661661101248
2020-10-01,0.03478375897418153,0.16578377647387374,0.19542237108546529,0.13974528222334445,0.23988550500993835,0.2243793062331966
2020-11-01,0.022597352711639988,0.16644514843722788,0.1975918988976282,0.14228790202128397,0.2438706117747142,0.2272070861575057
2020-12-01,0.02542030969122468,0.16423682350640176,0.19600243231710052,0.1421758750741418,0.24166088222863544,0.23050367718249581
2021-01-01,0.055053587240505186,0.1716047655653781,0.1881899999762197,0.1367102234504333,0.23259352171902614,0.21584790204843757
2021-02-01,0.10770389788045921,0.18653825892355155,0.17889091182918934,0.13079613255819397,0.21057536495906692,0.185495433849539
2021-03-01,0.24522288725902894,0.19100703145490106,0.14302299830844797,0.11443891120966479,0.1667557622541859,0.13955240951377135
2021-04-01,0.14281647922966373,0.18246478708625874,0.16901039534789197,0.1270979070487567,0.2012993025194198,0.17731112876800903
2021-05-01,0.025232975927775094,0.16384919210300206,0.1966681199173003,0.14216230111270534,0.24309016701446406,0.22899724392475315
2021-06-01,0.0693046089998016,0.17556761139150498,0.1856738980720992,0.13520823943277407,0.22596350729127998,0.2082821348125402
2021-07-01,0.12091523828221062,0.1772163595143971,0.17519518140033083,0.1295688942574621,0.20996961967748307,0.1871347068681161
2021-08-01,0.022190174334950213,0.16702573460719267,0.1962698101769043,0.14228845977976393,0.24605986704805205,0.22616595405313683
2021-09-01,0.024834149338285233,0.16969474211475008,0.19769377253948267,0.14262050022958125,0.24209772884605688,0.22305910693184375
2021-10-01,0.03487217218401806,0.1636540835146022,0.1939030247685543,0.14178497321001557,0.23950815719496465,0.22627758912784524
2021-11-01,0.023695132004778782,0.16007846170404094,0.19595002589251628,0.14222296895848321,0.2467650373824287,0.23128837405775182
2021-12-01,0.024379441336439493,0.1626912383136645,0.19190749061131357,0.14265922675613996,0.24943600819853812,0.2289265947839045
2022-01-01,0.03142889955904396,0.17137378525405728,0.19306616452592137,0.14084950707690908,0.24089608102225996,0.22238556256180847
2022-02-01,0.02670298772286741,0.16371726476696777,0.1935623732932067,0.14197670992777212,0.24428485335555455,0.22975581093363148
2022-03-01,0.03671556226416753,0.16480536682040098,0.19024247940247618,0.14168867907737692,0.24052510593841622,0.22602280649716217
2022-04-01,0.04381374372272675,0.1710740334445882,0.1911301235981975,0.1375084178551159,0.23983543325648027,0.21663824812289145
2022-05-01,0.036512348620880916,0.17543828484694718,0.19321635226589579,0.1410055586333885,0.2348173643740257,0.219010091258862
2022-06-01,0.025899252440687654,0.17323864501059974,0.19552302054763943,0.14194866234150932,0.24007060316647766,0.22331981649308622
2022-07-01,0.14682539035166034,0.18195637359774977,0.16860355656914766,0.12507299753429366,0.2026475539003588,0.1748941280467899
2022-08-01,0.04175509881921799,0.17743611574214058,0.19253767602607222,0.1384569040408287,0.23360370768584438,0.21621049768589604
2022-09-01,0.029121374752148505,0.17048852055597638,0.1964920079641839,0.14169735314394144,0.23844687956136446,0.22375386402238528
2022-10-01,0.023765200712697873,0.1728128989560131,0.1991295191600786,0.14139037286580183,0.23917985759229005,0.22372215071311854
2022-11-01,0.023915324456530565,0.1770836045438825,0.20262315967862873,0.13973654406078534,0.23949528141125118,0.2171460858489215
2022-12-01,0.03052558974143574,0.17574970647918609,0.19986752514259246,0.13911090815804025,0.23806521655012136,0.21668105392862394
2023-01-01,0.055015544561893864,0.1748041697576589,0.19167905475830094,0.13785912548953694,0.2275063973262204,0.21313570810638907
