date,Regime_0,Regime_1,Regime_2,Regime_3,Regime_4,Regime_5
1959-12-01,0.037984402265718115,0.17252407914931783,0.19454360591596165,0.1798074635269781,0.19762138689881806,0.2175190622432062
1960-01-01,0.038050363754309556,0.1725198341700661,0.19643702399928434,0.1797229795470747,0.19652429482568698,0.21674550370357812
1960-02-01,0.011692151673070948,0.203143115798972,0.19190267138564682,0.19301999556419108,0.2041061601197846,0.19613590545833462
1960-03-01,0.06559039102120347,0.21387005324578834,0.18666625251568658,0.1842451661974323,0.17905251441851378,0.17057562260137557
1960-04-01,0.07268132810515815,0.18775379913668794,0.1840026038992886,0.18074801518205727,0.18649658785020423,0.1883176658266038
1960-05-01,0.02886289260781062,0.20821207652257623,0.19445673746983125,0.19782045375457089,0.18687000412150154,0.18377783552370963
1960-06-01,0.011047538755693446,0.23551097000107107,0.19485607944219901,0.20046547209010826,0.1843797795157512,0.1737401601951771
1960-07-01,0.01036300727609425,0.2259347534679909,0.19812058585347272,0.1951745683576509,0.18836316234802997,0.18204392269676117
1960-08-01,0.007627258315738077,0.22019959783495174,0.19435144486300962,0.1909916970605079,0.19505040733752624,0.19177959458826635
1960-09-01,0.012019547973431053,0.22660418154099435,0.1968590185642489,0.1987995899085613,0.180810849302514,0.18490681271025047
1960-10-01,0.01980908238299807,0.22457204067930484,0.19806282151933224,0.18206428851742604,0.19394889298296134,0.1815428739179774
1960-11-01,0.029040923308541227,0.22738015470992592,0.18847846541186464,0.19931974934154922,0.18452799320989,0.17125271401822909
1960-12-01,0.05578331380730363,0.22130061917917832,0.1862142143178103,0.18767043569242936,0.18048755963817562,0.16854385736510288
1961-01-01,0.01862469915293777,0.21716126879654066,0.19588618340766153,0.19891225018390582,0.18291421622774282,0.18650138223121135
1961-02-01,0.011037635165149863,0.22405693383762926,0.1989030444869607,0.18677875192105184,0.19085183784597406,0.1883717967432343
1961-03-01,0.009141730546976885,0.2037188236301471,0.1935013983836945,0.19754779668277228,0.1859914042817112,0.21009884647469806
1961-04-01,0.02234734527434987,0.19600404216710293,0.19942829310078433,0.18905561294691334,0.18572964289699181,0.20743506361385772
1961-05-01,0.011160664390650311,0.1890883455016997,0.20109134019885827,0.17813906476682018,0.19845680811399558,0.22206377702797592
1961-06-01,0.009399545995143352,0.1852949673581043,0.19623519036871914,0.18749614885504115,0.19444275472100686,0.22713139270198526
1961-07-01,0.011148279931615651,0.1991990885488858,0.19902867095497567,0.18303522657498858,0.2005155554731616,0.20707317851637275
1961-08-01,0.01070864551034164,0.1797675481558073,0.1942750780929828,0.19529818428246326,0.19207763776254347,0.22787290619586148
1961-09-01,0.008611800078140747,0.21238239688916424,0.19012907749008603,0.19614355582196835,0.1965126173963257,0.196220552324315
1961-10-01,0.020413830143608445,0.17903852666658518,0.19473066609663592,0.19012323934904082,0.1940411296061658,0.22165260813796384
1961-11-01,0.014306653683405605,0.1747591559912355,0.19779527752702458,0.187320586943062,0.19706249925783273,0.22875582659743954
1961-12-01,0.0068636318718730185,0.18736947385659214,0.19684319226330368,0.18854208713584955,0.20135440015180145,0.21902721472058026
1962-01-01,0.010301296972662488,0.21475822072383283,0.1931037436942005,0.1917724938668234,0.20101730242182214,0.1890469423206587
1962-02-01,0.014473019749244398,0.17933925314245072,0.1973312660500635,0.1864099252361565,0.2003959667048771,0.22205056911720777
1962-03-01,0.012998059285235631,0.19359632159773416,0.19269002243843478,0.1979105111508006,0.19401235107126605,0.20879273445652868
1962-04-01,0.007577990050423341,0.1905673254890509,0.18982896395676996,0.19664653677899865,0.19879726349518356,0.21658192022957354
1962-05-01,0.007193449740805646,0.20440479821111565,0.19259575994684777,0.19748155653652422,0.19679545974313906,0.20152897582156773
1962-06-01,0.015545511841470664,0.20789162249519896,0.19098993639519327,0.20174166718996672,0.19099654969464333,0.192834712383527
1962-07-01,0.006641787326106922,0.18860400161287294,0.1939338894050559,0.1948750905131575,0.19768192898688405,0.2182633021559227
1962-08-01,0.00827838803687509,0.2062034039807343,0.19285088665229067,0.18115033774162623,0.2114800902352298,0.20003689335324393
1962-09-01,0.006090588459859494,0.19261496813060539,0.20001984813814896,0.1754075632412408,0.21504695629114867,0.2108200757389968
1962-10-01,0.013005817490293363,0.19853653650010805,0.18320197621335993,0.226866352212449,0.17237755654730103,0.2060117610364886
1962-11-01,0.00876526238572771,0.19675694263469298,0.19120376395453287,0.1840664567963225,0.211214052139432,0.20799352208929203
1962-12-01,0.007986966945411213,0.20881793956163378,0.18635961496546818,0.20316688279910966,0.1911779631756413,0.20249063255273594
1963-01-01,0.006934576947016341,0.19459373927832777,0.20168141112974808,0.1801281387287727,0.20685893150692267,0.20980320240921232
1963-02-01,0.007033061464263055,0.19047193412091226,0.19360425702770923,0.19186845649965603,0.1970834857492805,0.21993880513817904
1963-03-01,0.004815222915705524,0.18665877751159965,0.1872966708114161,0.19991537379253888,0.19823530528273808,0.2230786496860018
1963-04-01,0.009464335596322879,0.17989649482402986,0.1868450623094174,0.19602942257565023,0.202389980902016,0.22537470379256364
1963-05-01,0.008403907468478258,0.19120674523057515,0.190195947740148,0.18520424165338453,0.2098829028589071,0.21510625504850692
1963-06-01,0.005664718238783319,0.19087925890387572,0.19099548196655533,0.1895030766483868,0.2145674679298948,0.20838999631250404
1963-07-01,0.0050472028168557235,0.20080715415477396,0.184082252699663,0.2030969275913752,0.19951432112246562,0.2074521416148665
1963-08-01,0.006809456287433288,0.19518229121542838,0.18558516779981113,0.20091282552731993,0.19844858300258977,0.21306167616741742
1963-09-01,0.010033405646409827,0.18597909352266725,0.1822860755242751,0.20631974472156592,0.1972718594677257,0.2181098211173561
1963-10-01,0.007255508726041443,0.18077384825792003,0.18538531320621957,0.17890254201102057,0.21956962726860713,0.22811316053019123
1963-11-01,0.0047721336710042205,0.20304534880463018,0.18248310144241411,0.20180416945348148,0.20498892999810436,0.20290631663036546
1963-12-01,0.006534311890938471,0.19429695856543186,0.1900780497163905,0.18985154749998967,0.20915856439107502,0.21008056793617455
1964-01-01,0.013840422845728236,0.1917144917921816,0.18676589927861642,0.19360215119059485,0.19558260527004007,0.2184944296228388
1964-02-01,0.008352065895466566,0.17759252181823273,0.1789954285268683,0.20793027988199875,0.20327419719720635,0.22385550668022733
1964-03-01,0.004815189096758801,0.20575271428267275,0.18721871503368956,0.1919114797362037,0.20695364964665752,0.20334825220401775
1964-04-01,0.014682468153040182,0.1730010016448519,0.19529908401811066,0.1888281423755113,0.2000937458098419,0.2280955579986442
1964-05-01,0.006247237888157841,0.1859958093254693,0.1911352047374881,0.19503550463155203,0.19748985374324926,0.22409638967408346
1964-06-01,0.005336053042191745,0.1969824955802667,0.19251869635952806,0.18933128940734095,0.20866122728566278,0.20717023832500966
1964-07-01,0.007815026133818934,0.17771036800569867,0.1914901000851871,0.19325325951303565,0.20060894167372093,0.2291223045885388
1964-08-01,0.00735290404315044,0.1852001452476158,0.18936626608265772,0.20002174650027937,0.20233597254930696,0.2157229655769897
1964-09-01,0.00724750980714262,0.18196230347508302,0.19369633496689695,0.19003244619514228,0.20762077732837597,0.2194406282273593
1964-10-01,0.03981970636623755,0.21113653982737685,0.18393633962694264,0.19849350541876812,0.18846186749020777,0.17815204127046694
1964-11-01,0.0668674992980329,0.16097570177229004,0.18937953009588185,0.17782966690937815,0.19164002997039573,0.21330757195402128
1964-12-01,0.016650764884561263,0.17204740841180757,0.19715368929133925,0.18634164223170455,0.20026117554250392,0.22754531963808344
1965-01-01,0.009506926182284492,0.17337995065167336,0.200823710209501,0.19265106671776538,0.20014860636672785,0.22348973987204787
1965-02-01,0.0100362704894777,0.19516733356418026,0.19442525437535685,0.20133025142517746,0.19121952549977958,0.20782136464602827
1965-03-01,0.009935371164604759,0.16828473421942497,0.20011105403306534,0.18875521668449569,0.2046740852306133,0.22823953866779587
1965-04-01,0.007774207518453207,0.1888471097151173,0.19694362576910196,0.19062201545625918,0.20238543908664872,0.2134276024544197
1965-05-01,0.012444167812364406,0.18066111524092818,0.1965303815500656,0.1913362400495796,0.20283391728486036,0.21619417806220184
1965-06-01,0.008072281123111341,0.1891452178089517,0.19570249803357823,0.18956693418111195,0.20298324022670658,0.2145298286265403
1965-07-01,0.018252391336203638,0.17388142583965638,0.19028320202358015,0.20867087785384053,0.1860805839055133,0.22283151904120596
1965-08-01,0.009201716837033079,0.19478969930538473,0.19455941935018237,0.195423891259811,0.19988814856578918,0.20613712468179976
1965-09-01,0.008783358984434867,0.18529719593083518,0.19789067839521604,0.18206614121322767,0.20746081356776222,0.21850181190852414
1965-10-01,0.009836591403729061,0.1743558261939853,0.19558490615741478,0.19000583388720055,0.20089996790309755,0.2293168744545726
1965-11-01,0.008201260106826798,0.17654040974994872,0.19542851592862645,0.1941337951176565,0.20289652478932307,0.22279949430761845
1965-12-01,0.010045823094429,0.17360867583588838,0.1944995849696829,0.18376573491533676,0.21188914443265533,0.22619103675200755
1966-01-01,0.013477626362738962,0.17780799584891588,0.19498442701177637,0.20292741293069752,0.1896746600170656,0.22112787782880564
1966-02-01,0.014177999565767123,0.18184901757737432,0.20519061183371473,0.17803810796435085,0.2121275569963204,0.20861670606247248
1966-03-01,0.01796607419288129,0.1699172362276042,0.19474041267472125,0.20123557702402906,0.18923219110476514,0.2269085087759991
1966-04-01,0.012445093391764606,0.18825528532489125,0.2027654050512695,0.18783033180752823,0.20536455613127516,0.2033393282932712
1966-05-01,0.01766081752691102,0.19024990196328362,0.19849820972596374,0.2046000616411005,0.1823242152853318,0.20666679385740938
1966-06-01,0.011175780636481595,0.17781714137300583,0.20749802769268016,0.1893603690450532,0.196869450672611,0.21727923058016807
1966-07-01,0.009622455905488434,0.19568177392778127,0.21066096554193503,0.18448483173382,0.19665473668862524,0.2028952362023501
1966-08-01,0.012127855958922728,0.20181888252430244,0.21114634688152867,0.18659468134946747,0.19099741929958683,0.1973148139861919
1966-09-01,0.012126878513180643,0.19916315220902223,0.2127734935704271,0.19880209918501648,0.17726622849725868,0.1998681480250949
1966-10-01,0.010622795354204977,0.19864137639455418,0.2248051522477637,0.18980542298156652,0.17765770154501512,0.19846755147689552
1966-11-01,0.011977930655059294,0.2150233493321945,0.2130537838074842,0.20028550283955893,0.1763561865825709,0.18330324678313215
1966-12-01,0.009798832060027855,0.2126049798309023,0.21556921001325735,0.19545001581483276,0.17681357560738376,0.18976338667359607
1967-01-01,0.013502419768351412,0.20042708751528113,0.20853822448846715,0.1921386213633186,0.18582294373705405,0.19957070312752762
1967-02-01,0.0104936551395713,0.2260533214717111,0.20527837670848806,0.1938835205595764,0.19095050317789522,0.17334062294275787
1967-03-01,0.007371644097153969,0.21768250009924903,0.2069418634315748,0.20120615845883996,0.17866434370600176,0.18813349020718056
1967-04-01,0.007072118877099749,0.2016962950047267,0.2087519376704094,0.18119787703890838,0.19590848346649503,0.20537328794236093
1967-05-01,0.008620609981909541,0.21852658461297397,0.19547305290299608,0.1993517396133022,0.192514417820117,0.1855135950687013
1967-06-01,0.006205406454216104,0.20449153408546558,0.19903380819051386,0.17890422936598843,0.2069366488279896,0.20442837307582634
1967-07-01,0.008510271670031822,0.2090848482618113,0.1926434846966191,0.20465666663449372,0.19005585322424334,0.1950488755128007
1967-08-01,0.014266565358427982,0.1781598154730976,0.19704861214557837,0.18535135886676324,0.19918989404725282,0.22598375410887991
1967-09-01,0.006985948661532153,0.2070964933536508,0.18917165686441845,0.19973789343925755,0.1956325686350933,0.20137543904604763
1967-10-01,0.005712577746254241,0.19750313479457324,0.19235891780397948,0.1957868521547236,0.19601289486109133,0.21262562263937812
1967-11-01,0.014667944281515894,0.17121921857079886,0.19459323008298313,0.18393503412833476,0.20392061062258313,0.23166396231378414
1967-12-01,0.011282939395094749,0.17908719767475623,0.19511906338751042,0.19143990921542683,0.19601595630565305,0.2270549340215587
1968-01-01,0.023344585667550745,0.21108371014527919,0.19492622008896188,0.19176839987832056,0.19600103687137985,0.18287604734850776
1968-02-01,0.022755990681955027,0.18186953696540217,0.18885634663682205,0.19654353783022815,0.19693196865528637,0.21304261923030618
1968-03-01,0.005763657983749093,0.18869476913500036,0.18999388280977506,0.1955578481434084,0.2021244059208234,0.2178654360072436
1968-04-01,0.01134228657140692,0.1909302891507303,0.1888502218156659,0.1995145102656618,0.20381502915001323,0.20554766304652172
1968-05-01,0.010122935638235407,0.18031508461639661,0.19613594535597162,0.1961572222166042,0.19938356493073064,0.2178852472420615
1968-06-01,0.007361991365027084,0.19736226698648068,0.19690846005859924,0.1799500352738558,0.21175475398459748,0.20666249233143957
1968-07-01,0.005409565379115238,0.19991524771673486,0.1870281908582549,0.20564957812519352,0.19452399807715587,0.2074734198435456
1968-08-01,0.007112681230762461,0.19067872075060577,0.18928643865549497,0.19565786920875233,0.20392848346590753,0.213335806688477
1968-09-01,0.006576625649275929,0.17991332276431993,0.18882203653797777,0.20118642125984218,0.2049099049069021,0.21859168888168204
1968-10-01,0.009195329809107896,0.18391914050791816,0.19009859673684748,0.18871888364074524,0.21045633165831776,0.2176117176470634
1968-11-01,0.012226965520543134,0.17660854834196973,0.19076364868244286,0.19462806763457582,0.20413422685918586,0.22163854296128255
1968-12-01,0.010808644571591525,0.19571270627448004,0.18723323194023106,0.2084729223154173,0.193221797291869,0.20455069760641093
1969-01-01,0.009946843031331141,0.18365886778738652,0.18805750108512867,0.18721631476232029,0.2163972693439646,0.21472320398986888
1969-02-01,0.012489138162272043,0.18429549868407225,0.18472435353144523,0.1964609129046881,0.20307528444077108,0.21895481227675143
1969-03-01,0.008639162030641776,0.1863041783210001,0.19432630452048982,0.17529993742283784,0.22342344721333907,0.2120069704916914
1969-04-01,0.009643723218233296,0.20087322072265887,0.18325012417378472,0.21481761359689394,0.1892557721650151,0.20215954612341405
1969-05-01,0.006767312082508853,0.19754897250982065,0.18524417814320943,0.209576742157003,0.20015293038369888,0.20070986472375935
1969-06-01,0.010156827460219469,0.18877537666698524,0.19111566905061886,0.18461534500971014,0.21310483985948286,0.21223194195298353
1969-07-01,0.008691084893928908,0.1944994333645337,0.19507790669039451,0.20031208012875065,0.19087602624037522,0.21054346868201707
1969-08-01,0.005119580405055666,0.1891320137931554,0.193103783007395,0.19685795013386012,0.2033015857688305,0.21248508689170342
1969-09-01,0.005080057667269862,0.2116005566146807,0.19265310001950595,0.19502699012516822,0.2030063872513317,0.19263290832204374
1969-10-01,0.013393358112009248,0.19787516443001144,0.19367265266037118,0.19595202492745992,0.20043682212101538,0.19866997774913284
1969-11-01,0.013067100944066816,0.22050218501162827,0.1973234587387488,0.19706429947408843,0.1940901394831332,0.17795281634833454
1969-12-01,0.004703934812413012,0.21180225685108658,0.1963495328254262,0.2007407395094708,0.19768940043414612,0.18871413556745728
1970-01-01,0.02264704151996209,0.22895464419460673,0.1970437979501831,0.19992183485621084,0.18549454723153191,0.1659381342475053
1970-02-01,0.009209238530406588,0.21161058618754214,0.1959866439042133,0.1986237145355314,0.19230469029734298,0.1922651265449637
1970-03-01,0.010572482324947691,0.22033442926643776,0.1919632221576426,0.20267124961147748,0.1890335000083394,0.18542511663115516
1970-04-01,0.011746511949654061,0.22698619893550767,0.19467146114713288,0.1856097561407858,0.20079522262426222,0.1801908492026572
1970-05-01,0.022708459127577248,0.2106781229291389,0.189156681509629,0.20527177457979023,0.18477518048493582,0.18740978136892883
1970-06-01,0.005008465815804562,0.227796776761019,0.18896219313355722,0.19190836495059185,0.2046214187674392,0.18170278057158817
1970-07-01,0.0037470447240543696,0.20778775984815076,0.18151308736792132,0.19627256181541522,0.20128514182668159,0.20939440441777665
1970-08-01,0.006794619584235204,0.22731847601129818,0.1837436820522871,0.21344676840693294,0.18972547038530604,0.17897098355994057
1970-09-01,0.011160348526858408,0.22429232993395967,0.18664585451061186,0.18445684764232925,0.2116398610255944,0.18180475836064647
1970-10-01,0.07106570661980294,0.21472045766517878,0.17244511243515648,0.1903245893706183,0.18751455440481493,0.16392957950442855
1970-11-01,0.013490884231390192,0.22631738256353698,0.17880286442916649,0.20378659069144378,0.19663367491963601,0.1809686031648265
1970-12-01,0.08163394850893659,0.16531564683372255,0.1757893747607413,0.17754319777444108,0.1894678921363188,0.21024993998583963
1971-01-01,0.01049962797916481,0.1922331354905037,0.17673028637249052,0.20326134257175724,0.1987492396860889,0.21852636789999483
1971-02-01,0.00554823335240428,0.20484276558171835,0.17683159589458544,0.20132800371992007,0.20662531103546497,0.20482409041590696
1971-03-01,0.004713240550714029,0.2061155117788289,0.1661680456475476,0.20127233653858653,0.2151462006616163,0.20658466482270674
1971-04-01,0.006327759452862995,0.1879949502385202,0.17013996733804804,0.194376661303005,0.21884166075391148,0.22231900091365234
1971-05-01,0.008796731691920839,0.18606204695414316,0.1722003333311045,0.19298001471511134,0.22265414963631527,0.2173067236714049
1971-06-01,0.010171122872545247,0.1955658799313585,0.1727124267871742,0.19599015603661485,0.21048256628406795,0.2150778480882392
1971-07-01,0.013923176297551562,0.19966160221199566,0.16849794042918603,0.21072722166928387,0.2028373029518825,0.20435275644010037
1971-08-01,0.013764559406982659,0.2011008830563916,0.16907124377940996,0.19649825493377063,0.21619989405629936,0.20336516476714575
1971-09-01,0.012830871388556939,0.17323589833169453,0.17038382888708176,0.2032546891965344,0.20511020395225296,0.2351845082438794
1971-10-01,0.02295035728942483,0.18513903517330502,0.17549587069978118,0.19130658280287222,0.21324434466413272,0.211863809370484
1971-11-01,0.010650216678146848,0.1834798761006091,0.168243982668181,0.19805568355459768,0.21562943153489228,0.22394080946357312
1971-12-01,0.030808185118130053,0.18002160479626,0.17598452010823445,0.18506454936862665,0.2145347899806392,0.21358635062810957
1972-01-01,0.034272405477169934,0.1636040943326674,0.17084004862475297,0.19436104059562198,0.20720560742244087,0.22971680354734694
1972-02-01,0.01180239676984261,0.1787845425020663,0.17192763908186476,0.19026985011554085,0.22236972965874557,0.22484584187193984
1972-03-01,0.013189600809779956,0.17316811911702215,0.16561175934058728,0.2133954919511492,0.20413835235459515,0.23049667642686647
1972-04-01,0.008506295449261568,0.17031487311585458,0.17022766477284104,0.19304574117607148,0.22591715991723063,0.23198826556874075
1972-05-01,0.007008080236499345,0.17977165878131568,0.1640426003451251,0.19627027961468865,0.22977903342697906,0.2231283475953921
1972-06-01,0.007272673053914516,0.17822953059591776,0.16123616770407012,0.21105358193033535,0.21811110275927323,0.22409694395648888
1972-07-01,0.008775059761614091,0.1976212007543806,0.1673935402471343,0.19299306893652157,0.2275842261780977,0.2056329041222517
1972-08-01,0.017548984036290557,0.16348004631730462,0.1710502985205048,0.19930901718928998,0.21223233699215505,0.23637931694445496
1972-09-01,0.012672908141914985,0.17331608769017748,0.17126864057408644,0.1856449780393998,0.22997491222556454,0.2271224733288566
1972-10-01,0.027704036528947016,0.16702472650253283,0.16920710029467598,0.20624639625667138,0.20130908765344094,0.22850865276373195
1972-11-01,0.021958100827821847,0.1692804559316431,0.17566880031138676,0.18505731781150903,0.22372727977966797,0.2243080453379713
1972-12-01,0.01705886825460431,0.1688896692204062,0.16956803753478847,0.19664171910244918,0.21664738581395437,0.2311943200737976
1973-01-01,0.01801726857005755,0.17047700819285488,0.1707291908959386,0.19487781709053495,0.22145072126172055,0.2244479939888936
1973-02-01,0.03545244091743249,0.1643523079708997,0.1762317367299444,0.1840025855453257,0.2166016212633935,0.2233593075730044
1973-03-01,0.012772534875827014,0.1834315024660938,0.17340106545867218,0.18582227979770402,0.22973256898441344,0.21484004841728957
1973-04-01,0.01180455900935903,0.18794463493623137,0.1705277494888397,0.21600945455733492,0.20651899803482002,0.20719460397341502
1973-05-01,0.008604906508451414,0.1792124764239789,0.16891331662799186,0.2041900135451154,0.21458704821226154,0.22449223868220086
1973-06-01,0.007282242491572739,0.18140203913011102,0.16831328009279656,0.19984631393069952,0.2264031968833571,0.21675292747146305
1973-07-01,0.014812566323670909,0.18254075879554524,0.1703072600443333,0.22814994174161377,0.19044580421354387,0.2137436688812929
1973-08-01,0.19750463015537692,0.16243345162260536,0.15910709229329845,0.13354344806526355,0.1884343623077386,0.15897701555571714
1973-09-01,0.137825726730714,0.16441311399012137,0.1585346544282991,0.20171931864722156,0.15406618404749733,0.18344100215614667
1973-10-01,0.017178764523890565,0.18180275097566675,0.192529585544375,0.17776800400117987,0.21297758023797397,0.21774331471691388
1973-11-01,0.019421651612169178,0.18912379643203736,0.18810350340115506,0.18499300451321432,0.2101868979955268,0.20817114604589723
1973-12-01,0.014886686197038318,0.20217008956019367,0.18915873921060042,0.202651549291686,0.20106903204625778,0.19006390369422382
1974-01-01,0.04104475304177978,0.20147450675662146,0.18870550040147452,0.1764736259439906,0.20696473513764255,0.18533687871849114
1974-02-01,0.02860532999259174,0.1986577677205112,0.18397294619303686,0.19796314927315226,0.19807064601161495,0.19273016080909303
1974-03-01,0.007004966062882538,0.19886760891217548,0.186775342073597,0.20135201798574115,0.20234692819461259,0.20365313677099128
1974-04-01,0.022426814139484226,0.20709154830895887,0.18166408125175793,0.21336236233853895,0.18252419723075294,0.19293099673050706
1974-05-01,0.027473290296098418,0.18932856881504806,0.1974410445576183,0.17309844684079637,0.21055873033850253,0.2020999191519364
1974-06-01,0.010957331601558148,0.20995077910709337,0.18807818549600425,0.21322932589818713,0.18166532857258078,0.19611904932457647
1974-07-01,0.03256774368559021,0.20244063927220093,0.19425892201512807,0.18322975004932843,0.19503840717089163,0.1924645378068608
1974-08-01,0.020457871970412527,0.2150591608384099,0.2032159667495186,0.1800108096881681,0.201900417435037,0.17935577331845395
1974-09-01,0.04616196145096738,0.2076747260702294,0.19104965790199607,0.1974384005786297,0.17933900495461946,0.17833624904355785
1974-10-01,0.019793218555073617,0.22350241879553592,0.19950222734137296,0.2002911701837557,0.17952887546992077,0.17738208965434119
1974-11-01,0.09615852047724503,0.2186427425669953,0.18156091039459762,0.18408858574727738,0.17173871363987664,0.147810527174008
1974-12-01,0.23601637210200485,0.18482959728113743,0.15145864873236417,0.16074126375595257,0.14289976759640502,0.12405435053213609
1975-01-01,0.08119270433630485,0.21983214597127892,0.18598509198624874,0.1859689385184865,0.17060248850577886,0.15641863068190223
1975-02-01,0.11004140797701799,0.21455401649678782,0.18050825924562913,0.18331568853315677,0.16235969099608077,0.14922093675132753
1975-03-01,0.047428841965674005,0.2287107747143532,0.19543193539569595,0.19135703616897382,0.1742346417836756,0.1628367699716276
1975-04-01,0.02270786567111508,0.2169079710731201,0.20248843934632843,0.18372468761368946,0.18356233785488082,0.19060869844086617
1975-05-01,0.01422142465423262,0.2186036251192026,0.19765381986010128,0.19504867014192362,0.18339201464888652,0.19108044557565332
1975-06-01,0.01995873067057537,0.20907091075472528,0.20481081913763294,0.1761647515286315,0.19540876224927273,0.19458602565916217
1975-07-01,0.01790869719967562,0.19268447231624644,0.20035912758890728,0.1733914080712788,0.20156357837079938,0.2140927164530923
1975-08-01,0.01736563660044852,0.18856878245433742,0.19502888921860892,0.20980185402857265,0.1750939233620134,0.21414091433601914
1975-09-01,0.00914750872185112,0.18817475601330858,0.20506727966576282,0.17678629902524529,0.20465285029084318,0.216171306282989
1975-10-01,0.006004428962694231,0.19640769087595694,0.1957923358376441,0.19565508945704213,0.19530597320769275,0.21083448165896967
1975-11-01,0.007095099720486306,0.20549258978289459,0.1981655398008849,0.19244188640867083,0.19764164011663513,0.19916324417042833
1975-12-01,0.011941127714413685,0.18333338210914937,0.1984380617065991,0.19825055453693155,0.18767437824822025,0.2203624956846862
1976-01-01,0.015784776588137928,0.17527077470565863,0.19646759146679885,0.1944839447415333,0.19461432716950744,0.22337858532836377
1976-02-01,0.00879828765140092,0.17809106472151606,0.19212874669067262,0.2035744866332088,0.19110136697908875,0.22630604732411286
1976-03-01,0.0031479959082888107,0.1952190825941897,0.19284192920148385,0.1907843385519628,0.20105177764610163,0.21695487609797307
1976-04-01,0.008738283430005753,0.19617440148958823,0.19327464584954338,0.1875986624589406,0.20285649412184292,0.21135751265007913
1976-05-01,0.011453693905639377,0.19457918603442434,0.19840016705482638,0.18728359364274763,0.20743939077657086,0.20084396858579143
1976-06-01,0.006039265734222968,0.20963573173881253,0.1932394200558452,0.19477213837274399,0.19673032561973106,0.19958311847864446
1976-07-01,0.005070356195152472,0.19347351237425173,0.1940739154200383,0.18924154463573883,0.20537965090913393,0.21276102046568468
1976-08-01,0.004577248805727826,0.19514239951593002,0.18794595036432044,0.1978282281963109,0.20335962286225548,0.2111465502554553
1976-09-01,0.005567406502328632,0.187438773044972,0.18358844088048806,0.19248755971594086,0.2143726126715108,0.2165452071847597
1976-10-01,0.007632815498912456,0.20951123334003685,0.18133884160466524,0.199342625074551,0.20056258752528028,0.20161189695655427
1976-11-01,0.019260649816257504,0.17745133759622986,0.18699182109625742,0.19405313985679754,0.19972088356453416,0.22252216806992353
1976-12-01,0.0109951730709909,0.17873515378552385,0.18489401951288384,0.18708291680808312,0.2114270359256887,0.22686570089682973
1977-01-01,0.06477447244563944,0.1912971782922342,0.18076945368136815,0.18675397784634687,0.19098567158553148,0.1854192461488798
1977-02-01,0.07131741121749277,0.17067372556080318,0.18045209951115568,0.1743735670306126,0.19842938890441825,0.20475380777551766
1977-03-01,0.016704921688712602,0.1695759957219907,0.1754332317942318,0.20970482739400997,0.1983966141246201,0.23018440927643488
1977-04-01,0.005991630306260502,0.16854798242859734,0.17703367841200704,0.19085716230578778,0.22360591993576215,0.23396362661158526
1977-05-01,0.007029022874438977,0.17532262478490213,0.17336252739935273,0.2094240037716722,0.2061349733701163,0.2287268477995176
1977-06-01,0.007156962047207728,0.17313815460446272,0.17564541402554398,0.19451801596364268,0.21838982363225615,0.23115162972688658
1977-07-01,0.00573203761141806,0.1838700644555154,0.1700077336389022,0.20100885747644287,0.22052981088666596,0.21885149593105543
1977-08-01,0.0058154996114968315,0.18471616339233007,0.16783452079551442,0.2041445823398545,0.21518399793511664,0.2223052359256877
1977-09-01,0.006331999879702327,0.18450430785874644,0.17315061819603897,0.20042625034636263,0.21292510848773621,0.22266171523141343
1977-10-01,0.01002772541235136,0.18203868870180398,0.17575222959787276,0.19502419325045717,0.2164625940730322,0.22069456896448253
1977-11-01,0.009429509250236858,0.18282140407709588,0.1768144447206322,0.18641610075461115,0.22699074794848892,0.21752779324893487
1977-12-01,0.07430063399672535,0.1726614425779669,0.17263973081157047,0.19060100617914671,0.1902382596018747,0.199558926832716
1978-01-01,0.03863424742093498,0.2072149403748829,0.17754400172697618,0.19422492774714858,0.20299885063299744,0.17938303209705983
1978-02-01,0.0142175535471065,0.17861776856603534,0.18227236806774408,0.19474355306191815,0.20422478909978686,0.2259239676574091
1978-03-01,0.021054726607536826,0.16553939580570556,0.1835111973029537,0.18360079417690708,0.21652995651543416,0.22976392959146272
1978-04-01,0.10621267381197526,0.15887245179297615,0.16905145788537548,0.17311391763825598,0.19112905657874793,0.2016204422926693
1978-05-01,0.008257850296886398,0.18116235951944717,0.17283485326046313,0.20094192475590095,0.21700915503209958,0.2197938571352027
1978-06-01,0.008640314319995348,0.16877392136377353,0.17238185254769614,0.19590082476734574,0.22253507049603433,0.231768016505155
1978-07-01,0.006526946849035655,0.194001520641427,0.16649072493422049,0.21553168302562617,0.21049938139444418,0.20694974315524656
1978-08-01,0.009707787067817148,0.17511929801679033,0.17681792658401313,0.2032907583593339,0.2109355690396711,0.22412866093237438
1978-09-01,0.006755113290638412,0.1841948334909134,0.17873552050613745,0.184355435322764,0.22750798355365295,0.2184511138358939
1978-10-01,0.008500550864085847,0.173163177286956,0.17795151625708455,0.1931476921238024,0.22129761361414232,0.22593944985392891
1978-11-01,0.013238056718020452,0.17477823126834716,0.17448640218661518,0.20460161174520103,0.20902092462962268,0.22387477345219356
1978-12-01,0.007545247637137746,0.18158980182069645,0.17103115351259002,0.20362541244054203,0.21502444132653856,0.22118394326249532
1979-01-01,0.008794994930485453,0.20401038008907246,0.18929709842614073,0.18848615604540292,0.21432337354314032,0.19508799696575813
1979-02-01,0.007852185277406425,0.1928551986878356,0.18920902029511139,0.19278236357673983,0.21072634817476785,0.20657488398813906
1979-03-01,0.011282840220581396,0.17769350637771048,0.18494220970003483,0.19329051304967543,0.21216418467943857,0.22062674597255935
1979-04-01,0.0450215241676837,0.20776732627616484,0.17786433172665927,0.19281712574038368,0.20127840670109193,0.17525128538801651
1979-05-01,0.03062681427325161,0.17428252023952845,0.18484721129026035,0.1898876126510206,0.20546904528357351,0.21488679626236537
1979-06-01,0.0075015736696435594,0.19001537523123976,0.17402951425436503,0.2088342300367496,0.20621964544510685,0.21339966136289526
1979-07-01,0.005391178152586366,0.20039260954864077,0.1776463760455674,0.198209785678276,0.21659245118634185,0.20176759938858774
1979-08-01,0.010062884936764948,0.21559977910594122,0.1786099762831505,0.20460985397924478,0.20330537656953102,0.18781212912536752
1979-09-01,0.006639203490034412,0.19332518958948736,0.18290237723126873,0.19620074619112388,0.21368173826896342,0.20725074522912232
1979-10-01,0.005475284315222376,0.19437841688660945,0.1841197036409119,0.20425947936851094,0.20518767929671042,0.2065794364920348
1979-11-01,0.0052313982473534484,0.21681656288909076,0.18861493039724075,0.19647923807367507,0.20379323512624423,0.18906463526639586
1979-12-01,0.003488723322153366,0.20653603641742826,0.19352287112511982,0.1921413218548561,0.20667463704786873,0.19763641023257378
1980-01-01,0.010364071360072691,0.19927410911176235,0.19881228038899862,0.1760860948701834,0.21318186361780686,0.20228158065117607
1980-02-01,0.013039808683975671,0.20902308224985755,0.19736899265916966,0.20220647811844425,0.19186406335383574,0.1864975749347173
1980-03-01,0.038677793489016905,0.2108250355290068,0.19934940822306743,0.18910601825471093,0.18838863342940984,0.173653111074788
1980-04-01,0.09824595791762385,0.2124106841823435,0.17997041032288819,0.1980424670064839,0.15736021900828906,0.15397026156237165
1980-05-01,0.07122493609970926,0.2224440279736462,0.1920966338086319,0.18726448972131884,0.17722672652562838,0.1497431858710653
1980-06-01,0.019362951711991483,0.2285139433999338,0.19628673027096427,0.1990252880005763,0.18617719245843378,0.1706338941581003
1980-07-01,0.08782535218206189,0.19903466179099438,0.17944668326149796,0.18623785787030506,0.17205504624978984,0.17540039864535087
1980-08-01,0.012883493787740013,0.19278835154663823,0.19794523096025318,0.18239168726446475,0.21082325732137408,0.20316797911952975
1980-09-01,0.013350850887490082,0.18137879116226757,0.19394674526068983,0.1894835530384698,0.2034119587745106,0.21842810087657208
1980-10-01,0.010499127993855243,0.1790471939440164,0.19389308187198742,0.1904592698300608,0.20177862449716583,0.22432270186291425
1980-11-01,0.00774209427857784,0.1803196120068581,0.19674737067880627,0.1914253681517272,0.20540719965207588,0.21835835523195468
1980-12-01,0.014170517522481028,0.19326289020991852,0.19499246509500034,0.19998151775102538,0.19278293329540902,0.20480967612616582
1981-01-01,0.008970550737170393,0.212726288837063,0.19782250101347712,0.18748413440743783,0.20506561789135896,0.18793090711349275
1981-02-01,0.006176379723480981,0.21815077706246352,0.20409624684677694,0.1953575228085881,0.19846861574310878,0.17775045781558177
1981-03-01,0.0057836006502669885,0.1996368802569544,0.19834655495296238,0.21533853949422788,0.17817332706391872,0.20272109758166967
1981-04-01,0.0196871051396699,0.19615476721611952,0.19492380863164863,0.20711959384874742,0.18700832851048743,0.19510639665332719
1981-05-01,0.00917293475321242,0.19964652612789924,0.21077030874805608,0.19099512941732452,0.19513400537116088,0.1942810955823469
1981-06-01,0.026558189880463903,0.20444294395492513,0.20693105420537325,0.19111638039770776,0.1865582745083614,0.18439315705316853
1981-07-01,0.006394427143182862,0.20326637159711622,0.21972779522190153,0.17913259947874532,0.19545158225964449,0.19602722429940955
1981-08-01,0.007989859227747946,0.22164971696438668,0.2163100531237085,0.2042855889939616,0.17166115362918433,0.17810362806101104
1981-09-01,0.02112629055850023,0.21873769846740518,0.21131474665123753,0.19224750856254164,0.1852369593136845,0.17133679644663086
1981-10-01,0.029392353829338465,0.22337072203577893,0.20490161280229358,0.2048871712111754,0.167106477721407,0.17034166240000662
1981-11-01,0.01804764440568766,0.23173877438545645,0.21619614906876203,0.19185263985435488,0.1803944228458141,0.16177036943992484
1981-12-01,0.02373742656242108,0.23366292751257303,0.2079442235418058,0.20252470242144746,0.17248606979440256,0.15964465016735
1982-01-01,0.26227929596385213,0.1673751172160584,0.15118997937308826,0.1456550574907609,0.14242411608315259,0.13107643387308773
1982-02-01,0.14479585769816794,0.16911639103775852,0.18244938561459864,0.1687195351441122,0.15819770700514124,0.17672112350022137
1982-03-01,0.02169168493714056,0.22517931647280479,0.20623517173923672,0.20316293885328626,0.1737128246543688,0.17001806334316288
1982-04-01,0.022720404034646875,0.2255235431104798,0.2078391416235645,0.19143987714498056,0.18311956486887732,0.16935746921745087
1982-05-01,0.025145194788572918,0.2153660683373564,0.2083113938168726,0.17196809834820714,0.20332074320226845,0.17588850150672247
1982-06-01,0.021060443321612447,0.22574557618093855,0.21132716010816374,0.1825953943564284,0.18872840185584216,0.17054302417701472
1982-07-01,0.018081737885801724,0.21884327856302307,0.19997827695940543,0.21367644804436525,0.17060265154490786,0.17881760700249652
1982-08-01,0.01703083882616414,0.23197613648050808,0.20130925308080352,0.20975827809639971,0.1709259972072268,0.16899949630889785
1982-09-01,0.01993975042934422,0.2182697680286095,0.19952979253769235,0.1979974848031986,0.18176541159841547,0.1824977926027398
1982-10-01,0.02907159803882333,0.22530516063586015,0.19683981515606722,0.1833146027783388,0.19616892312349865,0.16929990026741185
1982-11-01,0.01565411798249307,0.22056309494931875,0.1909209427424181,0.21017238646114958,0.1792074145006243,0.18348204336399618
1982-12-01,0.013551929345187355,0.21580237207885725,0.19291880659252025,0.20926669656505686,0.18302467637467362,0.1854355190437047
1983-01-01,0.06254335756586232,0.17570440227551015,0.18828153265207487,0.1759732104448653,0.196389917550612,0.20110757951107547
1983-02-01,0.01304125626398375,0.2129251935461443,0.1831527877668928,0.2100638500171271,0.19311516190653027,0.18770175049932178
1983-03-01,0.012660226801933698,0.19075988163643562,0.19254665799505583,0.1917736136350252,0.19997346026318372,0.21228615966836578
1983-04-01,0.017757347274310033,0.1823232618878138,0.19871584695182845,0.1711651130967358,0.21746749648785854,0.2125709343014534
1983-05-01,0.007610736847162702,0.18059134085397116,0.18552896680212913,0.20841943490302162,0.19677708263284277,0.22107243796087273
1983-06-01,0.010256677757945677,0.17646616390344644,0.18584211120645422,0.19897417949951732,0.20622588779520948,0.22223497983742693
1983-07-01,0.009838216463536503,0.16677236342059978,0.19043687249067165,0.18981587214919887,0.2178783296419999,0.2252583458339932
1983-08-01,0.006626884226531551,0.17667674169963374,0.18363670886864863,0.2007799007148881,0.20981616732914865,0.2224635971611492
1983-09-01,0.012592687159222135,0.16130175551895326,0.1921711816156786,0.1947366051184832,0.20466951698395228,0.23452825360371055
1983-10-01,0.009487659564314957,0.1713438313312645,0.19059213712836692,0.20313926121086628,0.20556326223501434,0.21987384853017292
1983-11-01,0.004630501566882341,0.16682171454702607,0.18588128940681425,0.2065324117753726,0.21341688864337632,0.22271719406052834
1983-12-01,0.006784168954964158,0.17782317726773375,0.18965806360850807,0.2017845522030428,0.20591462699152144,0.2180354109742297
1984-01-01,0.01809750329933161,0.16722874529847778,0.19139126283364108,0.17564878048554192,0.22124580876455657,0.22638789931845102
1984-02-01,0.025926685267895242,0.16956980306998073,0.1797279917465151,0.2008542655320098,0.2091909818743821,0.21473027250921697
1984-03-01,0.010716489735556325,0.1824291187825154,0.18588692788693845,0.20729181055441523,0.20012109822882854,0.21355455481174615
1984-04-01,0.005618265589266341,0.17506826296123618,0.1823782388411791,0.20089874870544863,0.21827134370901807,0.2177651401938517
1984-05-01,0.005237648211725651,0.17911146822654508,0.1779679502210843,0.215013561431299,0.20360782165665062,0.21906155025269544
1984-06-01,0.005673550178578993,0.17385386228621047,0.17927816758720747,0.20427884361095414,0.21713886054344497,0.21977671579360394
1984-07-01,0.004982072254724211,0.18640212695400887,0.18748449657400454,0.1943055025887506,0.21977470706430285,0.20705109456420887
1984-08-01,0.006000756892605665,0.1968874158694153,0.18678535960539566,0.20674606412185603,0.20536996879274014,0.1982104347179872
1984-09-01,0.0037049916761496653,0.19919338264617392,0.17832720403079577,0.208720569191206,0.20890206455051422,0.20115178790516042
1984-10-01,0.004047501336260341,0.1926186888974972,0.1888683097631721,0.19370880382570116,0.2119296532687833,0.20882704290858597
1984-11-01,0.004365474375699981,0.18141905970917196,0.1762728476972307,0.20865403590205722,0.2053554448286948,0.22393313748714544
1984-12-01,0.0042247877541916725,0.19315412918403735,0.18376465078635595,0.20457072722826125,0.20977223821375524,0.2045134668333985
1985-01-01,0.005682776789154244,0.19699489531045725,0.1808051876285768,0.19317049439449244,0.22139502182636206,0.2019516240509572
1985-02-01,0.008390415276402923,0.20185575802499886,0.18749875698921867,0.18886016184069307,0.21357901641427549,0.19981589145441103
1985-03-01,0.005253491947127847,0.184328757955726,0.1737268290911824,0.2086649980530911,0.20948474189406555,0.21854118105880713
1985-04-01,0.005651403664385169,0.20799276893400745,0.17371705540634702,0.2158066068911616,0.2033700612520904,0.1934621038520083
1985-05-01,0.00665977007222243,0.1874399496890634,0.17998945175719142,0.20579317956254684,0.2067888812189415,0.21332876770003426
1985-06-01,0.005308670451976946,0.20106912048631287,0.1797056063072399,0.20219591673732162,0.2109599090350382,0.20076077698211042
1985-07-01,0.00436096198696365,0.20520330410571355,0.1755158335893362,0.20570811150015292,0.21310029766336544,0.1961114911544682
1985-08-01,0.0041746403829718975,0.1781791059089847,0.1742720603736579,0.2059279642832137,0.21462806140444282,0.2228181676467291
1985-09-01,0.007483881012200918,0.1909958200601901,0.17866538418097122,0.1983759219172536,0.21185474612798724,0.21262424670139704
1985-10-01,0.009232787416678918,0.20003687990755314,0.1823409234322605,0.1934883034351565,0.21916052334712313,0.19574058246122777
1985-11-01,0.007443592261424457,0.1870231368726799,0.1862615211339964,0.1933374162804425,0.21594298380092006,0.2099913496505368
1985-12-01,0.00841119264906579,0.1841542645656474,0.17899614320497675,0.200757234619512,0.20923242346707857,0.21844874149371937
1986-01-01,0.010832362852458588,0.1773730578064631,0.17875468167179007,0.20633413037271134,0.20766307467966022,0.2190426926169167
1986-02-01,0.023114973867172397,0.20503297804362103,0.17185883893564236,0.22742500586982073,0.18158705775111997,0.19098114553262358
1986-03-01,0.011766336125575507,0.19900729422001306,0.1725213023280547,0.2204064778096874,0.19674354484311357,0.19955504467355575
1986-04-01,0.009590379138907932,0.19111453176258372,0.17595029141228866,0.18821422034518556,0.22234777883050963,0.21278279851052465
1986-05-01,0.017870638596555934,0.19724376009939945,0.18786085968218444,0.1671636613587618,0.23186856246355142,0.19799251779954685
1986-06-01,0.009782334397558417,0.2036265482444686,0.18001089187754338,0.1962864542552581,0.2143917594601629,0.19590201176500852
1986-07-01,0.009900625370770197,0.18461096223349002,0.17190590604016479,0.22494632396898034,0.18904219473481698,0.21959398765177762
1986-08-01,0.008193997984679196,0.19703853618127307,0.18044336283954754,0.1877584427236738,0.22323642729797583,0.20332923297285063
1986-09-01,0.0141609788767541,0.1900221208100071,0.18498870777696594,0.1860628322168399,0.21385850621802271,0.2109068541014102
1986-10-01,0.008831362822015701,0.19535018451496078,0.1792655789043972,0.21368935438979605,0.19903435225524221,0.20382916711358798
1986-11-01,0.005367884332252958,0.19052126952603743,0.18214144446499395,0.19615865499015203,0.21576701883014288,0.2100437278564207
1986-12-01,0.012762335630404424,0.17835031480933905,0.17954227401960476,0.19082537694854057,0.21347995435548026,0.22503974423663095
1987-01-01,0.024556814323669456,0.20253927271688457,0.1851870360565782,0.18624370763533693,0.21669700513498552,0.18477616413254536
1987-02-01,0.02075247422986362,0.17169064838025588,0.18390971904946035,0.19983484056634734,0.1987236835332525,0.22508863424082018
1987-03-01,0.005102599394953285,0.1891591403218188,0.17373678661802333,0.20988003499751662,0.208090018915252,0.214031419752436
1987-04-01,0.005878433745154575,0.18725044837210966,0.18248515259099576,0.1904640901424105,0.21876431301981236,0.2151575621295171
1987-05-01,0.0061596997271504556,0.18208952375453044,0.18398319869594154,0.2052664083251296,0.2006503413949702,0.22185082810227766
1987-06-01,0.003895141905348032,0.18795499723601897,0.18547198065584353,0.18605904261122505,0.22272585158148553,0.213892986010079
1987-07-01,0.005441902942654323,0.17087920598294812,0.1846689869348976,0.2047880909025678,0.20264205369481583,0.23157975954211632
1987-08-01,0.0065820685057934964,0.1846411765839151,0.19084900013623313,0.18661544976210645,0.21981320192840284,0.21149910308354905
1987-09-01,0.004747329682281427,0.18473343866583863,0.180906252110754,0.2123722433732607,0.20269479103112706,0.21454594513673816
1987-10-01,0.01708699225414898,0.17844659079936365,0.19004926716030401,0.1938782669542763,0.20245471929897252,0.21808416353293453
1987-11-01,0.015453916622776573,0.19071460721481415,0.18722564350115556,0.19829304897003275,0.20421045926357817,0.20410232442764276
1987-12-01,0.006812362333880328,0.18731409743688807,0.18994637059025166,0.20518020118317887,0.1940768516296912,0.2166701168261099
1988-01-01,0.008841313041948753,0.21016914159116654,0.1986269432943831,0.1866508183609941,0.2063043772533735,0.18940740645813395
1988-02-01,0.008675151202225288,0.18517079479673942,0.18802803997612058,0.20863461375222567,0.19399519207865965,0.21549620819402932
1988-03-01,0.0076616108605446365,0.18923305908598909,0.18907641153316743,0.18763392773297563,0.21989199512076188,0.20650299566656138
1988-04-01,0.00666795533452092,0.1793588344015527,0.19372403188488568,0.17987950464963953,0.22341087881618663,0.21695879491321465
1988-05-01,0.005839035159510043,0.20313722481068694,0.18591837327166957,0.2241956501870353,0.1839387180930967,0.19697099847800142
1988-06-01,0.0041842246952976826,0.1802054482752249,0.1891474871423355,0.18746687843344004,0.22180082893389644,0.21719513251980566
1988-07-01,0.0028976815852227336,0.20247344573976506,0.18867320567291135,0.19228178574041302,0.2159284581515647,0.19774542311012308
1988-08-01,0.0050271346346262595,0.19625414773768474,0.18523162319573544,0.21142899097789497,0.19363275616853853,0.20842534728551998
1988-09-01,0.00903190866105201,0.19467229572879857,0.19349718608536895,0.1954476535313472,0.21223146242305407,0.19511949357037917
1988-10-01,0.003997822023457723,0.1748206384024313,0.1870734409655789,0.209630674046555,0.19929928847658288,0.22517813608539408
1988-11-01,0.0034651905327795413,0.1843821174730377,0.18394759505166908,0.20300760841659266,0.21280345692393735,0.2123940316019837
1988-12-01,0.004075024833060149,0.1816174914904997,0.18679269585211175,0.18917807833353853,0.21453990294143885,0.22379680654935113
1989-01-01,0.013533494656525213,0.1869636229875256,0.1908489462610221,0.18931165450230902,0.21262082084013614,0.20672146075248185
1989-02-01,0.01586794801458451,0.19953792140065557,0.19092270826286661,0.20843589260867681,0.19355578514960278,0.1916797445636136
1989-03-01,0.006596710770785431,0.1999755384762954,0.20032411096308064,0.19049462010443677,0.2054103389243489,0.1971986807610528
1989-04-01,0.005948414123448566,0.19947056142351577,0.2013925516716515,0.175948186496787,0.22074089369539815,0.19649939258919907
1989-05-01,0.007819157918306523,0.21207429720985074,0.18948555611836096,0.22795970934042847,0.1829161740613423,0.17974510535171107
1989-06-01,0.00412571022894593,0.2020469605439717,0.18794184350352575,0.22390493871841347,0.18292179873238795,0.19905874827275533
1989-07-01,0.007464390964567964,0.22085402454230832,0.1924467134638057,0.2082217461334949,0.19762997198625448,0.17338315290956866
1989-08-01,0.008339119918358283,0.18269341544129664,0.19648811993410129,0.20953326617148094,0.1876524040804536,0.21529367445430925
1989-09-01,0.007003342434703896,0.21343752399212995,0.20359967251870398,0.1820499510731212,0.21189475541900524,0.1820147545623358
1989-10-01,0.004720618903034699,0.21143737899532908,0.19820853813197617,0.1864529256214821,0.2141067804234972,0.18507375792468067
1989-11-01,0.0035571379384539787,0.19802478106601717,0.1893332224613646,0.21583688411114754,0.1840525970762803,0.20919537734673632
1989-12-01,0.0064459718630055125,0.19833469722633407,0.2016859686797479,0.18688820617492785,0.20285739167121813,0.2037877643847665
1990-01-01,0.03749337413520625,0.19575067444059413,0.18714898773441116,0.17251257140746698,0.2186132838352,0.18848110844712135
1990-02-01,0.023034246081107473,0.18321133387847974,0.18722725934648762,0.22160101012700056,0.17692492817679506,0.20800122239012955
1990-03-01,0.006617554053482539,0.19620184742580907,0.2008059737250417,0.19463504802866272,0.19529288144356582,0.2064466953234382
1990-04-01,0.007237671785845361,0.22311991456425895,0.19708020821185376,0.2102993345166543,0.18273226515342228,0.1795306057679653
1990-05-01,0.006630241064956477,0.20777098731935828,0.20490648589247681,0.1964963438606266,0.19087143991736183,0.19332450194521997
1990-06-01,0.00555709130739075,0.20316736875739813,0.2162396337636428,0.1767836868881936,0.20670517271681638,0.1915470465665584
1990-07-01,0.005097437393338401,0.22552562724186698,0.20594369204572147,0.20330498884468612,0.1823119804260197,0.17781627404836725
1990-08-01,0.020890861453543047,0.2064997736677107,0.20815605598904566,0.1726295375766885,0.20848699819549313,0.18333677311751898
1990-09-01,0.007846570183856275,0.2219162694917552,0.21071978707452885,0.19740841310998697,0.18401541338074462,0.178093546759128
1990-10-01,0.010019502232929087,0.225986943519214,0.20870338472823682,0.20219547686597542,0.18218636511095837,0.17090832754268626
1990-11-01,0.0317715259839548,0.2234770918860217,0.19251572103697281,0.21897444353627438,0.16714827716292482,0.16611294039385135
1990-12-01,0.01024460994478902,0.22495189639443863,0.21441694622752444,0.20044104380766495,0.17892014644044824,0.17102535718513473
1991-01-01,0.022621081266316418,0.22027344660855833,0.2153660766852718,0.1879706778023239,0.18513866652928626,0.1686300511082434
1991-02-01,0.025343355995435576,0.21944045525820058,0.2020568434074925,0.21172196214468528,0.1673346091060347,0.17410277408815136
1991-03-01,0.016944037779421724,0.22551071868418504,0.2082740348132919,0.19489793467238417,0.18076692271167388,0.1736063513390432
1991-04-01,0.009980140297915571,0.21344725439837905,0.21768570120388206,0.178267853613018,0.19776511605917382,0.18285393442763145
1991-05-01,0.008874481052792491,0.2049520032761182,0.2180540812301799,0.18053257437852352,0.19316094851000806,0.1944259115523778
1991-06-01,0.007357194774700313,0.208636290432357,0.21208054308984806,0.20266991023090272,0.17276455675710242,0.19649150471508953
1991-07-01,0.009996783877092607,0.2006772562021245,0.2119872635028355,0.19562050343787862,0.1859747884644129,0.19574340451565567
1991-08-01,0.006500770825690723,0.2182327517590078,0.21892377476528235,0.18742343182282165,0.19119114970922482,0.1777281211179726
1991-09-01,0.0063747294863566945,0.20011930667695618,0.22062500261327792,0.18996116919895623,0.18751667682155296,0.19540311520289996
1991-10-01,0.004538485949932004,0.22668780617928316,0.21417826300344658,0.20682157639188484,0.17196881108897427,0.1758050573864791
1991-11-01,0.006048112256431758,0.21998428301861406,0.2172036642974865,0.18269295535575336,0.19534332567279344,0.17872765939892088
1991-12-01,0.008974436886465018,0.22157439595102443,0.2053620701861417,0.21148870291762428,0.18009740954726702,0.17250298451147758
1992-01-01,0.010902169425017188,0.2161248384858161,0.20025151611009606,0.20874459609355372,0.17891176252492919,0.18506511736058776
1992-02-01,0.005582898555268171,0.20172321396530768,0.21105464686973807,0.17899553581947647,0.2038960796376279,0.19874762515258163
1992-03-01,0.004851643418205533,0.19270367437253258,0.2096052097440112,0.18758045114604355,0.19550768630737075,0.2097513350118364
1992-04-01,0.004528994279147168,0.19550708125420807,0.2185194711621918,0.19305310580865737,0.1849761500693174,0.20341519742647818
1992-05-01,0.005462735639902545,0.2063449266207583,0.2104933675987863,0.1961609149036362,0.1882936529837396,0.19324440225317696
1992-06-01,0.004279041543142853,0.218564644421635,0.21341403074940044,0.19151574267167715,0.18994230109390753,0.182284239520237
1992-07-01,0.005102578603383921,0.19262917253897224,0.21478726011075344,0.19614436769471322,0.1876357296112346,0.2037008914409426
1992-08-01,0.0054280331072397315,0.22194585774844672,0.20623204944094858,0.20551387602960852,0.1854900287396187,0.17539015493413784
1992-09-01,0.004100683492408075,0.20721144896902868,0.21113317787506464,0.19834100973129204,0.1889245372436417,0.19028914268856498
1992-10-01,0.006251505136649274,0.19369297873822444,0.21378593507701563,0.18138814416106977,0.20335672815841901,0.2015247087286219
1992-11-01,0.005711645530011011,0.19822370417534396,0.20548253462765742,0.20930785861669216,0.18456669263073852,0.1967075644195568
1992-12-01,0.012506172494777963,0.19781061973157216,0.20066910601471144,0.19851169655721576,0.18781272367747648,0.20268968152424616
1993-01-01,0.014545216039206138,0.19199992067305968,0.20707819661975074,0.19121981121332118,0.20092587166946202,0.19423098378520018
1993-02-01,0.004066700046511643,0.18952464267291871,0.21400514641083213,0.195932709979782,0.19141339648958905,0.20505740440036654
1993-03-01,0.005526397872715371,0.21628047256418184,0.21398111210962797,0.2041114336713276,0.18417315177630006,0.17592743200584726
1993-04-01,0.005854274057316518,0.18946843153943876,0.21323422553156166,0.18681229783798042,0.20227636528847534,0.2023544057452272
1993-05-01,0.008173310396265617,0.20520179826370702,0.20273648037947037,0.2073719868967541,0.18855054523397857,0.1879658788298242
1993-06-01,0.004585941453422334,0.20403127869136958,0.20381391415514097,0.21427409075673545,0.1772884497553711,0.19600632518796063
1993-07-01,0.0032643933379469634,0.1924673302370686,0.21390869020722236,0.18593199461793422,0.20200083708378985,0.20242675451603798
1993-08-01,0.0035402434745540824,0.1986876334134894,0.21023380562412283,0.1973387122141758,0.20190417750460338,0.18829542776905459
1993-09-01,0.004690571750638874,0.1864900695840349,0.20456706078750186,0.20368193823001188,0.19202709464247203,0.20854326500534054
1993-10-01,0.006018775411188914,0.18526995715716468,0.20821326685876454,0.17343211213828816,0.2196301226895851,0.20743576574500844
1993-11-01,0.0034786660305450435,0.18284917819126548,0.19727506888727317,0.22314811288940814,0.18353500008656723,0.20971397391494095
1993-12-01,0.012507292180564138,0.17976243906867412,0.19353980682606517,0.20351775520314702,0.19541347205419263,0.21525923466735694
1994-01-01,0.010093778651304513,0.1947694457033814,0.2047106013043322,0.2000648976687352,0.19641376704989202,0.19394750962235474
1994-02-01,0.004491766893417554,0.19799302115924833,0.20649793212904133,0.1848573559967617,0.21115252775437496,0.19500739606715614
1994-03-01,0.007921242682290719,0.17013513058379784,0.2018782442178089,0.19582638317075365,0.2033085957775208,0.22093040356782806
1994-04-01,0.00535434874374541,0.1767957027589129,0.19805555154030635,0.2093695222278116,0.1959016896882118,0.21452318504101198
1994-05-01,0.004826410407708838,0.17447161647041634,0.20294200294267364,0.19952287117507436,0.2100257071000578,0.20821139190406907
1994-06-01,0.004796968614216498,0.17704600186168004,0.20913233969147837,0.18522376886255837,0.21383495555108636,0.20996596541898038
1994-07-01,0.004310221310079792,0.18828971420507862,0.20421821199932927,0.20106017351373234,0.20536561796889807,0.1967560610028819
1994-08-01,0.006286874078356308,0.17380478271720343,0.20257210469486842,0.1961306220125721,0.20311826362501256,0.21808735287198702
1994-09-01,0.005250558077075528,0.18298559045809634,0.19643731154492006,0.22429027182884959,0.18911376282530093,0.20192250526575756
1994-10-01,0.005796012286479369,0.1754730129180194,0.20490470852719778,0.19824087516972128,0.20071748525322305,0.2148679058453591
1994-11-01,0.005527736652000297,0.17280840438553371,0.20476091668897214,0.18861862132264892,0.21648984052599043,0.21179448042485458
1994-12-01,0.005552099379206418,0.16657338186097043,0.20344639618124505,0.2033706529574592,0.19957313980547467,0.22148432981564406
1995-01-01,0.004673873462413627,0.18553716790667774,0.2099651299586461,0.19786291929529456,0.20783715785173892,0.19412375152522893
1995-02-01,0.004970384788078081,0.19923832111227166,0.20883093058737917,0.2036619436882369,0.19684361657237687,0.18645480325165734
1995-03-01,0.004388411393583135,0.1951576422190562,0.2105165580734254,0.2067429629399857,0.19053908225075797,0.19265534312319169
1995-04-01,0.009620721253841018,0.21321043989087213,0.2027837233613737,0.1929815829511166,0.19971128384838,0.1816922486944166
1995-05-01,0.008296498321611135,0.1961350715875935,0.20275233750427132,0.2089240969883331,0.18814903168562355,0.1957429639125674
1995-06-01,0.0037729383329769967,0.1815267358107865,0.2077004861055468,0.19974185525130742,0.19966497960099985,0.20759300489838248
1995-07-01,0.0037641783060806924,0.2128927098685121,0.198958982852335,0.21597389879547702,0.19385012702381016,0.17456010315378523
1995-08-01,0.006117839726907741,0.17553709416666397,0.20610152824459554,0.18887147519154174,0.20483591443650612,0.2185361482337849
1995-09-01,0.0043795990848107804,0.18033268651139617,0.20155686305461526,0.20477817612092108,0.19656295532573617,0.21238971990252062
1995-10-01,0.0038429776078065317,0.20368157740991208,0.2030427804304921,0.19841512287490676,0.21280628887084416,0.17821125280603847
1995-11-01,0.005359089175931568,0.19271130094532496,0.1977687453780587,0.2146413627198083,0.18808841287041567,0.20143108891046074
1995-12-01,0.00545912569600916,0.1904565170096119,0.20289293584231488,0.18769889521298783,0.21186370124503406,0.20162882499404214
1996-01-01,0.010680913697715932,0.21730824052170378,0.19467518954958238,0.19284517663012976,0.20869715318060203,0.17579332642026618
1996-02-01,0.013344094355128837,0.17442855092469653,0.1958656755760255,0.20698289722716895,0.18908351084669905,0.2202952710702812
1996-03-01,0.006997687456101666,0.20128705816764467,0.19799019787942543,0.18865547743515126,0.21018630182747183,0.19488327723420518
1996-04-01,0.010453783782788554,0.18389296192979848,0.1971895500769225,0.19686372457163293,0.20361836219982626,0.20798161743903137
1996-05-01,0.00647851728656094,0.17787730088220377,0.19480777515374934,0.2104928624752043,0.19369944334709036,0.21664410085519129
1996-06-01,0.0048513315917353495,0.17301896085189195,0.19916427808006987,0.21027953192985024,0.19651779437113048,0.21616810317532204
1996-07-01,0.0069460888695337675,0.19395364461068654,0.19544029461981222,0.19967728513139335,0.20791539382151958,0.1960672929470547
1996-08-01,0.004935261386425613,0.18246024373589034,0.1988500244598011,0.20540950063237745,0.2039316726612509,0.2044132971242546
1996-09-01,0.004646075532729455,0.17677562218936502,0.20434128520901218,0.18093438251517321,0.21900544740979963,0.21429718714392063
1996-10-01,0.0033530993077019637,0.19466130803830828,0.19896901607102208,0.2078592843608968,0.19957828306072606,0.19557900916134485
1996-11-01,0.00578554475294945,0.1724050712132441,0.2019265192149941,0.1975507376760289,0.20271554700931205,0.21961658013347138
1996-12-01,0.0033886085804705176,0.18321854103602458,0.20447317948238242,0.19987295621578585,0.20545163077536197,0.20359508390997483
1997-01-01,0.002970640935613683,0.19506463865733484,0.19710386388176274,0.2159788665502734,0.19050006716200177,0.19838192281301353
1997-02-01,0.00637119901769072,0.16738402530871202,0.19896231061511124,0.2017638021997122,0.2017453706638424,0.2237732921949314
1997-03-01,0.00431262887984673,0.17373496861500906,0.19776147192955387,0.2095370766394431,0.19739539108627593,0.21725846284987135
1997-04-01,0.005791995196730951,0.19182320783630272,0.19921778399137005,0.20623785992217036,0.20130161673490204,0.1956275363185238
1997-05-01,0.006573712193638119,0.18448051323260117,0.20053489531712756,0.2037668225097459,0.2012623992230815,0.20338165752380585
1997-06-01,0.005704788141290377,0.1842110276891056,0.20088167223229025,0.19228550564642302,0.21120445909871638,0.20571254719217438
1997-07-01,0.005202567435109008,0.17957830196866229,0.19844054406328623,0.20252546256349313,0.19797700507332422,0.21627611889612516
1997-08-01,0.0056161409551473964,0.17323477695208744,0.20649296066474426,0.18643749122148706,0.21410791849196073,0.214110711714573
1997-09-01,0.004580106355009553,0.1733142118199591,0.19769413492589358,0.1956109049116496,0.21141501581968494,0.2173856261678031
1997-10-01,0.006659125868234499,0.17274341175306543,0.19839356691464197,0.20382760601719935,0.2011033106963912,0.21727297875046764
1997-11-01,0.008054542158863733,0.1723546295059811,0.19374982689236614,0.20736955645249666,0.19821785277311849,0.22025359221717378
1997-12-01,0.007490785661840499,0.19079544817237307,0.1947234938283911,0.20951498811945687,0.20248954167483663,0.1949857425431018
1998-01-01,0.00569523051134533,0.17729739304032854,0.19369697394557744,0.2042547202006629,0.2067035405756692,0.21235214172641653
1998-02-01,0.005469968142841198,0.1850292051937835,0.18926557939612393,0.20598084509701742,0.20643665943496953,0.20781774273526452
1998-03-01,0.0045625289031216605,0.19410092660079792,0.19007713669469714,0.2067324416530503,0.20818207531449084,0.1963448908338421
1998-04-01,0.008795733454682092,0.18053402506182098,0.1957868047819469,0.19098152141386476,0.21393253288073596,0.2099693824069493
1998-05-01,0.005773182919264288,0.18623512614988036,0.19572631589315606,0.195284446148042,0.21225250108280255,0.2047284278068548
1998-06-01,0.00795023727728863,0.20688201612710916,0.18548846796441373,0.21815538108908092,0.19650761552630905,0.18501628201579856
1998-07-01,0.007233054382752485,0.2084825655062667,0.1890348221569999,0.1951910853231222,0.21628279646681262,0.183775676164046
1998-08-01,0.02456561301040538,0.16857013797995538,0.19329580670012536,0.1976284217326227,0.19813751427333173,0.21780250630355935
1998-09-01,0.012998780983617191,0.19971075103772543,0.18653308802528057,0.2097834486157203,0.19481785332873955,0.19615607800891696
1998-10-01,0.008930076439437142,0.18525688892191475,0.19149530582792856,0.18632186813719426,0.2236175050592306,0.20437835561429468
1998-11-01,0.00836800491108377,0.1917648922142524,0.18412048349900834,0.21724012977780324,0.19740104035196354,0.20110544924588863
1998-12-01,0.0061918898122832085,0.18104374397271425,0.18495573875762236,0.19989084112353533,0.2189652207794861,0.20895256555435876
1999-01-01,0.007402916268227021,0.1841448186532903,0.18873008612228484,0.19611288573386917,0.21472778342838914,0.20888150979393955
1999-02-01,0.00648891519159017,0.18162435659073184,0.1820582882038703,0.22342581292489838,0.19155893317196146,0.21484369391694794
1999-03-01,0.006395123203648509,0.19342914633272718,0.19075555470737351,0.185788748466486,0.2273832155828106,0.1962482117069541
1999-04-01,0.011187578662475224,0.1942004277235494,0.1975438368996066,0.1725343424689161,0.23062768858617663,0.19390612565927604
1999-05-01,0.013050327381738603,0.18368853115310757,0.1836629113954068,0.2293106692061204,0.1775004196248551,0.21278714123877135
1999-06-01,0.00630732787775375,0.20470604890532484,0.18575934452212933,0.21056971888857637,0.20179856473934135,0.19085899506687423
1999-07-01,0.007298263861978395,0.17996740644371934,0.19329689433310546,0.18084593417825942,0.2313261252399464,0.2072653759429911
1999-08-01,0.004576343730960747,0.17927451813856338,0.1874573718913721,0.20602583823402762,0.20678889090597052,0.21587703709910566
1999-09-01,0.00455656391657656,0.20196925026053164,0.19233786967377686,0.19659592884274188,0.22155993613568006,0.18298045117069284
1999-10-01,0.0073617691989868814,0.17163759630169753,0.1890662325873343,0.2177112075482738,0.19016826288100344,0.22405493148270395
1999-11-01,0.006241440286437999,0.1801656173798756,0.18792969684098962,0.2045652345350073,0.21077354794350028,0.21032446301418917
1999-12-01,0.009941578888458145,0.1808698564714852,0.19077950643852326,0.1902644362808604,0.2130039282915638,0.21514069362910912
2000-01-01,0.016526099252599204,0.18973634214667154,0.18780209693610037,0.20369149580516208,0.20464883387324215,0.19759513198622466
2000-02-01,0.009521352531271853,0.1897585676604831,0.19192768701035245,0.18930480837360938,0.22058538832403296,0.19890219610025037
2000-03-01,0.009938242611319172,0.18544551509336316,0.19179941497606895,0.19394883984703903,0.2134273266886837,0.20544066078352582
2000-04-01,0.022408894110570888,0.183615860126505,0.1834492088207781,0.23145166294300287,0.1730893328947044,0.20598504110443877
2000-05-01,0.016419109586209013,0.20245578950337081,0.19321251223955635,0.1868823211672189,0.21108967668377593,0.189940590819869
2000-06-01,0.023685818080929014,0.186105569538473,0.1977209168149006,0.1773039990570619,0.21622669569879074,0.1989570008098447
2000-07-01,0.010900676438580854,0.20184413975935442,0.1903162861200873,0.22839419560876126,0.1819494078253202,0.1865952942478959
2000-08-01,0.0054944189830943915,0.20971334627511234,0.18331678246524732,0.23236051061918653,0.18474349749259728,0.18437144416476195
2000-09-01,0.01597903769845881,0.1863442181989319,0.20179335783748648,0.16403727172453011,0.22916695824226926,0.2026791562983233
2000-10-01,0.012411324070711044,0.20301126580619341,0.18384516183100957,0.232268099328317,0.18196626644879288,0.18649788251497615
2000-11-01,0.005334066407832045,0.20287619537401821,0.18889242573532586,0.19874565074150158,0.2127568866526257,0.1913947750886967
2000-12-01,0.011188826282719246,0.2055815953267921,0.1897274829880848,0.19932809810746438,0.20043670338087727,0.19373729391406233
2001-01-01,0.012159547461196456,0.2091925590171733,0.1916630475377929,0.18451776911324685,0.22039040050277647,0.18207667636781394
2001-02-01,0.033961714863187574,0.20338552703684165,0.1797808710631347,0.2150646834072615,0.1824682613231264,0.18533894230644807
2001-03-01,0.010387355550873527,0.21134644873152125,0.18202201394707465,0.21729849664305795,0.19215028245434387,0.18679540267312889
2001-04-01,0.011152262106083093,0.21638134307820656,0.18829643729097012,0.18735978601805814,0.21560264537249854,0.18120752613418376
2001-05-01,0.014071630126438809,0.20836154386046624,0.18979678026516847,0.19066977222026804,0.2132710359842568,0.18382923754340155
2001-06-01,0.01166725177352668,0.21680031239757558,0.18168732867774343,0.22249884075839596,0.18578268659736286,0.18156357979539545
2001-07-01,0.01209984502440225,0.2129657866893784,0.1811516029577962,0.2282747984303418,0.18249472665300412,0.18301324024507712
2001-08-01,0.015153854835519402,0.21839071762324103,0.18890005828122364,0.18425868864162456,0.20879111830346533,0.18450556231492607
2001-09-01,0.0827378101756843,0.19584871629683417,0.17818929014658544,0.18074919422902685,0.19097878643354282,0.1714962027183263
2001-10-01,0.32586603994452584,0.1380749937834866,0.13063968890785194,0.14297923016453415,0.12927749343164857,0.1331625537679529
2001-11-01,0.03553920636805446,0.21128162416057186,0.18426940349746848,0.1901424118090227,0.19838967418388037,0.18037767998100218
2001-12-01,0.01122231969014965,0.21166355347172172,0.18694607773814856,0.20328610621719762,0.20070862343381254,0.18617331944896995
2002-01-01,0.013619756984038344,0.20029208158514208,0.19116533707589675,0.18258336259873018,0.21440643151042624,0.1979330302457663
2002-02-01,0.008716270883639824,0.20369887907537407,0.17997651236932874,0.20097143628307765,0.2100474331821327,0.19658946820644693
2002-03-01,0.008704323852911313,0.20033421296089043,0.19227594618177052,0.18207148538199963,0.2178635719709312,0.19875045965149699
2002-04-01,0.005671400055008688,0.20278993603213327,0.18951057753046574,0.19730807877115794,0.20865917766548278,0.19606082994575166
2002-05-01,0.007195930833900664,0.19793050163713627,0.17546849739598816,0.22911434165520803,0.18415684447567374,0.20613388400209326
2002-06-01,0.005901274580015861,0.19172314778253396,0.1836550175927201,0.19706028881043317,0.2125352293977191,0.2091250418365779
2002-07-01,0.007938729555246302,0.2029650283869942,0.18465220970770438,0.19518914331540557,0.21408205273927122,0.19517283629537838
2002-08-01,0.0050169783838020605,0.20383622036508892,0.18114355323066053,0.20037268486662765,0.2146323322241493,0.19499823092967156
2002-09-01,0.009364533545249003,0.2080849154594237,0.178075893206325,0.2081839192999373,0.20455685121755432,0.19173388727151078
2002-10-01,0.006914422892901144,0.20799080868085693,0.1821446251867537,0.19649326408131296,0.2135517773213232,0.19290510183685208
2002-11-01,0.006632230106229401,0.19614432683086233,0.17930615100586783,0.21080041711775313,0.200756735973376,0.20636013896591113
2002-12-01,0.008723076488197489,0.21732541417425874,0.1754009705402167,0.2075531286965256,0.20767217885042527,0.18332523125037625
2003-01-01,0.013014253258244046,0.1888144037310513,0.18842900276095917,0.17441865449911692,0.22759527399755242,0.20772841175307613
2003-02-01,0.00837429191670487,0.20875049040183924,0.18390827109828486,0.1938809106691408,0.2139697647979774,0.19111627111605267
2003-03-01,0.009065859606460792,0.2025421345677507,0.17667391003478067,0.22412040383564735,0.1909228964333196,0.1966747955220408
2003-04-01,0.06809361865047889,0.19492856187089722,0.16971817396603966,0.21774653590425447,0.16792386810284118,0.1815892415054886
2003-05-01,0.013455905041830014,0.1986431573651699,0.18606624838684804,0.18738899352629532,0.21570376824597148,0.1987419274338852
2003-06-01,0.01373708840298686,0.19960530892482028,0.18704768273604727,0.17415867430518914,0.22713516938519296,0.19831607624576347
2003-07-01,0.009587124551953685,0.19809241052687165,0.1799252312196089,0.1963882331282521,0.21466808478479438,0.2013389157885192
2003-08-01,0.007720476593874026,0.19923979837427608,0.18041633166285517,0.19333471145225684,0.22170888150296653,0.19757980041377127
2003-09-01,0.01135095828099267,0.18601611337653057,0.1802974009594261,0.20567069928597587,0.2048972565769635,0.21176757152011136
2003-10-01,0.015656612619670624,0.18897976817270798,0.17558013707454345,0.22109774438209007,0.1941367415113559,0.2045489962396319
2003-11-01,0.007209403583500693,0.1803070874039685,0.17993833600553136,0.1930806014122133,0.22301868896992233,0.21644588262486383
2003-12-01,0.005925883158707366,0.19054454823813582,0.17756785424290566,0.18688230375166176,0.23372253833330395,0.20535687227528532
2004-01-01,0.007551598246103236,0.19105819227415932,0.18352047164045027,0.18894456352930064,0.22895189137547925,0.19997328293450728
2004-02-01,0.00863733736258336,0.18204940727464133,0.17996532267539736,0.21375056515492002,0.20030679713682253,0.21529057039563543
2004-03-01,0.007975519075057062,0.18657465305870494,0.1734482062949261,0.2099645036234985,0.21235887793431055,0.20967824001350283
2004-04-01,0.007136354616927622,0.18002415504819205,0.1741234809764995,0.20625353599823198,0.21823466004622077,0.21422781331392798
2004-05-01,0.009987498127167472,0.17987890013015168,0.18311091320065856,0.18101790451989003,0.23093115496975442,0.21507362905237776
2004-06-01,0.010278585336843256,0.20191369336029513,0.17674394498012463,0.21815201132800052,0.20209046480478388,0.1908213001899526
2004-07-01,0.011027039046323583,0.1755536052698978,0.1758934841905517,0.21332172416899373,0.20482099342340196,0.2193831539008312
2004-08-01,0.00585276408155804,0.18703100709634604,0.17243956099072946,0.2038761589675722,0.22143627124190088,0.20936423762189346
2004-09-01,0.007512245445119566,0.18677590284729345,0.18149782476614945,0.19139570024134206,0.22361714836595242,0.2092011783341431
2004-10-01,0.013065539926973761,0.18507739564668746,0.18471095068390816,0.1754030280813125,0.23188484716408764,0.20985823849703047
2004-11-01,0.007826765814730493,0.19272650459317958,0.1748379631391146,0.21519342032023697,0.2051181685718408,0.20429717756089757
2004-12-01,0.032629920456999646,0.17636835139618223,0.1742882804144917,0.21679634607509451,0.18472766851204453,0.2151894331451872
2005-01-01,0.018798292647268185,0.1923374030023944,0.18125130541564358,0.19609935734668027,0.21307015537280735,0.1984434862152061
2005-02-01,0.013363674195648163,0.1805905389741171,0.1816163953766783,0.1783181762114516,0.2324842461371526,0.21362696910495224
2005-03-01,0.006094763419640183,0.19634951309378934,0.17508327586846734,0.20634043643578476,0.21785330695702954,0.19827870422528873
2005-04-01,0.006860209423197775,0.1802943148828014,0.17145374074581368,0.2070807192340764,0.21616187858451302,0.21814913712959788
2005-05-01,0.011937848886370403,0.1886442202865817,0.17084931803773779,0.2245278353777268,0.19384125080374232,0.210199526607841
2005-06-01,0.01458615533761698,0.17991347399760968,0.17979868849361424,0.1899278950676816,0.22063720088693523,0.2151365862165423
2005-07-01,0.01617440894231969,0.19430342944591059,0.1825908267592397,0.17384819034483578,0.2354105105601791,0.19767263394751522
2005-08-01,0.008084272874340154,0.1866391971441669,0.17385170512409875,0.1993647848829036,0.22056899705480584,0.2114910429196847
2005-09-01,0.08467242832350763,0.18847040475253699,0.1770694124814099,0.16518201259175938,0.21124097199673936,0.17336476985404672
2005-10-01,0.15846474305804922,0.15617212200827973,0.15402746378803603,0.198738013073074,0.1508818310032833,0.18171582706927772
2005-11-01,0.0516088007815116,0.1717550836829231,0.16935881237595113,0.22055064618237294,0.1772805288247856,0.20944612815245567
2005-12-01,0.027178037990533886,0.18628034780603803,0.18824796988786643,0.16971924218508908,0.22630725698047363,0.202267145149999
2006-01-01,0.031097139898815074,0.17694203861132254,0.18340289185416409,0.17495970327481336,0.23093440040750443,0.2026638259533806
2006-02-01,0.029979918739458346,0.18761142404115574,0.17122032000103005,0.23042913062380585,0.17792933073140157,0.20282987586314846
2006-03-01,0.01410384599200267,0.1802539597153358,0.18597017335014676,0.18499233113988914,0.22517280679380294,0.20950688300882267
2006-04-01,0.014115051974423016,0.18710014594108076,0.19080938597687386,0.17723249175070438,0.22912279582783848,0.20162012852907937
2006-05-01,0.008284422549950099,0.19152113602849352,0.17712965437707406,0.2258935589562678,0.19704163773512318,0.2001295903530912
2006-06-01,0.014039662467387463,0.18480744393020165,0.18702507668901963,0.20472979556462778,0.20493377300994234,0.20446424833882107
2006-07-01,0.010281942930011284,0.20111317546647614,0.19198914876264506,0.1900837126036409,0.21683025834750724,0.1897017618897195
2006-08-01,0.006244201313528572,0.1841923559365193,0.19095301233426404,0.2050109758452673,0.20647710314750492,0.2071223514229159
2006-09-01,0.06069903698076019,0.18226587485483386,0.17426566477825406,0.22563876374542136,0.1625503450188206,0.19458031462191003
2006-10-01,0.025823483399704188,0.19549700732522218,0.1928814839034661,0.19702662905179907,0.19972269003802676,0.1890487062817817
2006-11-01,0.04210236395191509,0.19208062243465943,0.19497756812442102,0.16968612262021862,0.21264642724611338,0.1885068956226725
2006-12-01,0.013252160289088086,0.17708758586580017,0.1988800272189378,0.1730119602322185,0.22589732188108066,0.21187094451287486
2007-01-01,0.012014252821342178,0.20059734038281085,0.18823565725415317,0.23067637044585648,0.17830890424482163,0.1901674748510157
2007-02-01,0.011595164889469003,0.19233088351034325,0.20274727550736088,0.1763836142922112,0.2153661887804108,0.20157687302020486
2007-03-01,0.014967659905393536,0.18811132373193892,0.1970422405541918,0.1936714674477082,0.2057093187570914,0.20049798960367604
2007-04-01,0.01177024585412576,0.19197693220297757,0.1949787326961313,0.21111633592697396,0.19053756121458282,0.19962019210520857
2007-05-01,0.004028736316305989,0.1932598677386331,0.20038737457872735,0.19833351238457922,0.21101141184569344,0.19297909713606085
2007-06-01,0.0035097092209454136,0.19246880457280674,0.19665416881591422,0.22663799021399722,0.18347418204778548,0.19725514512855083
2007-07-01,0.004000598766766373,0.21097632142510142,0.20343098959034586,0.20259962995269742,0.19511890572115145,0.18387355454393747
2007-08-01,0.009833235288406033,0.2015153679868041,0.1996264640824134,0.22048444114682994,0.18165104633015233,0.18688944516539416
2007-09-01,0.012092491747635055,0.20079434426543732,0.21295146127917955,0.16648432298203078,0.22060185028963386,0.18707552943608344
2007-10-01,0.004856939630808668,0.2104770907142569,0.20636022620597413,0.2136256655971572,0.1852764236627608,0.17940365418904247
2007-11-01,0.01179237937475141,0.19873353706713834,0.21348720216089692,0.16833875937329132,0.21748829924567495,0.1901598227782469
2007-12-01,0.020666858562541666,0.20124374222831426,0.19957605792359367,0.22888719148384223,0.16253330003063268,0.18709284977107543
2008-01-01,0.006995647568394935,0.20958221492236784,0.21756023529507526,0.18779823236376436,0.1962017619142485,0.18186190793614906
2008-02-01,0.3383117023482583,0.13617726297000135,0.1354263640808016,0.1347952195834752,0.12847572496109466,0.12681372605636895
2008-03-01,0.2138976884904479,0.16308994077364702,0.16389659238715126,0.15510169210555477,0.15538593370847786,0.14862815253472117
2008-04-01,0.011048850064087179,0.22269601875963135,0.21312802158348207,0.21206988350284084,0.1749855318316438,0.1660716942583148
2008-05-01,0.020544367547662767,0.21519716668767427,0.21313508379184692,0.17605886641847532,0.20062957765218842,0.17443493790215228
2008-06-01,0.01538646742947508,0.21628515761911765,0.20957611618010427,0.17809133522486204,0.20681335595595662,0.1738475675904843
2008-07-01,0.01603392991667154,0.22373529532647476,0.20951602143126896,0.2170285245669442,0.16772204969249638,0.16596417906614402
2008-08-01,0.0916496927123534,0.20180564445870425,0.18594703772174634,0.21493023324791719,0.14551053258425561,0.1601568592750231
2008-09-01,0.3489086675562445,0.14813758491748633,0.13598557869747177,0.12800267434985804,0.1276775027962749,0.11128799168266454
2008-10-01,0.4820689442363742,0.10923874363702553,0.10492929963730253,0.11568344940710713,0.08950123998637563,0.09857832309581496
2008-11-01,0.4257363042110658,0.12655180103627917,0.11878651962058827,0.12649739882872862,0.10028154532751192,0.10214643097582628
2008-12-01,0.3953990845135385,0.13979652061264325,0.13125875254884556,0.11048411176960764,0.12172647066512852,0.10133505989023651
2009-01-01,0.4747364884395521,0.1207425015536536,0.1144835788741153,0.09352143930262842,0.1081781441282896,0.0883378477017609
2009-02-01,0.16014687908858471,0.19035160075799953,0.1840967598461447,0.16432314387968278,0.1555698027034798,0.14551181372410843
2009-03-01,0.24060815107932348,0.17703924794624099,0.16254035104743758,0.16059751413901235,0.13041596827545665,0.128798767512529
2009-04-01,0.16080542218887844,0.1923840793479999,0.18668031035524116,0.15760968893670496,0.15711465953261797,0.1454058396385576
2009-05-01,0.087244263536775,0.21274907743989724,0.20181391266600643,0.1782706012623408,0.16419234118454912,0.1557298039104314
2009-06-01,0.1194091550435331,0.1989811584199792,0.19717420694005952,0.15376529059242872,0.17677180441634568,0.1538983845876538
2009-07-01,0.1730733249099478,0.17134844612628128,0.17617438019031628,0.1854067075789041,0.13268914718379912,0.16130799401075144
2009-08-01,0.07656347092512165,0.19632431915397075,0.20940538507678993,0.16114871096017325,0.18220285921932372,0.1743552546646206
2009-09-01,0.05253401493729348,0.202830016892412,0.2126177809954722,0.19382763285379898,0.1621778370630525,0.17601271725797096
2009-10-01,0.049180162294777674,0.21066199332754204,0.21718556901144107,0.17670206832751753,0.17472415294272517,0.17154605409599644
2009-11-01,0.04194433742692008,0.2031873533224528,0.21737453129408632,0.18410297053876315,0.17337889177457416,0.18001191564320357
2009-12-01,0.03695680170785795,0.20840653274147963,0.21779825865054175,0.20140519724183503,0.16039544829100086,0.17503776136728488
2010-01-01,0.026457055146443354,0.20223437473237726,0.2284576277924365,0.17780779712454334,0.17897253902038582,0.18607060618381369
2010-02-01,0.047518823219397495,0.20328406100895885,0.20940027304954234,0.20377684566013624,0.16096704968213782,0.17505294737982713
2010-03-01,0.05901747613704495,0.19119968124265807,0.2131865807037868,0.17429771774578695,0.1790804757989702,0.183218068371753
2010-04-01,0.03182958165495848,0.1949210498401815,0.22136132069283157,0.1928611246206976,0.1724486034330696,0.1865783197582612
2010-05-01,0.05813629301463421,0.18921054814726318,0.2140188606052099,0.18556230029700707,0.16732024532447434,0.1857517526114114
2010-06-01,0.02846782152923688,0.2078881937958944,0.22889870671086154,0.19264437289327532,0.1686849545737063,0.17341595049702546
2010-07-01,0.030728918789998838,0.20142800913915615,0.2308517115539594,0.17662013552671937,0.1810121047481354,0.17935912024203085
2010-08-01,0.019623520909587203,0.20745407383353776,0.23252356254960949,0.18932794252446075,0.17258764426318518,0.1784832559196196
2010-09-01,0.019376010159977176,0.20646308561363025,0.2350569775646455,0.1933945301155377,0.16850927299845386,0.17720012354775547
2010-10-01,0.024825923530327518,0.2088127567322954,0.2329492407822079,0.1773358331151454,0.18115798575743194,0.17491826008259181
2010-11-01,0.018975335358592933,0.20912364611406384,0.23447367359225346,0.19975085398645992,0.16175677717024556,0.1759197137783843
2010-12-01,0.22718892496979287,0.1563205614082258,0.1700496348206199,0.14842030764202735,0.14686052399572724,0.15116004716360695
2011-01-01,0.17690211998900995,0.16964457453557658,0.1803676381205654,0.1634304442820881,0.15255089684217446,0.15710432623058554
2011-02-01,0.032139315077434484,0.20400335034781109,0.2319827005573741,0.19133899330516327,0.16772235111484896,0.17281328959736816
2011-03-01,0.02775354762521261,0.19688172903726567,0.2312961411615737,0.1805397320788345,0.17747098504121944,0.1860578650558941
2011-04-01,0.022957867790951478,0.21021632585326122,0.23403516690720083,0.19291822013107357,0.17052281467140148,0.16934960464611146
2011-05-01,0.02009973194021107,0.20552850227291863,0.23191132797808497,0.20278300503366106,0.16114071690966444,0.17853671586545966
2011-06-01,0.020765625908632034,0.20408125899867788,0.22665349288438968,0.21078420013770524,0.1565937699392291,0.18112165213136608
2011-07-01,0.023102936349799926,0.19920220211808307,0.23403504089435323,0.1768998076519738,0.18280536673398784,0.18395464625180202
2011-08-01,0.03348357564190383,0.19936666574956316,0.22290690840893332,0.19089710347927502,0.17190798716940114,0.1814377595509236
2011-09-01,0.029971553167671524,0.2037936357571782,0.22392065929166244,0.1904054988303967,0.175278045169873,0.1766306077832181
2011-10-01,0.020054486978377247,0.1974544981978864,0.22790424255010513,0.2042731771710804,0.16584484420974804,0.1844687508928028
2011-11-01,0.014052288606850122,0.21008426163565078,0.23261863053204912,0.18348255819323134,0.18495701295650174,0.174805248075717
2011-12-01,0.014169209219553188,0.19668935512421593,0.23030064219939825,0.20646632089992403,0.1629567512225314,0.18941772133437737
2012-01-01,0.01825074908399498,0.19295195102356832,0.23357206694905347,0.17659404646833565,0.19000639495905156,0.18862479151599615
2012-02-01,0.010840558235760958,0.20171438022918253,0.23677087409703843,0.19711383084409953,0.17090490707711437,0.18265544951680415
2012-03-01,0.014622815502103407,0.20613075996812935,0.22859409198838193,0.20039937695083215,0.17630822979276464,0.17394472579778858
2012-04-01,0.010496339280835156,0.1993320780368802,0.23624783703544683,0.20185045193067094,0.16761496871337825,0.18445832500278878
2012-05-01,0.01480860298432363,0.20448959531982233,0.2259763480785091,0.21454052634268791,0.15799877633606269,0.18218615093859414
2012-06-01,0.009681449685960264,0.20777528840882362,0.2367007337404258,0.19293939017509598,0.17873298930279535,0.17417014868689895
2012-07-01,0.010531662589109942,0.20569576220022123,0.2354578415672257,0.1824763154760967,0.18895845824909416,0.1768799599182522
2012-08-01,0.023166641224969284,0.20662269299843602,0.22597423768414931,0.1698614598026468,0.2019670244883145,0.17240794380148403
2012-09-01,0.00881525706349469,0.20252249626976945,0.22632260605556345,0.20370561135638648,0.17398253096709845,0.18465149828768734
2012-10-01,0.007810436907447757,0.2015119054581569,0.22506130962653587,0.21707507330217513,0.16471534195601178,0.1838259327496725
2012-11-01,0.01587465794786646,0.1939487724000785,0.21695801642971407,0.22095293678340094,0.15944659666715555,0.19281901977178456
2012-12-01,0.014621569986397074,0.1925241947350043,0.21837531832126603,0.18713736320213534,0.19258012220691392,0.19476143154828335
2013-01-01,0.07494715848264874,0.18949000935112784,0.201921475173286,0.17644620963897553,0.18681967361298657,0.17037547374097528
2013-02-01,0.009123231034906212,0.1906896342947948,0.23186049089461452,0.17568374999212344,0.2004324195012739,0.19221047428228707
2013-03-01,0.04302974281475543,0.19146209929853214,0.20095897410600402,0.22701941125414216,0.15269582461744421,0.18483394790912197
2013-04-01,0.006191847495681374,0.20739496220601525,0.23456534732803927,0.19423434199616157,0.18396776436318849,0.1736457366109141
2013-05-01,0.010059657219305115,0.19488182091134412,0.22687343358455617,0.17909761564635593,0.1997192860724575,0.18936818656598114
2013-06-01,0.007486557544271678,0.19814784379422784,0.2351501397375952,0.18620067364091222,0.1891550288391087,0.18385975644388458
2013-07-01,0.008701031835513968,0.2126737059585636,0.22227639006315944,0.2068554234887172,0.1815163913128975,0.16797705734114843
2013-08-01,0.005889837209856096,0.18680019443438137,0.23531626486339033,0.19108125533818854,0.18358398786498856,0.19732846028919507
2013-09-01,0.006933336267783936,0.1930429984735659,0.22847183919446384,0.21420873294591286,0.1667842045699967,0.19055888854827677
2013-10-01,0.007549922889472053,0.19799683197385795,0.2271728893579,0.19386514210925201,0.1898191731303633,0.1835960405391547
2013-11-01,0.007306160596811839,0.18933476993390164,0.22574164121842916,0.1928307747365124,0.19139647045385041,0.19339018306049469
2013-12-01,0.006553224803989165,0.1984542851547453,0.22998178865459898,0.18838578668481026,0.1921443796301708,0.18448053507168555
2014-01-01,0.010946077104705212,0.20879280469172165,0.2233531156301667,0.2061017938066204,0.1814189194532072,0.1693872893135789
2014-02-01,0.0071000964305854754,0.18973350892593913,0.22515399231976232,0.2050828163735688,0.17387123265414273,0.19905835329600147
2014-03-01,0.007687789885998207,0.18056379346559312,0.22539493385215242,0.19298266974110362,0.19016964542080736,0.2032011676343453
2014-04-01,0.00639712101073871,0.1905311243928106,0.22340085703857707,0.1953268142158327,0.19412423944514662,0.19021984389689425
2014-05-01,0.006030586973125069,0.18849845226368536,0.22967338285016475,0.2105887962771601,0.17702951519585428,0.18817926644001037
2014-06-01,0.005703057272955956,0.18983034871233131,0.2318232500012068,0.19614737426245332,0.18542179972186387,0.19107417002918867
2014-07-01,0.022997627252110648,0.18477176858929972,0.20801722486837707,0.19557668055127345,0.1869469562268828,0.20168974251205637
2014-08-01,0.022819716476322596,0.19679244297474088,0.2105984205338017,0.20584503302486962,0.18466368707690045,0.17928069991336482
2014-09-01,0.005908811025105891,0.19377353285824794,0.22794451239823219,0.19998456078781973,0.18548290622244168,0.18690567670815245
2014-10-01,0.005357658468595359,0.1922087492469347,0.22584894556967194,0.21251659863690534,0.18025143388380127,0.18381661419409134
2014-11-01,0.009256652997192437,0.1866474775657337,0.2211075256831626,0.20402680874040185,0.17774893939215677,0.2012125956213525
2014-12-01,0.010430040247570393,0.19377151288748512,0.21508281800366874,0.21957202720336866,0.1742506506505773,0.1868929510073297
2015-01-01,0.011104273057131414,0.2027093154773775,0.21030873308392392,0.22759359158207856,0.16755943020554223,0.18072465659394646
2015-02-01,0.09864049113527977,0.1838406227977662,0.20036706368765492,0.1516486353847457,0.19968762705571153,0.16581555993884192
2015-03-01,0.016865638004521663,0.19612128606532608,0.2153923703499376,0.19395024447217926,0.1893042819468265,0.1883661791612089
2015-04-01,0.011259522921744347,0.1963339335427922,0.20475259732222498,0.21756126592215508,0.18052231072312921,0.18957036956795417
2015-05-01,0.011413972541622835,0.2029178093148838,0.2128316314523162,0.17670243101594985,0.212704535618152,0.1834296200570754
2015-06-01,0.0075348963241630325,0.19356313587360727,0.20272982720812593,0.2146439126153056,0.1900578574071727,0.19147037057162558
2015-07-01,0.009129421695395505,0.1801398058465902,0.21337661946282938,0.20919482419686905,0.1824696785662951,0.20568965023202068
2015-08-01,0.006252293234977741,0.2091396420280337,0.21502683322039556,0.21713883388289418,0.177499204568064,0.1749431930656349
2015-09-01,0.013151365712471622,0.19603853029787696,0.20637118425524595,0.22030862690337774,0.17945378149206304,0.18467651133896468
2015-10-01,0.013025415090319164,0.2024926753657717,0.2166971868660948,0.1778141988773011,0.2050800500145019,0.18489047378601145
2015-11-01,0.006060935446321339,0.20598484846350637,0.21335017132525824,0.2039873479269082,0.19463347433693248,0.17598322250107332
2015-12-01,0.0514762453158199,0.1913714276111817,0.19506005685396824,0.2026622633406673,0.17944063931023752,0.17998936756812525
2016-01-01,0.05667980909642979,0.1834469268192759,0.19869467556656484,0.18533288271271384,0.18426144150321147,0.19158426430180422
2016-02-01,0.008266899060445618,0.205503091791041,0.2098945781046306,0.21142954254584306,0.1866974023941447,0.17820848610389517
2016-03-01,0.021293766888836708,0.20283730381495302,0.21147802194229293,0.17189816222589765,0.21287961536607117,0.17961312976194835
2016-04-01,0.007469504601927138,0.19537825836627754,0.21742155250773817,0.19531747648976164,0.19226988857135202,0.19214331946294336
2016-05-01,0.006750352284250103,0.19797038516453133,0.2140176744768556,0.21513369940150862,0.1840296654443873,0.18209822322846714
2016-06-01,0.005869549641043452,0.19517406936270976,0.21852829322012599,0.19677214056631417,0.19349019965563977,0.19016574755416693
2016-07-01,0.00776476427925005,0.18961350432848767,0.20784951820785913,0.2296460484092734,0.1690711761918144,0.19605498858331524
2016-08-01,0.0055600054034851375,0.2034974618847441,0.21854272301234784,0.18981030664367526,0.20257514995756282,0.18001435309818478
2016-09-01,0.006156343660284192,0.19691287671381275,0.21904717777971267,0.18933967425547568,0.20323963228951997,0.18530429530119472
2016-10-01,0.004913627734386415,0.19269793289269058,0.21287564254472718,0.20398485177288572,0.19555592059345636,0.18997202446185368
2016-11-01,0.012351715283581602,0.1955647139233847,0.20787843615983226,0.21884032485051533,0.1820903034756308,0.18327450630705536
2016-12-01,0.011510059718373294,0.19095085675817533,0.21386415874910447,0.17991206319763964,0.20547579807203165,0.1982870635046756
2017-01-01,0.00895907480444325,0.19771486211094685,0.2105190972963546,0.1955127211094773,0.20318940225082216,0.18410484242795597
2017-02-01,0.011759750174427491,0.19170429932493932,0.20439595778319591,0.2250627981013096,0.17694561515223584,0.19013157946389186
2017-03-01,0.007211886174288709,0.18992683609255107,0.21213637387564713,0.2130731464428458,0.18149622162753334,0.19615553578713393
2017-04-01,0.007894170088285683,0.17802918288641253,0.22095625371940888,0.18147984594104483,0.2070187403979097,0.20462180696693838
2017-05-01,0.008218376784101882,0.19761138768144465,0.2117622357991254,0.22681635599237218,0.16773924080924535,0.18785240293371055
2017-06-01,0.006735857288774097,0.1827681405950886,0.21435263167527657,0.1847646811615898,0.2109441123194792,0.20043457695979183
2017-07-01,0.005528771459221622,0.20569971090067188,0.21525665749094253,0.2083421858474079,0.19029121112558936,0.17488146317616662
2017-08-01,0.007332919380157618,0.1964487207091589,0.2203590969515726,0.180189822252193,0.21382343993590341,0.18184600077101457
2017-09-01,0.007230711554790067,0.1938456037173171,0.21791066418123678,0.1858463553530486,0.20499887570118683,0.1901677894924206
2017-10-01,0.018580963477720185,0.1761511906300362,0.20116854038717746,0.22071395199802832,0.17474040305546978,0.20864495045156803
2017-11-01,0.006491544017335891,0.19206277500521707,0.21750091154224052,0.1860058593620415,0.20760978959879406,0.19032912047437095
2017-12-01,0.00510470836913307,0.18420388661418982,0.2164531729579207,0.21205638629026088,0.18776607134939355,0.19441577441910207
2018-01-01,0.009876783691536996,0.1933711031918429,0.21656999755421022,0.1867719372527292,0.2100026228583125,0.1834075554513682
2018-02-01,0.010627507283035319,0.1823390817230118,0.2044175244214626,0.2121860933995074,0.19044099913897422,0.19998879403400877
2018-03-01,0.006753854237295153,0.1789565785088504,0.20722384226379975,0.22500077876754573,0.1800845995507755,0.20198034667173348
2018-04-01,0.012276895410617262,0.18176251724598108,0.21714408676180785,0.18112797708426231,0.20903681160977935,0.198651711887552
2018-05-01,0.015517037367988817,0.1968017152968145,0.19991829438873257,0.20883632650732986,0.19591816431288367,0.18300846212625047
2018-06-01,0.006119183394880419,0.18233623583166952,0.21554419259042043,0.21256215539817477,0.18211771145869374,0.20132052132616118
2018-07-01,0.007399090802898995,0.19308072923258526,0.21462075316445162,0.20385366371569613,0.19402033094837487,0.18702543213599318
2018-08-01,0.006118495683487488,0.1803766666200555,0.2173301927868388,0.198699200226009,0.1968507172182507,0.20062472746535862
2018-09-01,0.00968234604364931,0.1922541197573145,0.21285329468507727,0.19430631073329202,0.20161722889553016,0.18928669988513672
2018-10-01,0.0051284391164287575,0.198677245765352,0.2161717138506807,0.20111256793733706,0.1982711660602775,0.18063886726992393
2018-11-01,0.012658608180114557,0.19006375619220306,0.20422806422351308,0.22984650007745439,0.17119629894481417,0.1920067723819006
2018-12-01,0.009649369565736546,0.1995340543781659,0.21553383542797494,0.19668848016171325,0.19456812213942054,0.18402613832698875
2019-01-01,0.009280844837107009,0.20127514715324515,0.2092117914150796,0.21483939902617466,0.18832336915768827,0.17706944841070535
2019-02-01,0.012841738216617517,0.20675705501090125,0.2165818185052333,0.1749135628395944,0.2121359617488373,0.17676986367881628
2019-03-01,0.0052785091552363765,0.19724826207229249,0.22084177937802524,0.19256912213159466,0.1967007671698499,0.18736156009300142
2019-04-01,0.008814323274592922,0.20298433617071512,0.20624650129436756,0.20789411847339873,0.19703008964838098,0.17703063113854467
2019-05-01,0.010766696327755084,0.19698880906527236,0.20426825201747478,0.23028041596637364,0.17011656058458569,0.18757926603853853
2019-06-01,0.005943791167746188,0.1945069285101486,0.21039152001406977,0.21111494898824998,0.19056743563886464,0.18747537568092085
2019-07-01,0.010259733615874563,0.20312100683623752,0.20985099602408377,0.182262402732633,0.21087435395395712,0.1836315068372141
2019-08-01,0.005839600560582941,0.1848325282358136,0.20117506554960002,0.2175431816479492,0.18633392366260607,0.2042757003434481
2019-09-01,0.005906437414866139,0.20669530441760967,0.20941356870310343,0.20248304149154384,0.20130296289945787,0.17419868507341896
2019-10-01,0.008202936704191494,0.21074069184269958,0.20269053118338684,0.1969055782101125,0.20429024584598515,0.17717001621362446
2019-11-01,0.00834198845378162,0.18367691089411586,0.20366486015992394,0.2007251320185144,0.20190297802191204,0.20168813045175213
2019-12-01,0.004188165666455552,0.20194230362488033,0.19974765234683503,0.20188953455529277,0.2090982035879179,0.18313414021861832
2020-01-01,0.012040175375833151,0.19885511090380376,0.19135002256416458,0.21746031098996715,0.18968743407429925,0.19060694609193213
2020-02-01,0.00676103214556812,0.1829881740639434,0.19949568301311862,0.2164037307968367,0.19153155852229467,0.20281982145823843
2020-03-01,0.7022990321640917,0.06515992484630534,0.05882417452090113,0.06386785009432884,0.05705191109232724,0.05279710728204577
2020-04-01,0.9025240782289606,0.02264055015316762,0.01947295279076194,0.02037505584972329,0.01880755157430723,0.016179811403079294
2020-05-01,0.7535744493395471,0.04665768694869567,0.050679056299325696,0.04522366755986641,0.05141167672019442,0.05245346313237066
2020-06-01,0.740438014395843,0.04653856284494038,0.05281129707771783,0.049094357757838394,0.053136734814617524,0.05798103310904291
2020-07-01,0.49027577322785093,0.09693704261279092,0.10243625375019035,0.09986513092957716,0.10166646595150916,0.10881933352808136
2020-08-01,0.1082042314064077,0.16503005821030747,0.17729669195602454,0.18000364136113844,0.1778773825461156,0.19158799452000635
2020-09-01,0.020853721803684246,0.18871906922587794,0.19228964031076015,0.20388760592941907,0.1920043153360036,0.20224564739425493
2020-10-01,0.03592693911923782,0.17499977634829655,0.19231059207538928,0.19789716431157792,0.1921088054352385,0.20675672271025988
2020-11-01,0.009249785206900337,0.18446328140206777,0.19735421252217553,0.19908702550955248,0.20767128688557096,0.2021744084737329
2020-12-01,0.016569013952140846,0.1765641488875991,0.20072150251166407,0.17686861195396525,0.21821652577602488,0.21106019691860584
2021-01-01,0.07965468421915683,0.1745318704406611,0.1798902009252316,0.1881600377254289,0.18338191813556645,0.1943812885539551
2021-02-01,0.19272384146798122,0.1732142923215787,0.16054879838844827,0.16696959454586804,0.16292280684062338,0.14362066643550045
2021-03-01,0.4935665107376698,0.09320692402781222,0.10106423592185991,0.09840642518438529,0.10340618692242162,0.11034971720585122
2021-04-01,0.27027983496373437,0.14136540039337367,0.1454459157973388,0.14786261294999906,0.1494638902827144,0.1455823456128396
2021-05-01,0.015676606071745914,0.17660385001512763,0.19828493329186173,0.1900288764326484,0.21059931766515422,0.20880641652346213
2021-06-01,0.11050840147028447,0.17364481287848488,0.17630574412685454,0.17626945733560054,0.18161041525900176,0.1816611689297739
2021-07-01,0.22276415837990743,0.14438786318597938,0.15475639083995063,0.1641772212906579,0.1528135087535807,0.16110085754992384
2021-08-01,0.007790223216410198,0.18688033119530262,0.19190289140643121,0.21236079861427085,0.2020919894143124,0.19897376615327275
2021-09-01,0.013675806998706345,0.19024711206577716,0.19719640538469146,0.19730657283289005,0.21157987123581093,0.1899942314821242
2021-10-01,0.03715361268264673,0.16950616826270848,0.19639681880928167,0.1757110086094959,0.21590201829282724,0.2053303733430399
2021-11-01,0.012311131324951818,0.17015887448339728,0.19423726078412987,0.20420641143087878,0.2026077933813868,0.21647852859525524
2021-12-01,0.012981648052619433,0.17660654693365446,0.18459157610792354,0.21677175808778976,0.2027836671993392,0.2062648036186737
2022-01-01,0.02791891869336964,0.18972365981607123,0.18895656330353894,0.19734485480365976,0.20405458952141806,0.19200141386194242
2022-02-01,0.01887383850756558,0.17564745040163307,0.19302264798038057,0.19186286466080682,0.2105379863466291,0.21005521210298486
2022-03-01,0.04098419046234592,0.17120885694231722,0.19008086385334952,0.17762610054190905,0.21728086186391543,0.20281912633616284
2022-04-01,0.05384333474235918,0.1825615006656348,0.1762091806475324,0.22596319749688606,0.1681285880661036,0.193294198381484
2022-05-01,0.03940552132564823,0.19395539730182995,0.1949978382066656,0.17015531994447258,0.21998394975272448,0.1815019734686592
2022-06-01,0.016056360311532677,0.19663001190314128,0.1963629331180483,0.18589246387634176,0.21669331107438192,0.1883649197165541
2022-07-01,0.278094906628446,0.13897067052123976,0.13694183626305168,0.17477534894647848,0.12265964824844656,0.14855758939233757
2022-08-01,0.050032491587747925,0.19552847346110197,0.18842299148952638,0.18611734685979833,0.19695755610374646,0.1829411404980788
2022-09-01,0.023649505326156353,0.1880845533735866,0.19937616299612268,0.1790474334366017,0.21609038610768877,0.19375195875984388
2022-10-01,0.011381348592009016,0.19680012104295852,0.2013363354755509,0.18838480982718048,0.20958257924334994,0.19251480581895114
2022-11-01,0.009834993304237602,0.2075998295958402,0.19673243674473798,0.22229356626425478,0.18140703765254187,0.18213213643838738
2022-12-01,0.024630070671025954,0.2002571880024979,0.1933543733691979,0.21608735835961618,0.18106639273385053,0.1846046168638114
2023-01-01,0.07997709514993719,0.1801729570126413,0.19133091631158639,0.1629825490512611,0.20222727563017773,0.1833092068443964
